Variant,Test_Year,Feature,Impurity_Importance,Rank
A,2023,numeric__Relative_Volume_20D,0.28505908662007556,1
A,2023,numeric__Stock_vs_QQQ_1D,0.1630965023388435,2
A,2023,numeric__QQQ_Log_Return_1D,0.14327769821162664,3
A,2023,numeric__RSI_14,0.11074397351663838,4
A,2023,numeric__Volatility_14D,0.09723822720505454,5
A,2023,categorical__Ticker_MSFT,0.08517357568979106,6
A,2023,numeric__Intraday_Return,0.06406827564862907,7
A,2023,numeric__QQQ_Volatility_14D,0.051342660769341256,8
A,2023,numeric__Stock_vs_QQQ_3D,0.0,9
A,2023,numeric__Stock_vs_QQQ_5D,0.0,10
A,2023,numeric__Daily_Range,0.0,11
A,2023,numeric__Price_to_SMA20,0.0,12
A,2023,numeric__QQQ_Log_Return_5D,0.0,13
A,2023,numeric__QQQ_Log_Return_3D,0.0,14
A,2023,categorical__Ticker_ADBE,0.0,15
A,2023,categorical__Ticker_AMD,0.0,16
A,2023,categorical__Ticker_AMZN,0.0,17
A,2023,categorical__Ticker_AAPL,0.0,18
A,2023,categorical__Ticker_AVGO,0.0,19
A,2023,categorical__Ticker_GOOGL,0.0,20
A,2023,categorical__Ticker_INTC,0.0,21
A,2023,categorical__Ticker_META,0.0,22
A,2023,categorical__Ticker_NFLX,0.0,23
A,2023,categorical__Ticker_NVDA,0.0,24
A,2023,categorical__Ticker_QCOM,0.0,25
A,2023,categorical__Ticker_TSLA,0.0,26
B,2023,numeric__Relative_Volume_20D,0.28505908662007556,1
B,2023,numeric__Stock_vs_QQQ_1D,0.1630965023388435,2
B,2023,numeric__QQQ_Log_Return_1D,0.14327769821162664,3
B,2023,numeric__RSI_14,0.11074397351663838,4
B,2023,numeric__Volatility_14D,0.09723822720505454,5
B,2023,categorical__Ticker_MSFT,0.08517357568979106,6
B,2023,numeric__Intraday_Return,0.06406827564862907,7
B,2023,numeric__QQQ_Volatility_14D,0.051342660769341256,8
B,2023,numeric__Price_to_SMA20,0.0,9
B,2023,numeric__Stock_vs_QQQ_3D,0.0,10
B,2023,numeric__Stock_vs_QQQ_5D,0.0,11
B,2023,numeric__QQQ_Log_Return_3D,0.0,12
B,2023,numeric__QQQ_Log_Return_5D,0.0,13
B,2023,categorical__Ticker_AAPL,0.0,14
B,2023,numeric__Daily_Range,0.0,15
B,2023,categorical__Ticker_ADBE,0.0,16
B,2023,categorical__Ticker_AMD,0.0,17
B,2023,categorical__Ticker_AVGO,0.0,18
B,2023,categorical__Ticker_AMZN,0.0,19
B,2023,categorical__Ticker_GOOGL,0.0,20
B,2023,categorical__Ticker_INTC,0.0,21
B,2023,categorical__Ticker_META,0.0,22
B,2023,categorical__Ticker_NFLX,0.0,23
B,2023,categorical__Ticker_NVDA,0.0,24
B,2023,categorical__Ticker_QCOM,0.0,25
B,2023,categorical__Ticker_TSLA,0.0,26
B,2023,binary__Has_EX99,0.0,27
B,2023,binary__Has_Event_Earnings,0.0,28
B,2023,binary__Has_Event_Guidance,0.0,29
B,2023,binary__Has_Event_Buyback,0.0,30
B,2023,binary__Has_Item_1_01,0.0,31
B,2023,binary__Has_Item_1_02,0.0,32
B,2023,binary__Has_Item_2_02,0.0,33
B,2023,binary__Has_Item_2_03,0.0,34
B,2023,binary__Has_Item_5_02,0.0,35
B,2023,binary__Has_Item_5_03,0.0,36
B,2023,binary__Has_Item_5_07,0.0,37
B,2023,binary__Has_Item_7_01,0.0,38
B,2023,binary__Has_Item_8_01,0.0,39
C,2023,numeric__Relative_Volume_20D,0.2825332406251675,1
C,2023,numeric__Stock_vs_QQQ_1D,0.16165134003196663,2
C,2023,numeric__QQQ_Log_Return_1D,0.14200814597781267,3
C,2023,numeric__RSI_14,0.10976269547606142,4
C,2023,numeric__Volatility_14D,0.09637662061797811,5
C,2023,categorical__Ticker_MSFT,0.08441887133155114,6
C,2023,sentiment__Mean_Net_Sentiment,0.07236136121727493,7
C,2023,numeric__QQQ_Volatility_14D,0.05088772472218762,8
C,2023,numeric__Stock_vs_QQQ_5D,0.0,9
C,2023,numeric__Stock_vs_QQQ_3D,0.0,10
C,2023,numeric__Daily_Range,0.0,11
C,2023,numeric__Intraday_Return,0.0,12
C,2023,numeric__Price_to_SMA20,0.0,13
C,2023,numeric__QQQ_Log_Return_5D,0.0,14
C,2023,categorical__Ticker_ADBE,0.0,15
C,2023,categorical__Ticker_AMD,0.0,16
C,2023,categorical__Ticker_AMZN,0.0,17
C,2023,numeric__QQQ_Log_Return_3D,0.0,18
C,2023,categorical__Ticker_AVGO,0.0,19
C,2023,categorical__Ticker_GOOGL,0.0,20
C,2023,categorical__Ticker_INTC,0.0,21
C,2023,categorical__Ticker_META,0.0,22
C,2023,categorical__Ticker_NFLX,0.0,23
C,2023,categorical__Ticker_NVDA,0.0,24
C,2023,categorical__Ticker_QCOM,0.0,25
C,2023,categorical__Ticker_AAPL,0.0,26
C,2023,categorical__Ticker_TSLA,0.0,27
C,2023,binary__Has_EX99,0.0,28
C,2023,binary__Has_Event_Guidance,0.0,29
C,2023,binary__Has_Event_Earnings,0.0,30
C,2023,binary__Has_Item_1_01,0.0,31
C,2023,binary__Has_Item_1_02,0.0,32
C,2023,binary__Has_Item_2_02,0.0,33
C,2023,binary__Has_Event_Buyback,0.0,34
C,2023,binary__Has_Item_2_03,0.0,35
C,2023,binary__Has_Item_5_02,0.0,36
C,2023,binary__Has_Item_5_07,0.0,37
C,2023,binary__Has_Item_5_03,0.0,38
C,2023,binary__Has_Item_7_01,0.0,39
C,2023,binary__Has_Item_8_01,0.0,40
C,2023,binary__Has_Sentiment_History,0.0,41
C,2023,sentiment__Sentiment_Momentum_3,0.0,42
A,2024,numeric__QQQ_Log_Return_1D,0.48316453931461956,1
A,2024,numeric__Relative_Volume_20D,0.16722477869736566,2
A,2024,numeric__Daily_Range,0.1125069013520383,3
A,2024,numeric__RSI_14,0.080501958568514,4
A,2024,numeric__Volatility_14D,0.06814444386932036,5
A,2024,numeric__QQQ_Volatility_14D,0.06494579295533538,6
A,2024,numeric__QQQ_Log_Return_3D,0.023511585242806787,7
A,2024,numeric__Stock_vs_QQQ_5D,0.0,8
A,2024,numeric__Stock_vs_QQQ_3D,0.0,9
A,2024,numeric__Stock_vs_QQQ_1D,0.0,10
A,2024,numeric__Price_to_SMA20,0.0,11
A,2024,numeric__Intraday_Return,0.0,12
A,2024,numeric__QQQ_Log_Return_5D,0.0,13
A,2024,categorical__Ticker_AAPL,0.0,14
A,2024,categorical__Ticker_ADBE,0.0,15
A,2024,categorical__Ticker_AMD,0.0,16
A,2024,categorical__Ticker_AMZN,0.0,17
A,2024,categorical__Ticker_AVGO,0.0,18
A,2024,categorical__Ticker_GOOGL,0.0,19
A,2024,categorical__Ticker_INTC,0.0,20
A,2024,categorical__Ticker_META,0.0,21
A,2024,categorical__Ticker_MSFT,0.0,22
A,2024,categorical__Ticker_NFLX,0.0,23
A,2024,categorical__Ticker_NVDA,0.0,24
A,2024,categorical__Ticker_QCOM,0.0,25
A,2024,categorical__Ticker_TSLA,0.0,26
B,2024,numeric__QQQ_Log_Return_1D,0.48316453931461956,1
B,2024,numeric__Relative_Volume_20D,0.16722477869736566,2
B,2024,numeric__Daily_Range,0.1125069013520383,3
B,2024,numeric__RSI_14,0.080501958568514,4
B,2024,numeric__Volatility_14D,0.06814444386932036,5
B,2024,numeric__QQQ_Volatility_14D,0.06494579295533538,6
B,2024,numeric__QQQ_Log_Return_3D,0.023511585242806787,7
B,2024,numeric__Stock_vs_QQQ_1D,0.0,8
B,2024,numeric__Intraday_Return,0.0,9
B,2024,numeric__Price_to_SMA20,0.0,10
B,2024,numeric__Stock_vs_QQQ_3D,0.0,11
B,2024,numeric__Stock_vs_QQQ_5D,0.0,12
B,2024,numeric__QQQ_Log_Return_5D,0.0,13
B,2024,categorical__Ticker_AAPL,0.0,14
B,2024,categorical__Ticker_ADBE,0.0,15
B,2024,categorical__Ticker_AMD,0.0,16
B,2024,categorical__Ticker_AMZN,0.0,17
B,2024,categorical__Ticker_AVGO,0.0,18
B,2024,categorical__Ticker_GOOGL,0.0,19
B,2024,categorical__Ticker_INTC,0.0,20
B,2024,categorical__Ticker_META,0.0,21
B,2024,categorical__Ticker_MSFT,0.0,22
B,2024,categorical__Ticker_NFLX,0.0,23
B,2024,categorical__Ticker_NVDA,0.0,24
B,2024,categorical__Ticker_QCOM,0.0,25
B,2024,categorical__Ticker_TSLA,0.0,26
B,2024,binary__Has_EX99,0.0,27
B,2024,binary__Has_Event_Earnings,0.0,28
B,2024,binary__Has_Event_Guidance,0.0,29
B,2024,binary__Has_Event_Buyback,0.0,30
B,2024,binary__Has_Item_1_01,0.0,31
B,2024,binary__Has_Item_1_02,0.0,32
B,2024,binary__Has_Item_2_01,0.0,33
B,2024,binary__Has_Item_2_02,0.0,34
B,2024,binary__Has_Item_2_03,0.0,35
B,2024,binary__Has_Item_5_02,0.0,36
B,2024,binary__Has_Item_5_03,0.0,37
B,2024,binary__Has_Item_5_07,0.0,38
B,2024,binary__Has_Item_7_01,0.0,39
B,2024,binary__Has_Item_8_01,0.0,40
C,2024,numeric__QQQ_Log_Return_1D,0.48316453931461956,1
C,2024,numeric__Relative_Volume_20D,0.16722477869736566,2
C,2024,numeric__Daily_Range,0.1125069013520383,3
C,2024,numeric__RSI_14,0.080501958568514,4
C,2024,numeric__Volatility_14D,0.06814444386932036,5
C,2024,numeric__QQQ_Volatility_14D,0.06494579295533538,6
C,2024,numeric__QQQ_Log_Return_3D,0.023511585242806787,7
C,2024,numeric__Stock_vs_QQQ_5D,0.0,8
C,2024,numeric__Stock_vs_QQQ_3D,0.0,9
C,2024,numeric__Price_to_SMA20,0.0,10
C,2024,numeric__Stock_vs_QQQ_1D,0.0,11
C,2024,numeric__Intraday_Return,0.0,12
C,2024,numeric__QQQ_Log_Return_5D,0.0,13
C,2024,categorical__Ticker_AAPL,0.0,14
C,2024,categorical__Ticker_ADBE,0.0,15
C,2024,categorical__Ticker_AMD,0.0,16
C,2024,categorical__Ticker_AMZN,0.0,17
C,2024,categorical__Ticker_AVGO,0.0,18
C,2024,categorical__Ticker_GOOGL,0.0,19
C,2024,categorical__Ticker_INTC,0.0,20
C,2024,categorical__Ticker_META,0.0,21
C,2024,categorical__Ticker_MSFT,0.0,22
C,2024,categorical__Ticker_NFLX,0.0,23
C,2024,categorical__Ticker_NVDA,0.0,24
C,2024,categorical__Ticker_QCOM,0.0,25
C,2024,categorical__Ticker_TSLA,0.0,26
C,2024,binary__Has_EX99,0.0,27
C,2024,binary__Has_Event_Earnings,0.0,28
C,2024,binary__Has_Event_Guidance,0.0,29
C,2024,binary__Has_Event_Buyback,0.0,30
C,2024,binary__Has_Item_1_01,0.0,31
C,2024,binary__Has_Item_1_02,0.0,32
C,2024,binary__Has_Item_2_01,0.0,33
C,2024,binary__Has_Item_2_02,0.0,34
C,2024,binary__Has_Item_2_03,0.0,35
C,2024,binary__Has_Item_5_02,0.0,36
C,2024,binary__Has_Item_5_03,0.0,37
C,2024,binary__Has_Item_5_07,0.0,38
C,2024,binary__Has_Item_7_01,0.0,39
C,2024,binary__Has_Item_8_01,0.0,40
C,2024,binary__Has_Sentiment_History,0.0,41
C,2024,sentiment__Mean_Net_Sentiment,0.0,42
C,2024,sentiment__Sentiment_Momentum_3,0.0,43
A,2025,numeric__QQQ_Log_Return_1D,0.21436756427467946,1
A,2025,numeric__RSI_14,0.213395407621628,2
A,2025,numeric__Intraday_Return,0.1782659811533295,3
A,2025,numeric__Relative_Volume_20D,0.15709873895491297,4
A,2025,numeric__Stock_vs_QQQ_3D,0.10413765870257462,5
A,2025,numeric__QQQ_Volatility_14D,0.09729681831140695,6
A,2025,numeric__Volatility_14D,0.03128003853400996,7
A,2025,numeric__Stock_vs_QQQ_5D,0.004157792447458385,8
A,2025,numeric__Price_to_SMA20,0.0,9
A,2025,numeric__Stock_vs_QQQ_1D,0.0,10
A,2025,numeric__Daily_Range,0.0,11
A,2025,numeric__QQQ_Log_Return_3D,0.0,12
A,2025,numeric__QQQ_Log_Return_5D,0.0,13
A,2025,categorical__Ticker_AAPL,0.0,14
A,2025,categorical__Ticker_ADBE,0.0,15
A,2025,categorical__Ticker_AMD,0.0,16
A,2025,categorical__Ticker_AMZN,0.0,17
A,2025,categorical__Ticker_AVGO,0.0,18
A,2025,categorical__Ticker_GOOGL,0.0,19
A,2025,categorical__Ticker_INTC,0.0,20
A,2025,categorical__Ticker_META,0.0,21
A,2025,categorical__Ticker_MSFT,0.0,22
A,2025,categorical__Ticker_NFLX,0.0,23
A,2025,categorical__Ticker_NVDA,0.0,24
A,2025,categorical__Ticker_QCOM,0.0,25
A,2025,categorical__Ticker_TSLA,0.0,26
B,2025,numeric__QQQ_Log_Return_1D,0.21436756427467948,1
B,2025,numeric__RSI_14,0.21339540762162804,2
B,2025,numeric__Intraday_Return,0.17826598115332953,3
B,2025,numeric__Relative_Volume_20D,0.157098738954913,4
B,2025,numeric__Stock_vs_QQQ_3D,0.10413765870257463,5
B,2025,numeric__QQQ_Volatility_14D,0.10145461075886536,6
B,2025,numeric__Volatility_14D,0.03128003853400996,7
B,2025,numeric__Stock_vs_QQQ_1D,0.0,8
B,2025,numeric__Price_to_SMA20,0.0,9
B,2025,numeric__Stock_vs_QQQ_5D,0.0,10
B,2025,numeric__QQQ_Log_Return_3D,0.0,11
B,2025,numeric__Daily_Range,0.0,12
B,2025,numeric__QQQ_Log_Return_5D,0.0,13
B,2025,categorical__Ticker_AAPL,0.0,14
B,2025,categorical__Ticker_ADBE,0.0,15
B,2025,categorical__Ticker_AMD,0.0,16
B,2025,categorical__Ticker_AMZN,0.0,17
B,2025,categorical__Ticker_AVGO,0.0,18
B,2025,categorical__Ticker_GOOGL,0.0,19
B,2025,categorical__Ticker_INTC,0.0,20
B,2025,categorical__Ticker_META,0.0,21
B,2025,categorical__Ticker_MSFT,0.0,22
B,2025,categorical__Ticker_NFLX,0.0,23
B,2025,categorical__Ticker_NVDA,0.0,24
B,2025,categorical__Ticker_QCOM,0.0,25
B,2025,categorical__Ticker_TSLA,0.0,26
B,2025,binary__Has_EX99,0.0,27
B,2025,binary__Has_Event_Earnings,0.0,28
B,2025,binary__Has_Event_Guidance,0.0,29
B,2025,binary__Has_Event_Buyback,0.0,30
B,2025,binary__Has_Item_1_01,0.0,31
B,2025,binary__Has_Item_1_02,0.0,32
B,2025,binary__Has_Item_2_01,0.0,33
B,2025,binary__Has_Item_2_02,0.0,34
B,2025,binary__Has_Item_2_03,0.0,35
B,2025,binary__Has_Item_5_02,0.0,36
B,2025,binary__Has_Item_5_03,0.0,37
B,2025,binary__Has_Item_5_07,0.0,38
B,2025,binary__Has_Item_7_01,0.0,39
B,2025,binary__Has_Item_8_01,0.0,40
C,2025,numeric__QQQ_Log_Return_1D,0.21853635100224184,1
C,2025,numeric__RSI_14,0.2175452889062608,2
C,2025,numeric__Relative_Volume_20D,0.16015382399115877,3
C,2025,sentiment__Sentiment_Momentum_3,0.11467058991728511,4
C,2025,numeric__QQQ_Volatility_14D,0.0991889407795753,5
C,2025,sentiment__Mean_Net_Sentiment,0.08746671458561246,6
C,2025,numeric__Intraday_Return,0.06631130352700432,7
C,2025,numeric__Volatility_14D,0.03612698729086153,8
C,2025,numeric__Stock_vs_QQQ_5D,0.0,9
C,2025,numeric__Stock_vs_QQQ_1D,0.0,10
C,2025,numeric__Stock_vs_QQQ_3D,0.0,11
C,2025,numeric__QQQ_Log_Return_3D,0.0,12
C,2025,numeric__Daily_Range,0.0,13
C,2025,numeric__Price_to_SMA20,0.0,14
C,2025,numeric__QQQ_Log_Return_5D,0.0,15
C,2025,categorical__Ticker_AMD,0.0,16
C,2025,categorical__Ticker_AMZN,0.0,17
C,2025,categorical__Ticker_AAPL,0.0,18
C,2025,categorical__Ticker_ADBE,0.0,19
C,2025,categorical__Ticker_INTC,0.0,20
C,2025,categorical__Ticker_META,0.0,21
C,2025,categorical__Ticker_MSFT,0.0,22
C,2025,categorical__Ticker_NFLX,0.0,23
C,2025,categorical__Ticker_NVDA,0.0,24
C,2025,categorical__Ticker_QCOM,0.0,25
C,2025,categorical__Ticker_AVGO,0.0,26
C,2025,categorical__Ticker_GOOGL,0.0,27
C,2025,binary__Has_EX99,0.0,28
C,2025,categorical__Ticker_TSLA,0.0,29
C,2025,binary__Has_Event_Earnings,0.0,30
C,2025,binary__Has_Event_Guidance,0.0,31
C,2025,binary__Has_Item_1_02,0.0,32
C,2025,binary__Has_Item_2_01,0.0,33
C,2025,binary__Has_Event_Buyback,0.0,34
C,2025,binary__Has_Item_1_01,0.0,35
C,2025,binary__Has_Item_2_03,0.0,36
C,2025,binary__Has_Item_2_02,0.0,37
C,2025,binary__Has_Item_5_02,0.0,38
C,2025,binary__Has_Item_5_03,0.0,39
C,2025,binary__Has_Item_7_01,0.0,40
C,2025,binary__Has_Item_5_07,0.0,41
C,2025,binary__Has_Sentiment_History,0.0,42
C,2025,binary__Has_Item_8_01,0.0,43
A,2026,numeric__QQQ_Volatility_14D,0.3288822915664527,1
A,2026,numeric__Relative_Volume_20D,0.25921474472344375,2
A,2026,numeric__QQQ_Log_Return_1D,0.1463598314660948,3
A,2026,numeric__Volatility_14D,0.09133613339339718,4
A,2026,categorical__Ticker_NFLX,0.08752294628690807,5
A,2026,numeric__Stock_vs_QQQ_3D,0.0866840525637035,6
A,2026,numeric__RSI_14,0.0,7
A,2026,numeric__Price_to_SMA20,0.0,8
A,2026,numeric__Stock_vs_QQQ_1D,0.0,9
A,2026,numeric__Stock_vs_QQQ_5D,0.0,10
A,2026,numeric__Daily_Range,0.0,11
A,2026,numeric__Intraday_Return,0.0,12
A,2026,numeric__QQQ_Log_Return_5D,0.0,13
A,2026,numeric__QQQ_Log_Return_3D,0.0,14
A,2026,categorical__Ticker_ADBE,0.0,15
A,2026,categorical__Ticker_AMD,0.0,16
A,2026,categorical__Ticker_AMZN,0.0,17
A,2026,categorical__Ticker_AAPL,0.0,18
A,2026,categorical__Ticker_AVGO,0.0,19
A,2026,categorical__Ticker_GOOGL,0.0,20
A,2026,categorical__Ticker_META,0.0,21
A,2026,categorical__Ticker_INTC,0.0,22
A,2026,categorical__Ticker_MSFT,0.0,23
A,2026,categorical__Ticker_NVDA,0.0,24
A,2026,categorical__Ticker_QCOM,0.0,25
A,2026,categorical__Ticker_TSLA,0.0,26
B,2026,numeric__QQQ_Volatility_14D,0.3168909361137629,1
B,2026,numeric__Relative_Volume_20D,0.24976353308248797,2
B,2026,numeric__QQQ_Log_Return_1D,0.1410234153436381,3
B,2026,binary__Has_Item_5_03,0.12446686645779403,4
B,2026,categorical__Ticker_NFLX,0.08433177793851758,5
B,2026,numeric__Stock_vs_QQQ_3D,0.08352347106379933,6
B,2026,numeric__Stock_vs_QQQ_5D,0.0,7
B,2026,numeric__Stock_vs_QQQ_1D,0.0,8
B,2026,numeric__Intraday_Return,0.0,9
B,2026,numeric__Price_to_SMA20,0.0,10
B,2026,numeric__RSI_14,0.0,11
B,2026,numeric__Volatility_14D,0.0,12
B,2026,numeric__QQQ_Log_Return_5D,0.0,13
B,2026,categorical__Ticker_AAPL,0.0,14
B,2026,categorical__Ticker_ADBE,0.0,15
B,2026,numeric__QQQ_Log_Return_3D,0.0,16
B,2026,categorical__Ticker_AMD,0.0,17
B,2026,categorical__Ticker_AMZN,0.0,18
B,2026,categorical__Ticker_GOOGL,0.0,19
B,2026,categorical__Ticker_AVGO,0.0,20
B,2026,categorical__Ticker_INTC,0.0,21
B,2026,categorical__Ticker_META,0.0,22
B,2026,categorical__Ticker_MSFT,0.0,23
B,2026,numeric__Daily_Range,0.0,24
B,2026,categorical__Ticker_NVDA,0.0,25
B,2026,categorical__Ticker_QCOM,0.0,26
B,2026,binary__Has_EX99,0.0,27
B,2026,categorical__Ticker_TSLA,0.0,28
B,2026,binary__Has_Event_Guidance,0.0,29
B,2026,binary__Has_Event_Buyback,0.0,30
B,2026,binary__Has_Item_1_01,0.0,31
B,2026,binary__Has_Event_Earnings,0.0,32
B,2026,binary__Has_Item_1_02,0.0,33
B,2026,binary__Has_Item_2_01,0.0,34
B,2026,binary__Has_Item_2_03,0.0,35
B,2026,binary__Has_Item_2_02,0.0,36
B,2026,binary__Has_Item_5_02,0.0,37
B,2026,binary__Has_Item_5_07,0.0,38
B,2026,binary__Has_Item_7_01,0.0,39
B,2026,binary__Has_Item_8_01,0.0,40
C,2026,sentiment__Mean_Net_Sentiment,0.2980751951078856,1
C,2026,numeric__QQQ_Log_Return_1D,0.22317000041015686,2
C,2026,numeric__Stock_vs_QQQ_5D,0.2208970603417532,3
C,2026,numeric__RSI_14,0.09794276876316273,4
C,2026,categorical__Ticker_MSFT,0.08839754971546955,5
C,2026,numeric__Volatility_14D,0.07151742566157211,6
C,2026,numeric__Stock_vs_QQQ_1D,0.0,7
C,2026,numeric__Price_to_SMA20,0.0,8
C,2026,numeric__Intraday_Return,0.0,9
C,2026,numeric__Stock_vs_QQQ_3D,0.0,10
C,2026,numeric__Relative_Volume_20D,0.0,11
C,2026,numeric__QQQ_Log_Return_3D,0.0,12
C,2026,numeric__Daily_Range,0.0,13
C,2026,categorical__Ticker_AAPL,0.0,14
C,2026,numeric__QQQ_Log_Return_5D,0.0,15
C,2026,categorical__Ticker_AMD,0.0,16
C,2026,categorical__Ticker_AMZN,0.0,17
C,2026,categorical__Ticker_AVGO,0.0,18
C,2026,numeric__QQQ_Volatility_14D,0.0,19
C,2026,categorical__Ticker_GOOGL,0.0,20
C,2026,categorical__Ticker_INTC,0.0,21
C,2026,categorical__Ticker_META,0.0,22
C,2026,categorical__Ticker_NFLX,0.0,23
C,2026,categorical__Ticker_NVDA,0.0,24
C,2026,categorical__Ticker_QCOM,0.0,25
C,2026,categorical__Ticker_TSLA,0.0,26
C,2026,categorical__Ticker_ADBE,0.0,27
C,2026,binary__Has_EX99,0.0,28
C,2026,binary__Has_Event_Earnings,0.0,29
C,2026,binary__Has_Event_Buyback,0.0,30
C,2026,binary__Has_Event_Guidance,0.0,31
C,2026,binary__Has_Item_1_02,0.0,32
C,2026,binary__Has_Item_2_01,0.0,33
C,2026,binary__Has_Item_2_02,0.0,34
C,2026,binary__Has_Item_1_01,0.0,35
C,2026,binary__Has_Item_2_03,0.0,36
C,2026,binary__Has_Item_5_02,0.0,37
C,2026,binary__Has_Item_5_07,0.0,38
C,2026,binary__Has_Item_5_03,0.0,39
C,2026,binary__Has_Item_7_01,0.0,40
C,2026,binary__Has_Item_8_01,0.0,41
C,2026,binary__Has_Sentiment_History,0.0,42
C,2026,sentiment__Sentiment_Momentum_3,0.0,43
