Model,Ticker,Event_Session,Test_Year,Filing_Count,y_prob,Abnormal_Event_Return_1D,Signal,Strategy_Return_Gross,Strategy_Return,Win
MODEL A - MARKET,AAPL,2023-02-03,2023,1,0.6403890198339357,0.0421721212517619,1,0.0421721212517619,0.0421721212517619,1
MODEL A - MARKET,AAPL,2023-03-13,2023,1,0.6661344453835383,0.0058496747014107,1,0.0058496747014107,0.0058496747014107,1
MODEL A - MARKET,AAPL,2023-05-05,2023,1,0.6761469471166083,0.0256726356646865,1,0.0256726356646865,0.0256726356646865,1
MODEL A - MARKET,AAPL,2023-05-11,2023,1,0.5719782495420115,-0.0021656007617321,1,-0.0021656007617321,-0.0021656007617321,0
MODEL A - MARKET,AAPL,2023-08-04,2023,1,0.7041611016009185,-0.0433380981113111,1,-0.0433380981113111,-0.0433380981113111,0
MODEL A - MARKET,AAPL,2023-11-03,2023,1,0.6728289723996027,-0.0169302656344375,1,-0.0169302656344375,-0.0169302656344375,0
MODEL A - MARKET,AAPL,2024-02-02,2024,1,0.6184939580359662,-0.0223056252039232,1,-0.0223056252039232,-0.0223056252039232,0
MODEL A - MARKET,AAPL,2024-02-29,2024,1,0.8001753409034528,-0.0122622955467932,1,-0.0122622955467932,-0.0122622955467932,0
MODEL A - MARKET,AAPL,2024-05-03,2024,1,0.5631529861933018,0.0397177789015323,1,0.0397177789015323,0.0397177789015323,1
MODEL A - MARKET,AAPL,2024-05-06,2024,1,0.378452091700383,-0.0200602495596449,-1,0.0200602495596449,0.0200602495596449,1
MODEL A - MARKET,AAPL,2024-08-02,2024,1,0.778605951254937,0.0306044350277541,1,0.0306044350277541,0.0306044350277541,1
MODEL A - MARKET,AAPL,2024-08-26,2024,1,0.6756829280035557,0.0112072227058948,1,0.0112072227058948,0.0112072227058948,1
MODEL A - MARKET,AAPL,2024-08-27,2024,1,0.7459567440103186,0.0007542035049934,1,0.0007542035049934,0.0007542035049934,1
MODEL A - MARKET,AAPL,2024-09-10,2024,1,0.6817172055122878,-0.0128631822465463,1,-0.0128631822465463,-0.0128631822465463,0
MODEL A - MARKET,AAPL,2024-11-01,2024,1,0.7463261389136701,-0.0206786790526356,1,-0.0206786790526356,-0.0206786790526356,0
MODEL A - MARKET,AAPL,2025-01-06,2025,1,0.6094120613577745,-0.0047540310218148,1,-0.0047540310218148,-0.0047540310218148,0
MODEL A - MARKET,AAPL,2025-01-31,2025,1,0.5470586682922297,-0.0052390794408374,1,-0.0052390794408374,-0.0052390794408374,0
MODEL A - MARKET,AAPL,2025-02-26,2025,1,0.6648968986107162,-0.029455846459514,1,-0.029455846459514,-0.029455846459514,0
MODEL A - MARKET,AAPL,2025-05-02,2025,1,0.6144478393286493,-0.0522055544152066,1,-0.0522055544152066,-0.0522055544152066,0
MODEL A - MARKET,AAPL,2025-05-13,2025,1,0.2503669438334919,-0.0050885010600298,-1,0.0050885010600298,0.0050885010600298,1
MODEL A - MARKET,AAPL,2025-07-09,2025,1,0.5973296265118948,-0.0016980106453039,1,-0.0016980106453039,-0.0016980106453039,0
MODEL A - MARKET,AAPL,2025-07-28,2025,1,0.6338296040658137,-0.0023302200023396,1,-0.0023302200023396,-0.0023302200023396,0
MODEL A - MARKET,AAPL,2025-08-01,2025,1,0.5447679445143363,-0.0053047361680511,1,-0.0053047361680511,-0.0053047361680511,0
MODEL A - MARKET,AAPL,2025-10-31,2025,1,0.4400252421883119,-0.0086189784136475,-1,0.0086189784136475,0.0086189784136475,1
MODEL A - MARKET,AAPL,2025-12-08,2025,1,0.5752182926836568,-0.0012741476869497,1,-0.0012741476869497,-0.0012741476869497,0
MODEL A - MARKET,AAPL,2026-01-05,2026,1,0.6307480506655035,-0.0217799468616566,1,-0.0217799468616566,-0.0217799468616566,0
MODEL A - MARKET,AAPL,2026-01-30,2026,1,0.3747772841301825,0.0166569789377926,-1,-0.0166569789377926,-0.0166569789377926,0
MODEL A - MARKET,AAPL,2026-02-25,2026,1,0.4564378385579695,-0.0068133729662351,-1,0.0068133729662351,0.0068133729662351,1
MODEL A - MARKET,AAPL,2026-04-21,2026,1,0.4456730774549182,-0.0213933529678685,-1,0.0213933529678685,0.0213933529678685,1
MODEL A - MARKET,AAPL,2026-05-01,2026,1,0.4753159336357614,0.0227940049742925,-1,-0.0227940049742925,-0.0227940049742925,0
MODEL A - MARKET,AAPL,2026-07-31,2026,1,0.3647804540694155,-0.0800340895161154,-1,0.0800340895161154,0.0800340895161154,1
MODEL A - MARKET,MSFT,2023-01-18,2023,1,0.6632901001563959,-0.0058891942743535,1,-0.0058891942743535,-0.0058891942743535,0
MODEL A - MARKET,MSFT,2023-01-25,2023,1,0.6806041590504532,-0.0036888694060069,1,-0.0036888694060069,-0.0036888694060069,0
MODEL A - MARKET,MSFT,2023-04-26,2023,1,0.7438771337600678,0.0663701680816697,1,0.0663701680816697,0.0663701680816697,1
MODEL A - MARKET,MSFT,2023-07-05,2023,1,0.7142024697649235,0.0005001560672108,1,0.0005001560672108,0.0005001560672108,1
MODEL A - MARKET,MSFT,2023-07-26,2023,1,0.5694890587863269,-0.0343106027796781,1,-0.0343106027796781,-0.0343106027796781,0
MODEL A - MARKET,MSFT,2023-10-12,2023,1,0.6830795234267086,-0.0003154089273273,1,-0.0003154089273273,-0.0003154089273273,0
MODEL A - MARKET,MSFT,2023-10-13,2023,1,0.7232933696627705,0.002212122150287,1,0.002212122150287,0.002212122150287,1
MODEL A - MARKET,MSFT,2023-10-17,2023,1,0.614176895094943,0.0015318669820373,1,0.0015318669820373,0.0015318669820373,1
MODEL A - MARKET,MSFT,2023-10-25,2023,1,0.7126500727369449,0.0551539040598855,1,0.0551539040598855,0.0551539040598855,1
MODEL A - MARKET,MSFT,2023-10-30,2023,1,0.522243646043639,0.0114750947507809,1,0.0114750947507809,0.0114750947507809,1
MODEL A - MARKET,MSFT,2023-11-07,2023,1,0.6345391649457353,0.0017663775383827,1,0.0017663775383827,0.0017663775383827,1
MODEL A - MARKET,MSFT,2023-12-11,2023,1,0.7184737435960186,-0.0163716635033072,1,-0.0163716635033072,-0.0163716635033072,0
MODEL A - MARKET,MSFT,2024-01-22,2024,1,0.5411059812362923,-0.0067237569356594,1,-0.0067237569356594,-0.0067237569356594,0
MODEL A - MARKET,MSFT,2024-01-31,2024,1,0.6341946986988071,-0.0073602419159359,1,-0.0073602419159359,-0.0073602419159359,0
MODEL A - MARKET,MSFT,2024-04-26,2024,1,0.7296967731347407,0.0028122501074114,1,0.0028122501074114,0.0028122501074114,1
MODEL A - MARKET,MSFT,2024-07-31,2024,1,0.7800586450213279,-0.0403995313286478,1,-0.0403995313286478,-0.0403995313286478,0
MODEL A - MARKET,MSFT,2024-08-22,2024,1,0.7253990682260899,-0.0043978381367435,1,-0.0043978381367435,-0.0043978381367435,0
MODEL A - MARKET,MSFT,2024-10-31,2024,1,0.6939291086229803,-0.0352846840890707,1,-0.0352846840890707,-0.0352846840890707,0
MODEL A - MARKET,MSFT,2024-12-04,2024,1,0.640145695668747,0.0020618075228415,1,0.0020618075228415,0.0020618075228415,1
MODEL A - MARKET,MSFT,2024-12-12,2024,1,0.5804702964421588,0.0077234906911873,1,0.0077234906911873,0.0077234906911873,1
MODEL A - MARKET,MSFT,2025-01-23,2025,1,0.4239342962428593,-0.0009833046781402,-1,0.0009833046781402,0.0009833046781402,1
MODEL A - MARKET,MSFT,2025-01-30,2025,1,0.6221868868456238,-0.0660715768059522,1,-0.0660715768059522,-0.0660715768059522,0
MODEL A - MARKET,MSFT,2025-05-01,2025,1,0.5663894465765139,0.0631927599118045,1,0.0631927599118045,0.0631927599118045,1
MODEL A - MARKET,MSFT,2025-07-02,2025,1,0.6675634426191946,-0.0089162567155702,1,-0.0089162567155702,-0.0089162567155702,0
MODEL A - MARKET,MSFT,2025-07-31,2025,1,0.573298892723545,0.0447737615238774,1,0.0447737615238774,0.0447737615238774,1
MODEL A - MARKET,MSFT,2025-10-01,2025,1,0.6676073948698511,-0.0013990705371085,1,-0.0013990705371085,-0.0013990705371085,0
MODEL A - MARKET,MSFT,2025-10-30,2025,1,0.4986312942850711,-0.0138682576843347,-1,0.0138682576843347,0.0138682576843347,1
MODEL A - MARKET,MSFT,2025-12-09,2025,1,0.6236875610952427,0.0008031862764581,1,0.0008031862764581,0.0008031862764581,1
MODEL A - MARKET,MSFT,2026-01-29,2026,1,0.4147208720129055,-0.0939462313660277,-1,0.0939462313660277,0.0939462313660277,1
MODEL A - MARKET,MSFT,2026-04-30,2026,1,0.6481244731510839,-0.0486231909975883,1,-0.0486231909975883,-0.0486231909975883,0
MODEL A - MARKET,MSFT,2026-05-15,2026,1,0.6975370122570913,0.0455934971675224,1,0.0455934971675224,0.0455934971675224,1
MODEL A - MARKET,MSFT,2026-07-30,2026,1,0.6321897039459337,0.1220931472113604,1,0.1220931472113604,0.1220931472113604,1
MODEL A - MARKET,NVDA,2023-02-23,2023,1,0.4401288354454327,0.1314799658289571,-1,-0.1314799658289571,-0.1314799658289571,0
MODEL A - MARKET,NVDA,2023-03-09,2023,1,0.1900566766258833,-0.0134832806130565,-1,0.0134832806130565,0.0134832806130565,1
MODEL A - MARKET,NVDA,2023-05-25,2023,1,0.4957294869623266,0.219363529826235,-1,-0.219363529826235,-0.219363529826235,0
MODEL A - MARKET,NVDA,2023-06-28,2023,1,0.4365844775360569,-0.0200766083792651,-1,0.0200766083792651,0.0200766083792651,1
MODEL A - MARKET,NVDA,2023-07-25,2023,1,0.5622239772951635,0.0171395334178012,1,0.0171395334178012,0.0171395334178012,1
MODEL A - MARKET,NVDA,2023-08-24,2023,1,0.2149531113820842,0.0223731568464525,-1,-0.0223731568464525,-0.0223731568464525,0
MODEL A - MARKET,NVDA,2023-10-18,2023,1,0.7359403021390648,-0.0265288195123467,1,-0.0265288195123467,-0.0265288195123467,0
MODEL A - MARKET,NVDA,2023-10-24,2023,1,0.3882089127749162,0.0062812474414595,-1,-0.0062812474414595,-0.0062812474414595,0
MODEL A - MARKET,NVDA,2023-11-22,2023,1,0.6124533595116695,-0.0286804745285783,1,-0.0286804745285783,-0.0286804745285783,0
MODEL A - MARKET,NVDA,2024-02-22,2024,1,0.4682937316527835,0.1347331233938145,-1,-0.1347331233938145,-0.1347331233938145,0
MODEL A - MARKET,NVDA,2024-03-15,2024,1,0.4190223647572296,0.0106702494368107,-1,-0.0106702494368107,-0.0106702494368107,0
MODEL A - MARKET,NVDA,2024-05-23,2024,1,0.55564486478414,0.0976947448423268,1,0.0976947448423268,0.0976947448423268,1
MODEL A - MARKET,NVDA,2024-06-10,2024,1,0.2820462222283517,0.0034220524577062,-1,-0.0034220524577062,-0.0034220524577062,0
MODEL A - MARKET,NVDA,2024-07-03,2024,1,0.3195787193284685,0.0373954454495826,-1,-0.0373954454495826,-0.0373954454495826,0
MODEL A - MARKET,NVDA,2024-08-29,2024,1,0.528386957721855,-0.0623846340010401,1,-0.0623846340010401,-0.0623846340010401,0
MODEL A - MARKET,NVDA,2024-11-08,2024,1,0.4249940986921526,-0.0095643585027894,-1,0.0095643585027894,0.0095643585027894,1
MODEL A - MARKET,NVDA,2024-11-21,2024,1,0.5491089877701474,0.0017493095739897,1,0.0017493095739897,0.0017493095739897,1
MODEL A - MARKET,NVDA,2025-01-21,2025,1,0.3856960367063015,0.0167913367997363,-1,-0.0167913367997363,-0.0167913367997363,0
MODEL A - MARKET,NVDA,2025-02-27,2025,1,0.4420634093404703,-0.0570094700750506,-1,0.0570094700750506,0.0570094700750506,1
MODEL A - MARKET,NVDA,2025-03-10,2025,1,0.4070527530797113,-0.0119136422744157,-1,0.0119136422744157,0.0119136422744157,1
MODEL A - MARKET,NVDA,2025-04-16,2025,1,0.232552332578054,-0.0385630135262662,-1,0.0385630135262662,0.0385630135262662,1
MODEL A - MARKET,NVDA,2025-05-29,2025,1,0.457028341687303,0.0305243886578203,-1,-0.0305243886578203,-0.0305243886578203,0
MODEL A - MARKET,NVDA,2025-07-01,2025,1,0.5653883319767099,-0.0212560583907467,1,-0.0212560583907467,-0.0212560583907467,0
MODEL A - MARKET,NVDA,2025-08-06,2025,1,0.649036745743386,-0.0060758878424844,1,-0.0060758878424844,-0.0060758878424844,0
MODEL A - MARKET,NVDA,2025-08-28,2025,1,0.6043855874581319,-0.0141342293056028,1,-0.0141342293056028,-0.0141342293056028,0
MODEL A - MARKET,NVDA,2025-11-20,2025,1,0.3982945295790906,-0.0078528182319221,-1,0.0078528182319221,0.0078528182319221,1
MODEL A - MARKET,NVDA,2026-01-26,2026,1,0.4912296472532579,-0.0107942800846292,-1,0.0107942800846292,0.0107942800846292,1
MODEL A - MARKET,NVDA,2026-02-26,2026,1,0.4043979336156208,-0.042496617762763,-1,0.042496617762763,0.042496617762763,1
MODEL A - MARKET,NVDA,2026-03-09,2026,1,0.592518423700033,0.013806678855444,1,0.013806678855444,0.013806678855444,1
MODEL A - MARKET,NVDA,2026-04-28,2026,1,0.567237255638731,-0.0058242896842328,1,-0.0058242896842328,-0.0058242896842328,0
MODEL A - MARKET,NVDA,2026-05-11,2026,1,0.491151077929961,0.0168061992095833,-1,-0.0168061992095833,-0.0168061992095833,0
MODEL A - MARKET,NVDA,2026-05-21,2026,1,0.3903911793456188,-0.0196275026130384,-1,0.0196275026130384,0.0196275026130384,1
MODEL A - MARKET,NVDA,2026-06-22,2026,1,0.3401782061820259,-0.0071724054817254,-1,0.0071724054817254,0.0071724054817254,1
MODEL A - MARKET,NVDA,2026-07-01,2026,1,0.4754051462692824,0.0027055922428425,-1,-0.0027055922428425,-0.0027055922428425,0
MODEL A - MARKET,NVDA,2026-07-02,2026,1,0.6781464240892816,0.003415464384313,1,0.003415464384313,0.003415464384313,1
MODEL A2 - MARKET Z60,AAPL,2023-02-03,2023,1,0.623331125290348,0.0421721212517619,1,0.0421721212517619,0.0421721212517619,1
MODEL A2 - MARKET Z60,AAPL,2023-03-13,2023,1,0.6905693408413148,0.0058496747014107,1,0.0058496747014107,0.0058496747014107,1
MODEL A2 - MARKET Z60,AAPL,2023-05-05,2023,1,0.7613571939809834,0.0256726356646865,1,0.0256726356646865,0.0256726356646865,1
MODEL A2 - MARKET Z60,AAPL,2023-05-11,2023,1,0.7381511416816713,-0.0021656007617321,1,-0.0021656007617321,-0.0021656007617321,0
MODEL A2 - MARKET Z60,AAPL,2023-08-04,2023,1,0.8985028240652083,-0.0433380981113111,1,-0.0433380981113111,-0.0433380981113111,0
MODEL A2 - MARKET Z60,AAPL,2023-11-03,2023,1,0.6092326017200131,-0.0169302656344375,1,-0.0169302656344375,-0.0169302656344375,0
MODEL A2 - MARKET Z60,AAPL,2024-02-02,2024,1,0.4784250615918683,-0.0223056252039232,-1,0.0223056252039232,0.0223056252039232,1
MODEL A2 - MARKET Z60,AAPL,2024-02-29,2024,1,0.6615773950647871,-0.0122622955467932,1,-0.0122622955467932,-0.0122622955467932,0
MODEL A2 - MARKET Z60,AAPL,2024-05-03,2024,1,0.5886423698629537,0.0397177789015323,1,0.0397177789015323,0.0397177789015323,1
MODEL A2 - MARKET Z60,AAPL,2024-05-06,2024,1,0.6174381714868229,-0.0200602495596449,1,-0.0200602495596449,-0.0200602495596449,0
MODEL A2 - MARKET Z60,AAPL,2024-08-02,2024,1,0.7026915717810776,0.0306044350277541,1,0.0306044350277541,0.0306044350277541,1
MODEL A2 - MARKET Z60,AAPL,2024-08-26,2024,1,0.5568352209459148,0.0112072227058948,1,0.0112072227058948,0.0112072227058948,1
MODEL A2 - MARKET Z60,AAPL,2024-08-27,2024,1,0.589365827863948,0.0007542035049934,1,0.0007542035049934,0.0007542035049934,1
MODEL A2 - MARKET Z60,AAPL,2024-09-10,2024,1,0.63031628139882,-0.0128631822465463,1,-0.0128631822465463,-0.0128631822465463,0
MODEL A2 - MARKET Z60,AAPL,2024-11-01,2024,1,0.7884244294577276,-0.0206786790526356,1,-0.0206786790526356,-0.0206786790526356,0
MODEL A2 - MARKET Z60,AAPL,2025-01-06,2025,1,0.6118366257200245,-0.0047540310218148,1,-0.0047540310218148,-0.0047540310218148,0
MODEL A2 - MARKET Z60,AAPL,2025-01-31,2025,1,0.6240296042692193,-0.0052390794408374,1,-0.0052390794408374,-0.0052390794408374,0
MODEL A2 - MARKET Z60,AAPL,2025-02-26,2025,1,0.5620519659060585,-0.029455846459514,1,-0.029455846459514,-0.029455846459514,0
MODEL A2 - MARKET Z60,AAPL,2025-05-02,2025,1,0.4766714567163015,-0.0522055544152066,-1,0.0522055544152066,0.0522055544152066,1
MODEL A2 - MARKET Z60,AAPL,2025-05-13,2025,1,0.3758755999505562,-0.0050885010600298,-1,0.0050885010600298,0.0050885010600298,1
MODEL A2 - MARKET Z60,AAPL,2025-07-09,2025,1,0.6323566057393686,-0.0016980106453039,1,-0.0016980106453039,-0.0016980106453039,0
MODEL A2 - MARKET Z60,AAPL,2025-07-28,2025,1,0.6465148376669251,-0.0023302200023396,1,-0.0023302200023396,-0.0023302200023396,0
MODEL A2 - MARKET Z60,AAPL,2025-08-01,2025,1,0.7115477759802932,-0.0053047361680511,1,-0.0053047361680511,-0.0053047361680511,0
MODEL A2 - MARKET Z60,AAPL,2025-10-31,2025,1,0.5423440608547547,-0.0086189784136475,1,-0.0086189784136475,-0.0086189784136475,0
MODEL A2 - MARKET Z60,AAPL,2025-12-08,2025,1,0.697653379080617,-0.0012741476869497,1,-0.0012741476869497,-0.0012741476869497,0
MODEL A2 - MARKET Z60,AAPL,2026-01-05,2026,1,0.464967992570279,-0.0217799468616566,-1,0.0217799468616566,0.0217799468616566,1
MODEL A2 - MARKET Z60,AAPL,2026-01-30,2026,1,0.4465646555213517,0.0166569789377926,-1,-0.0166569789377926,-0.0166569789377926,0
MODEL A2 - MARKET Z60,AAPL,2026-02-25,2026,1,0.3172882758849495,-0.0068133729662351,-1,0.0068133729662351,0.0068133729662351,1
MODEL A2 - MARKET Z60,AAPL,2026-04-21,2026,1,0.412649231665966,-0.0213933529678685,-1,0.0213933529678685,0.0213933529678685,1
MODEL A2 - MARKET Z60,AAPL,2026-05-01,2026,1,0.4455436336754211,0.0227940049742925,-1,-0.0227940049742925,-0.0227940049742925,0
MODEL A2 - MARKET Z60,AAPL,2026-07-31,2026,1,0.4349366499389007,-0.0800340895161154,-1,0.0800340895161154,0.0800340895161154,1
MODEL A2 - MARKET Z60,MSFT,2023-01-18,2023,1,0.7305000932746181,-0.0058891942743535,1,-0.0058891942743535,-0.0058891942743535,0
MODEL A2 - MARKET Z60,MSFT,2023-01-25,2023,1,0.7203275988827632,-0.0036888694060069,1,-0.0036888694060069,-0.0036888694060069,0
MODEL A2 - MARKET Z60,MSFT,2023-04-26,2023,1,0.868769896255752,0.0663701680816697,1,0.0663701680816697,0.0663701680816697,1
MODEL A2 - MARKET Z60,MSFT,2023-07-05,2023,1,0.7974479107001372,0.0005001560672108,1,0.0005001560672108,0.0005001560672108,1
MODEL A2 - MARKET Z60,MSFT,2023-07-26,2023,1,0.5303094534123739,-0.0343106027796781,1,-0.0343106027796781,-0.0343106027796781,0
MODEL A2 - MARKET Z60,MSFT,2023-10-12,2023,1,0.6814926805569016,-0.0003154089273273,1,-0.0003154089273273,-0.0003154089273273,0
MODEL A2 - MARKET Z60,MSFT,2023-10-13,2023,1,0.6987283879001543,0.002212122150287,1,0.002212122150287,0.002212122150287,1
MODEL A2 - MARKET Z60,MSFT,2023-10-17,2023,1,0.5401811383688113,0.0015318669820373,1,0.0015318669820373,0.0015318669820373,1
MODEL A2 - MARKET Z60,MSFT,2023-10-25,2023,1,0.7223171239115512,0.0551539040598855,1,0.0551539040598855,0.0551539040598855,1
MODEL A2 - MARKET Z60,MSFT,2023-10-30,2023,1,0.4765154016870391,0.0114750947507809,-1,-0.0114750947507809,-0.0114750947507809,0
MODEL A2 - MARKET Z60,MSFT,2023-11-07,2023,1,0.5431925200895683,0.0017663775383827,1,0.0017663775383827,0.0017663775383827,1
MODEL A2 - MARKET Z60,MSFT,2023-12-11,2023,1,0.6899901914725628,-0.0163716635033072,1,-0.0163716635033072,-0.0163716635033072,0
MODEL A2 - MARKET Z60,MSFT,2024-01-22,2024,1,0.5721438948934837,-0.0067237569356594,1,-0.0067237569356594,-0.0067237569356594,0
MODEL A2 - MARKET Z60,MSFT,2024-01-31,2024,1,0.7017079923548903,-0.0073602419159359,1,-0.0073602419159359,-0.0073602419159359,0
MODEL A2 - MARKET Z60,MSFT,2024-04-26,2024,1,0.6467567370317214,0.0028122501074114,1,0.0028122501074114,0.0028122501074114,1
MODEL A2 - MARKET Z60,MSFT,2024-07-31,2024,1,0.6796236339436903,-0.0403995313286478,1,-0.0403995313286478,-0.0403995313286478,0
MODEL A2 - MARKET Z60,MSFT,2024-08-22,2024,1,0.5258675266270455,-0.0043978381367435,1,-0.0043978381367435,-0.0043978381367435,0
MODEL A2 - MARKET Z60,MSFT,2024-10-31,2024,1,0.7307811160487787,-0.0352846840890707,1,-0.0352846840890707,-0.0352846840890707,0
MODEL A2 - MARKET Z60,MSFT,2024-12-04,2024,1,0.6086738578774863,0.0020618075228415,1,0.0020618075228415,0.0020618075228415,1
MODEL A2 - MARKET Z60,MSFT,2024-12-12,2024,1,0.5272684826803157,0.0077234906911873,1,0.0077234906911873,0.0077234906911873,1
MODEL A2 - MARKET Z60,MSFT,2025-01-23,2025,1,0.3681055187205928,-0.0009833046781402,-1,0.0009833046781402,0.0009833046781402,1
MODEL A2 - MARKET Z60,MSFT,2025-01-30,2025,1,0.6037311098459486,-0.0660715768059522,1,-0.0660715768059522,-0.0660715768059522,0
MODEL A2 - MARKET Z60,MSFT,2025-05-01,2025,1,0.4984623231437154,0.0631927599118045,-1,-0.0631927599118045,-0.0631927599118045,0
MODEL A2 - MARKET Z60,MSFT,2025-07-02,2025,1,0.6632582109874384,-0.0089162567155702,1,-0.0089162567155702,-0.0089162567155702,0
MODEL A2 - MARKET Z60,MSFT,2025-07-31,2025,1,0.700962026513942,0.0447737615238774,1,0.0447737615238774,0.0447737615238774,1
MODEL A2 - MARKET Z60,MSFT,2025-10-01,2025,1,0.5659412014753648,-0.0013990705371085,1,-0.0013990705371085,-0.0013990705371085,0
MODEL A2 - MARKET Z60,MSFT,2025-10-30,2025,1,0.4690580757034032,-0.0138682576843347,-1,0.0138682576843347,0.0138682576843347,1
MODEL A2 - MARKET Z60,MSFT,2025-12-09,2025,1,0.4409712995771177,0.0008031862764581,-1,-0.0008031862764581,-0.0008031862764581,0
MODEL A2 - MARKET Z60,MSFT,2026-01-29,2026,1,0.5153430215384747,-0.0939462313660277,1,-0.0939462313660277,-0.0939462313660277,0
MODEL A2 - MARKET Z60,MSFT,2026-04-30,2026,1,0.5833010468130287,-0.0486231909975883,1,-0.0486231909975883,-0.0486231909975883,0
MODEL A2 - MARKET Z60,MSFT,2026-05-15,2026,1,0.5596498616529029,0.0455934971675224,1,0.0455934971675224,0.0455934971675224,1
MODEL A2 - MARKET Z60,MSFT,2026-07-30,2026,1,0.5777580926233626,0.1220931472113604,1,0.1220931472113604,0.1220931472113604,1
MODEL A2 - MARKET Z60,NVDA,2023-02-23,2023,1,0.4646649536826895,0.1314799658289571,-1,-0.1314799658289571,-0.1314799658289571,0
MODEL A2 - MARKET Z60,NVDA,2023-03-09,2023,1,0.4170204204763121,-0.0134832806130565,-1,0.0134832806130565,0.0134832806130565,1
MODEL A2 - MARKET Z60,NVDA,2023-05-25,2023,1,0.6191486839915065,0.219363529826235,1,0.219363529826235,0.219363529826235,1
MODEL A2 - MARKET Z60,NVDA,2023-06-28,2023,1,0.3740588536247564,-0.0200766083792651,-1,0.0200766083792651,0.0200766083792651,1
MODEL A2 - MARKET Z60,NVDA,2023-07-25,2023,1,0.5481856986406574,0.0171395334178012,1,0.0171395334178012,0.0171395334178012,1
MODEL A2 - MARKET Z60,NVDA,2023-08-24,2023,1,0.4217606506064352,0.0223731568464525,-1,-0.0223731568464525,-0.0223731568464525,0
MODEL A2 - MARKET Z60,NVDA,2023-10-18,2023,1,0.654429210165489,-0.0265288195123467,1,-0.0265288195123467,-0.0265288195123467,0
MODEL A2 - MARKET Z60,NVDA,2023-10-24,2023,1,0.1505480210475069,0.0062812474414595,-1,-0.0062812474414595,-0.0062812474414595,0
MODEL A2 - MARKET Z60,NVDA,2023-11-22,2023,1,0.4403494502926967,-0.0286804745285783,-1,0.0286804745285783,0.0286804745285783,1
MODEL A2 - MARKET Z60,NVDA,2024-02-22,2024,1,0.4658147270195946,0.1347331233938145,-1,-0.1347331233938145,-0.1347331233938145,0
MODEL A2 - MARKET Z60,NVDA,2024-03-15,2024,1,0.3603465924611203,0.0106702494368107,-1,-0.0106702494368107,-0.0106702494368107,0
MODEL A2 - MARKET Z60,NVDA,2024-05-23,2024,1,0.5281922271149634,0.0976947448423268,1,0.0976947448423268,0.0976947448423268,1
MODEL A2 - MARKET Z60,NVDA,2024-06-10,2024,1,0.4211749091198369,0.0034220524577062,-1,-0.0034220524577062,-0.0034220524577062,0
MODEL A2 - MARKET Z60,NVDA,2024-07-03,2024,1,0.4329454523594224,0.0373954454495826,-1,-0.0373954454495826,-0.0373954454495826,0
MODEL A2 - MARKET Z60,NVDA,2024-08-29,2024,1,0.5687079566564349,-0.0623846340010401,1,-0.0623846340010401,-0.0623846340010401,0
MODEL A2 - MARKET Z60,NVDA,2024-11-08,2024,1,0.4126060723079386,-0.0095643585027894,-1,0.0095643585027894,0.0095643585027894,1
MODEL A2 - MARKET Z60,NVDA,2024-11-21,2024,1,0.5884328763537124,0.0017493095739897,1,0.0017493095739897,0.0017493095739897,1
MODEL A2 - MARKET Z60,NVDA,2025-01-21,2025,1,0.3942864259223834,0.0167913367997363,-1,-0.0167913367997363,-0.0167913367997363,0
MODEL A2 - MARKET Z60,NVDA,2025-02-27,2025,1,0.5082629174005613,-0.0570094700750506,1,-0.0570094700750506,-0.0570094700750506,0
MODEL A2 - MARKET Z60,NVDA,2025-03-10,2025,1,0.5124807001913597,-0.0119136422744157,1,-0.0119136422744157,-0.0119136422744157,0
MODEL A2 - MARKET Z60,NVDA,2025-04-16,2025,1,0.2823480406780588,-0.0385630135262662,-1,0.0385630135262662,0.0385630135262662,1
MODEL A2 - MARKET Z60,NVDA,2025-05-29,2025,1,0.5318072496023548,0.0305243886578203,1,0.0305243886578203,0.0305243886578203,1
MODEL A2 - MARKET Z60,NVDA,2025-07-01,2025,1,0.5609647038117425,-0.0212560583907467,1,-0.0212560583907467,-0.0212560583907467,0
MODEL A2 - MARKET Z60,NVDA,2025-08-06,2025,1,0.6135762695275475,-0.0060758878424844,1,-0.0060758878424844,-0.0060758878424844,0
MODEL A2 - MARKET Z60,NVDA,2025-08-28,2025,1,0.6144558569232588,-0.0141342293056028,1,-0.0141342293056028,-0.0141342293056028,0
MODEL A2 - MARKET Z60,NVDA,2025-11-20,2025,1,0.5113482078579069,-0.0078528182319221,1,-0.0078528182319221,-0.0078528182319221,0
MODEL A2 - MARKET Z60,NVDA,2026-01-26,2026,1,0.3923124656900313,-0.0107942800846292,-1,0.0107942800846292,0.0107942800846292,1
MODEL A2 - MARKET Z60,NVDA,2026-02-26,2026,1,0.42984604768885,-0.042496617762763,-1,0.042496617762763,0.042496617762763,1
MODEL A2 - MARKET Z60,NVDA,2026-03-09,2026,1,0.5732279155028517,0.013806678855444,1,0.013806678855444,0.013806678855444,1
MODEL A2 - MARKET Z60,NVDA,2026-04-28,2026,1,0.3805922263280173,-0.0058242896842328,-1,0.0058242896842328,0.0058242896842328,1
MODEL A2 - MARKET Z60,NVDA,2026-05-11,2026,1,0.312832207704916,0.0168061992095833,-1,-0.0168061992095833,-0.0168061992095833,0
MODEL A2 - MARKET Z60,NVDA,2026-05-21,2026,1,0.4277342330258166,-0.0196275026130384,-1,0.0196275026130384,0.0196275026130384,1
MODEL A2 - MARKET Z60,NVDA,2026-06-22,2026,1,0.4120876713011155,-0.0071724054817254,-1,0.0071724054817254,0.0071724054817254,1
MODEL A2 - MARKET Z60,NVDA,2026-07-01,2026,1,0.3908924095660572,0.0027055922428425,-1,-0.0027055922428425,-0.0027055922428425,0
MODEL A2 - MARKET Z60,NVDA,2026-07-02,2026,1,0.5075887706181561,0.003415464384313,1,0.003415464384313,0.003415464384313,1
MODEL A3 - MARKET COMPACT,AAPL,2023-02-03,2023,1,0.4791697489031082,0.0421721212517619,-1,-0.0421721212517619,-0.0421721212517619,0
MODEL A3 - MARKET COMPACT,AAPL,2023-03-13,2023,1,0.6726623836481306,0.0058496747014107,1,0.0058496747014107,0.0058496747014107,1
MODEL A3 - MARKET COMPACT,AAPL,2023-05-05,2023,1,0.7148408934934811,0.0256726356646865,1,0.0256726356646865,0.0256726356646865,1
MODEL A3 - MARKET COMPACT,AAPL,2023-05-11,2023,1,0.5823383375686908,-0.0021656007617321,1,-0.0021656007617321,-0.0021656007617321,0
MODEL A3 - MARKET COMPACT,AAPL,2023-08-04,2023,1,0.80743997271532,-0.0433380981113111,1,-0.0433380981113111,-0.0433380981113111,0
MODEL A3 - MARKET COMPACT,AAPL,2023-11-03,2023,1,0.6152693757794417,-0.0169302656344375,1,-0.0169302656344375,-0.0169302656344375,0
MODEL A3 - MARKET COMPACT,AAPL,2024-02-02,2024,1,0.4370531472867555,-0.0223056252039232,-1,0.0223056252039232,0.0223056252039232,1
MODEL A3 - MARKET COMPACT,AAPL,2024-02-29,2024,1,0.6963688725253325,-0.0122622955467932,1,-0.0122622955467932,-0.0122622955467932,0
MODEL A3 - MARKET COMPACT,AAPL,2024-05-03,2024,1,0.5500516347229175,0.0397177789015323,1,0.0397177789015323,0.0397177789015323,1
MODEL A3 - MARKET COMPACT,AAPL,2024-05-06,2024,1,0.6258341653074732,-0.0200602495596449,1,-0.0200602495596449,-0.0200602495596449,0
MODEL A3 - MARKET COMPACT,AAPL,2024-08-02,2024,1,0.7332606650895584,0.0306044350277541,1,0.0306044350277541,0.0306044350277541,1
MODEL A3 - MARKET COMPACT,AAPL,2024-08-26,2024,1,0.568982923197585,0.0112072227058948,1,0.0112072227058948,0.0112072227058948,1
MODEL A3 - MARKET COMPACT,AAPL,2024-08-27,2024,1,0.6063530476924412,0.0007542035049934,1,0.0007542035049934,0.0007542035049934,1
MODEL A3 - MARKET COMPACT,AAPL,2024-09-10,2024,1,0.6748071910912161,-0.0128631822465463,1,-0.0128631822465463,-0.0128631822465463,0
MODEL A3 - MARKET COMPACT,AAPL,2024-11-01,2024,1,0.7616862084559625,-0.0206786790526356,1,-0.0206786790526356,-0.0206786790526356,0
MODEL A3 - MARKET COMPACT,AAPL,2025-01-06,2025,1,0.5541899301483607,-0.0047540310218148,1,-0.0047540310218148,-0.0047540310218148,0
MODEL A3 - MARKET COMPACT,AAPL,2025-01-31,2025,1,0.6461976554437528,-0.0052390794408374,1,-0.0052390794408374,-0.0052390794408374,0
MODEL A3 - MARKET COMPACT,AAPL,2025-02-26,2025,1,0.6023268403774606,-0.029455846459514,1,-0.029455846459514,-0.029455846459514,0
MODEL A3 - MARKET COMPACT,AAPL,2025-05-02,2025,1,0.4827618753913384,-0.0522055544152066,-1,0.0522055544152066,0.0522055544152066,1
MODEL A3 - MARKET COMPACT,AAPL,2025-05-13,2025,1,0.3872864356965667,-0.0050885010600298,-1,0.0050885010600298,0.0050885010600298,1
MODEL A3 - MARKET COMPACT,AAPL,2025-07-09,2025,1,0.5885048044014177,-0.0016980106453039,1,-0.0016980106453039,-0.0016980106453039,0
MODEL A3 - MARKET COMPACT,AAPL,2025-07-28,2025,1,0.6312085413431442,-0.0023302200023396,1,-0.0023302200023396,-0.0023302200023396,0
MODEL A3 - MARKET COMPACT,AAPL,2025-08-01,2025,1,0.6848289279101338,-0.0053047361680511,1,-0.0053047361680511,-0.0053047361680511,0
MODEL A3 - MARKET COMPACT,AAPL,2025-10-31,2025,1,0.5239952685243345,-0.0086189784136475,1,-0.0086189784136475,-0.0086189784136475,0
MODEL A3 - MARKET COMPACT,AAPL,2025-12-08,2025,1,0.6256853882640349,-0.0012741476869497,1,-0.0012741476869497,-0.0012741476869497,0
MODEL A3 - MARKET COMPACT,AAPL,2026-01-05,2026,1,0.4757587040920266,-0.0217799468616566,-1,0.0217799468616566,0.0217799468616566,1
MODEL A3 - MARKET COMPACT,AAPL,2026-01-30,2026,1,0.4307126388831559,0.0166569789377926,-1,-0.0166569789377926,-0.0166569789377926,0
MODEL A3 - MARKET COMPACT,AAPL,2026-02-25,2026,1,0.363657286183991,-0.0068133729662351,-1,0.0068133729662351,0.0068133729662351,1
MODEL A3 - MARKET COMPACT,AAPL,2026-04-21,2026,1,0.4139156717630762,-0.0213933529678685,-1,0.0213933529678685,0.0213933529678685,1
MODEL A3 - MARKET COMPACT,AAPL,2026-05-01,2026,1,0.4871833004499887,0.0227940049742925,-1,-0.0227940049742925,-0.0227940049742925,0
MODEL A3 - MARKET COMPACT,AAPL,2026-07-31,2026,1,0.4190710173329082,-0.0800340895161154,-1,0.0800340895161154,0.0800340895161154,1
MODEL A3 - MARKET COMPACT,MSFT,2023-01-18,2023,1,0.708082720590807,-0.0058891942743535,1,-0.0058891942743535,-0.0058891942743535,0
MODEL A3 - MARKET COMPACT,MSFT,2023-01-25,2023,1,0.6669539802999588,-0.0036888694060069,1,-0.0036888694060069,-0.0036888694060069,0
MODEL A3 - MARKET COMPACT,MSFT,2023-04-26,2023,1,0.8193536458933461,0.0663701680816697,1,0.0663701680816697,0.0663701680816697,1
MODEL A3 - MARKET COMPACT,MSFT,2023-07-05,2023,1,0.7829066550307726,0.0005001560672108,1,0.0005001560672108,0.0005001560672108,1
MODEL A3 - MARKET COMPACT,MSFT,2023-07-26,2023,1,0.5518981364479039,-0.0343106027796781,1,-0.0343106027796781,-0.0343106027796781,0
MODEL A3 - MARKET COMPACT,MSFT,2023-10-12,2023,1,0.6318614748161631,-0.0003154089273273,1,-0.0003154089273273,-0.0003154089273273,0
MODEL A3 - MARKET COMPACT,MSFT,2023-10-13,2023,1,0.6485512206029017,0.002212122150287,1,0.002212122150287,0.002212122150287,1
MODEL A3 - MARKET COMPACT,MSFT,2023-10-17,2023,1,0.5399840776444121,0.0015318669820373,1,0.0015318669820373,0.0015318669820373,1
MODEL A3 - MARKET COMPACT,MSFT,2023-10-25,2023,1,0.6545282957522426,0.0551539040598855,1,0.0551539040598855,0.0551539040598855,1
MODEL A3 - MARKET COMPACT,MSFT,2023-10-30,2023,1,0.592173029703465,0.0114750947507809,1,0.0114750947507809,0.0114750947507809,1
MODEL A3 - MARKET COMPACT,MSFT,2023-11-07,2023,1,0.4864126336354877,0.0017663775383827,-1,-0.0017663775383827,-0.0017663775383827,0
MODEL A3 - MARKET COMPACT,MSFT,2023-12-11,2023,1,0.677476941724434,-0.0163716635033072,1,-0.0163716635033072,-0.0163716635033072,0
MODEL A3 - MARKET COMPACT,MSFT,2024-01-22,2024,1,0.5693557475253419,-0.0067237569356594,1,-0.0067237569356594,-0.0067237569356594,0
MODEL A3 - MARKET COMPACT,MSFT,2024-01-31,2024,1,0.7112852765973036,-0.0073602419159359,1,-0.0073602419159359,-0.0073602419159359,0
MODEL A3 - MARKET COMPACT,MSFT,2024-04-26,2024,1,0.691844845047795,0.0028122501074114,1,0.0028122501074114,0.0028122501074114,1
MODEL A3 - MARKET COMPACT,MSFT,2024-07-31,2024,1,0.7514228920975173,-0.0403995313286478,1,-0.0403995313286478,-0.0403995313286478,0
MODEL A3 - MARKET COMPACT,MSFT,2024-08-22,2024,1,0.5524443343438771,-0.0043978381367435,1,-0.0043978381367435,-0.0043978381367435,0
MODEL A3 - MARKET COMPACT,MSFT,2024-10-31,2024,1,0.7424389939750933,-0.0352846840890707,1,-0.0352846840890707,-0.0352846840890707,0
MODEL A3 - MARKET COMPACT,MSFT,2024-12-04,2024,1,0.6109579491923117,0.0020618075228415,1,0.0020618075228415,0.0020618075228415,1
MODEL A3 - MARKET COMPACT,MSFT,2024-12-12,2024,1,0.5284727052175593,0.0077234906911873,1,0.0077234906911873,0.0077234906911873,1
MODEL A3 - MARKET COMPACT,MSFT,2025-01-23,2025,1,0.3756686317261252,-0.0009833046781402,-1,0.0009833046781402,0.0009833046781402,1
MODEL A3 - MARKET COMPACT,MSFT,2025-01-30,2025,1,0.616805100805743,-0.0660715768059522,1,-0.0660715768059522,-0.0660715768059522,0
MODEL A3 - MARKET COMPACT,MSFT,2025-05-01,2025,1,0.4685372820936435,0.0631927599118045,-1,-0.0631927599118045,-0.0631927599118045,0
MODEL A3 - MARKET COMPACT,MSFT,2025-07-02,2025,1,0.6441029577133166,-0.0089162567155702,1,-0.0089162567155702,-0.0089162567155702,0
MODEL A3 - MARKET COMPACT,MSFT,2025-07-31,2025,1,0.6732050529488186,0.0447737615238774,1,0.0447737615238774,0.0447737615238774,1
MODEL A3 - MARKET COMPACT,MSFT,2025-10-01,2025,1,0.6244558890835445,-0.0013990705371085,1,-0.0013990705371085,-0.0013990705371085,0
MODEL A3 - MARKET COMPACT,MSFT,2025-10-30,2025,1,0.5548775669052126,-0.0138682576843347,1,-0.0138682576843347,-0.0138682576843347,0
MODEL A3 - MARKET COMPACT,MSFT,2025-12-09,2025,1,0.5025423337683199,0.0008031862764581,1,0.0008031862764581,0.0008031862764581,1
MODEL A3 - MARKET COMPACT,MSFT,2026-01-29,2026,1,0.4966124859080701,-0.0939462313660277,-1,0.0939462313660277,0.0939462313660277,1
MODEL A3 - MARKET COMPACT,MSFT,2026-04-30,2026,1,0.5995173649552057,-0.0486231909975883,1,-0.0486231909975883,-0.0486231909975883,0
MODEL A3 - MARKET COMPACT,MSFT,2026-05-15,2026,1,0.5645298709197127,0.0455934971675224,1,0.0455934971675224,0.0455934971675224,1
MODEL A3 - MARKET COMPACT,MSFT,2026-07-30,2026,1,0.6100580067664501,0.1220931472113604,1,0.1220931472113604,0.1220931472113604,1
MODEL A3 - MARKET COMPACT,NVDA,2023-02-23,2023,1,0.4710169067976487,0.1314799658289571,-1,-0.1314799658289571,-0.1314799658289571,0
MODEL A3 - MARKET COMPACT,NVDA,2023-03-09,2023,1,0.4094329513541189,-0.0134832806130565,-1,0.0134832806130565,0.0134832806130565,1
MODEL A3 - MARKET COMPACT,NVDA,2023-05-25,2023,1,0.5158987307040098,0.219363529826235,1,0.219363529826235,0.219363529826235,1
MODEL A3 - MARKET COMPACT,NVDA,2023-06-28,2023,1,0.3788886240119947,-0.0200766083792651,-1,0.0200766083792651,0.0200766083792651,1
MODEL A3 - MARKET COMPACT,NVDA,2023-07-25,2023,1,0.5318834636159924,0.0171395334178012,1,0.0171395334178012,0.0171395334178012,1
MODEL A3 - MARKET COMPACT,NVDA,2023-08-24,2023,1,0.4524342858679829,0.0223731568464525,-1,-0.0223731568464525,-0.0223731568464525,0
MODEL A3 - MARKET COMPACT,NVDA,2023-10-18,2023,1,0.5332559758574705,-0.0265288195123467,1,-0.0265288195123467,-0.0265288195123467,0
MODEL A3 - MARKET COMPACT,NVDA,2023-10-24,2023,1,0.3335775643141649,0.0062812474414595,-1,-0.0062812474414595,-0.0062812474414595,0
MODEL A3 - MARKET COMPACT,NVDA,2023-11-22,2023,1,0.4657244455441887,-0.0286804745285783,-1,0.0286804745285783,0.0286804745285783,1
MODEL A3 - MARKET COMPACT,NVDA,2024-02-22,2024,1,0.417628300279564,0.1347331233938145,-1,-0.1347331233938145,-0.1347331233938145,0
MODEL A3 - MARKET COMPACT,NVDA,2024-03-15,2024,1,0.4501559805215657,0.0106702494368107,-1,-0.0106702494368107,-0.0106702494368107,0
MODEL A3 - MARKET COMPACT,NVDA,2024-05-23,2024,1,0.5758337109843825,0.0976947448423268,1,0.0976947448423268,0.0976947448423268,1
MODEL A3 - MARKET COMPACT,NVDA,2024-06-10,2024,1,0.4050962392208215,0.0034220524577062,-1,-0.0034220524577062,-0.0034220524577062,0
MODEL A3 - MARKET COMPACT,NVDA,2024-07-03,2024,1,0.4486381550238864,0.0373954454495826,-1,-0.0373954454495826,-0.0373954454495826,0
MODEL A3 - MARKET COMPACT,NVDA,2024-08-29,2024,1,0.5619482942898129,-0.0623846340010401,1,-0.0623846340010401,-0.0623846340010401,0
MODEL A3 - MARKET COMPACT,NVDA,2024-11-08,2024,1,0.4251221522455704,-0.0095643585027894,-1,0.0095643585027894,0.0095643585027894,1
MODEL A3 - MARKET COMPACT,NVDA,2024-11-21,2024,1,0.6038300645182874,0.0017493095739897,1,0.0017493095739897,0.0017493095739897,1
MODEL A3 - MARKET COMPACT,NVDA,2025-01-21,2025,1,0.4155198301648038,0.0167913367997363,-1,-0.0167913367997363,-0.0167913367997363,0
MODEL A3 - MARKET COMPACT,NVDA,2025-02-27,2025,1,0.4969965921840754,-0.0570094700750506,-1,0.0570094700750506,0.0570094700750506,1
MODEL A3 - MARKET COMPACT,NVDA,2025-03-10,2025,1,0.5274271336626049,-0.0119136422744157,1,-0.0119136422744157,-0.0119136422744157,0
MODEL A3 - MARKET COMPACT,NVDA,2025-04-16,2025,1,0.2600287161068838,-0.0385630135262662,-1,0.0385630135262662,0.0385630135262662,1
MODEL A3 - MARKET COMPACT,NVDA,2025-05-29,2025,1,0.5232700429323285,0.0305243886578203,1,0.0305243886578203,0.0305243886578203,1
MODEL A3 - MARKET COMPACT,NVDA,2025-07-01,2025,1,0.5440861408774028,-0.0212560583907467,1,-0.0212560583907467,-0.0212560583907467,0
MODEL A3 - MARKET COMPACT,NVDA,2025-08-06,2025,1,0.6179226131127818,-0.0060758878424844,1,-0.0060758878424844,-0.0060758878424844,0
MODEL A3 - MARKET COMPACT,NVDA,2025-08-28,2025,1,0.6459263113355972,-0.0141342293056028,1,-0.0141342293056028,-0.0141342293056028,0
MODEL A3 - MARKET COMPACT,NVDA,2025-11-20,2025,1,0.4851682566452522,-0.0078528182319221,-1,0.0078528182319221,0.0078528182319221,1
MODEL A3 - MARKET COMPACT,NVDA,2026-01-26,2026,1,0.4420725896353895,-0.0107942800846292,-1,0.0107942800846292,0.0107942800846292,1
MODEL A3 - MARKET COMPACT,NVDA,2026-02-26,2026,1,0.4335464463343251,-0.042496617762763,-1,0.042496617762763,0.042496617762763,1
MODEL A3 - MARKET COMPACT,NVDA,2026-03-09,2026,1,0.5804823006510013,0.013806678855444,1,0.013806678855444,0.013806678855444,1
MODEL A3 - MARKET COMPACT,NVDA,2026-04-28,2026,1,0.4007476702400089,-0.0058242896842328,-1,0.0058242896842328,0.0058242896842328,1
MODEL A3 - MARKET COMPACT,NVDA,2026-05-11,2026,1,0.3680527722682893,0.0168061992095833,-1,-0.0168061992095833,-0.0168061992095833,0
MODEL A3 - MARKET COMPACT,NVDA,2026-05-21,2026,1,0.416066690952027,-0.0196275026130384,-1,0.0196275026130384,0.0196275026130384,1
MODEL A3 - MARKET COMPACT,NVDA,2026-06-22,2026,1,0.3874799571407553,-0.0071724054817254,-1,0.0071724054817254,0.0071724054817254,1
MODEL A3 - MARKET COMPACT,NVDA,2026-07-01,2026,1,0.4011796212009899,0.0027055922428425,-1,-0.0027055922428425,-0.0027055922428425,0
MODEL A3 - MARKET COMPACT,NVDA,2026-07-02,2026,1,0.5398930489588544,0.003415464384313,1,0.003415464384313,0.003415464384313,1
MODEL B - MARKET + SEC,AAPL,2023-02-03,2023,1,0.58799352520428,0.0421721212517619,1,0.0421721212517619,0.0421721212517619,1
MODEL B - MARKET + SEC,AAPL,2023-03-13,2023,1,0.5587321755108778,0.0058496747014107,1,0.0058496747014107,0.0058496747014107,1
MODEL B - MARKET + SEC,AAPL,2023-05-05,2023,1,0.6918749246308666,0.0256726356646865,1,0.0256726356646865,0.0256726356646865,1
MODEL B - MARKET + SEC,AAPL,2023-05-11,2023,1,0.5768453435732468,-0.0021656007617321,1,-0.0021656007617321,-0.0021656007617321,0
MODEL B - MARKET + SEC,AAPL,2023-08-04,2023,1,0.7213933951702334,-0.0433380981113111,1,-0.0433380981113111,-0.0433380981113111,0
MODEL B - MARKET + SEC,AAPL,2023-11-03,2023,1,0.6587156997009682,-0.0169302656344375,1,-0.0169302656344375,-0.0169302656344375,0
MODEL B - MARKET + SEC,AAPL,2024-02-02,2024,1,0.6456028794833797,-0.0223056252039232,1,-0.0223056252039232,-0.0223056252039232,0
MODEL B - MARKET + SEC,AAPL,2024-02-29,2024,1,0.6898732324701267,-0.0122622955467932,1,-0.0122622955467932,-0.0122622955467932,0
MODEL B - MARKET + SEC,AAPL,2024-05-03,2024,1,0.5675389877381793,0.0397177789015323,1,0.0397177789015323,0.0397177789015323,1
MODEL B - MARKET + SEC,AAPL,2024-05-06,2024,1,0.2821606057931198,-0.0200602495596449,-1,0.0200602495596449,0.0200602495596449,1
MODEL B - MARKET + SEC,AAPL,2024-08-02,2024,1,0.8054973712989661,0.0306044350277541,1,0.0306044350277541,0.0306044350277541,1
MODEL B - MARKET + SEC,AAPL,2024-08-26,2024,1,0.7994737502881945,0.0112072227058948,1,0.0112072227058948,0.0112072227058948,1
MODEL B - MARKET + SEC,AAPL,2024-08-27,2024,1,0.7519175738875757,0.0007542035049934,1,0.0007542035049934,0.0007542035049934,1
MODEL B - MARKET + SEC,AAPL,2024-09-10,2024,1,0.6105782270269775,-0.0128631822465463,1,-0.0128631822465463,-0.0128631822465463,0
MODEL B - MARKET + SEC,AAPL,2024-11-01,2024,1,0.7757410213375326,-0.0206786790526356,1,-0.0206786790526356,-0.0206786790526356,0
MODEL B - MARKET + SEC,AAPL,2025-01-06,2025,1,0.5578380667028667,-0.0047540310218148,1,-0.0047540310218148,-0.0047540310218148,0
MODEL B - MARKET + SEC,AAPL,2025-01-31,2025,1,0.6015006002014117,-0.0052390794408374,1,-0.0052390794408374,-0.0052390794408374,0
MODEL B - MARKET + SEC,AAPL,2025-02-26,2025,1,0.5635271305334992,-0.029455846459514,1,-0.029455846459514,-0.029455846459514,0
MODEL B - MARKET + SEC,AAPL,2025-05-02,2025,1,0.6608458563093405,-0.0522055544152066,1,-0.0522055544152066,-0.0522055544152066,0
MODEL B - MARKET + SEC,AAPL,2025-05-13,2025,1,0.2583836498605873,-0.0050885010600298,-1,0.0050885010600298,0.0050885010600298,1
MODEL B - MARKET + SEC,AAPL,2025-07-09,2025,1,0.518404736639272,-0.0016980106453039,1,-0.0016980106453039,-0.0016980106453039,0
MODEL B - MARKET + SEC,AAPL,2025-07-28,2025,1,0.5592129742892576,-0.0023302200023396,1,-0.0023302200023396,-0.0023302200023396,0
MODEL B - MARKET + SEC,AAPL,2025-08-01,2025,1,0.539737103861637,-0.0053047361680511,1,-0.0053047361680511,-0.0053047361680511,0
MODEL B - MARKET + SEC,AAPL,2025-10-31,2025,1,0.415595601481282,-0.0086189784136475,-1,0.0086189784136475,0.0086189784136475,1
MODEL B - MARKET + SEC,AAPL,2025-12-08,2025,1,0.4945649259808787,-0.0012741476869497,-1,0.0012741476869497,0.0012741476869497,1
MODEL B - MARKET + SEC,AAPL,2026-01-05,2026,1,0.5401340197074059,-0.0217799468616566,1,-0.0217799468616566,-0.0217799468616566,0
MODEL B - MARKET + SEC,AAPL,2026-01-30,2026,1,0.3892541745322149,0.0166569789377926,-1,-0.0166569789377926,-0.0166569789377926,0
MODEL B - MARKET + SEC,AAPL,2026-02-25,2026,1,0.3814880203360575,-0.0068133729662351,-1,0.0068133729662351,0.0068133729662351,1
MODEL B - MARKET + SEC,AAPL,2026-04-21,2026,1,0.2885179335637164,-0.0213933529678685,-1,0.0213933529678685,0.0213933529678685,1
MODEL B - MARKET + SEC,AAPL,2026-05-01,2026,1,0.4574938508540943,0.0227940049742925,-1,-0.0227940049742925,-0.0227940049742925,0
MODEL B - MARKET + SEC,AAPL,2026-07-31,2026,1,0.4390524610539317,-0.0800340895161154,-1,0.0800340895161154,0.0800340895161154,1
MODEL B - MARKET + SEC,MSFT,2023-01-18,2023,1,0.6453135637447198,-0.0058891942743535,1,-0.0058891942743535,-0.0058891942743535,0
MODEL B - MARKET + SEC,MSFT,2023-01-25,2023,1,0.6447774122897862,-0.0036888694060069,1,-0.0036888694060069,-0.0036888694060069,0
MODEL B - MARKET + SEC,MSFT,2023-04-26,2023,1,0.746034738046013,0.0663701680816697,1,0.0663701680816697,0.0663701680816697,1
MODEL B - MARKET + SEC,MSFT,2023-07-05,2023,1,0.8254826117920292,0.0005001560672108,1,0.0005001560672108,0.0005001560672108,1
MODEL B - MARKET + SEC,MSFT,2023-07-26,2023,1,0.5523910046841277,-0.0343106027796781,1,-0.0343106027796781,-0.0343106027796781,0
MODEL B - MARKET + SEC,MSFT,2023-10-12,2023,1,0.7409648522419663,-0.0003154089273273,1,-0.0003154089273273,-0.0003154089273273,0
MODEL B - MARKET + SEC,MSFT,2023-10-13,2023,1,0.7653376510877359,0.002212122150287,1,0.002212122150287,0.002212122150287,1
MODEL B - MARKET + SEC,MSFT,2023-10-17,2023,1,0.6908490141067049,0.0015318669820373,1,0.0015318669820373,0.0015318669820373,1
MODEL B - MARKET + SEC,MSFT,2023-10-25,2023,1,0.7181757577568266,0.0551539040598855,1,0.0551539040598855,0.0551539040598855,1
MODEL B - MARKET + SEC,MSFT,2023-10-30,2023,1,0.6452762571831743,0.0114750947507809,1,0.0114750947507809,0.0114750947507809,1
MODEL B - MARKET + SEC,MSFT,2023-11-07,2023,1,0.6162886966330178,0.0017663775383827,1,0.0017663775383827,0.0017663775383827,1
MODEL B - MARKET + SEC,MSFT,2023-12-11,2023,1,0.591259847537023,-0.0163716635033072,1,-0.0163716635033072,-0.0163716635033072,0
MODEL B - MARKET + SEC,MSFT,2024-01-22,2024,1,0.442971571616379,-0.0067237569356594,-1,0.0067237569356594,0.0067237569356594,1
MODEL B - MARKET + SEC,MSFT,2024-01-31,2024,1,0.6210092273331507,-0.0073602419159359,1,-0.0073602419159359,-0.0073602419159359,0
MODEL B - MARKET + SEC,MSFT,2024-04-26,2024,1,0.7516841202192779,0.0028122501074114,1,0.0028122501074114,0.0028122501074114,1
MODEL B - MARKET + SEC,MSFT,2024-07-31,2024,1,0.8078107780572984,-0.0403995313286478,1,-0.0403995313286478,-0.0403995313286478,0
MODEL B - MARKET + SEC,MSFT,2024-08-22,2024,1,0.6665183799396267,-0.0043978381367435,1,-0.0043978381367435,-0.0043978381367435,0
MODEL B - MARKET + SEC,MSFT,2024-10-31,2024,1,0.6791392985178206,-0.0352846840890707,1,-0.0352846840890707,-0.0352846840890707,0
MODEL B - MARKET + SEC,MSFT,2024-12-04,2024,1,0.7076533467807655,0.0020618075228415,1,0.0020618075228415,0.0020618075228415,1
MODEL B - MARKET + SEC,MSFT,2024-12-12,2024,1,0.2402875020221256,0.0077234906911873,-1,-0.0077234906911873,-0.0077234906911873,0
MODEL B - MARKET + SEC,MSFT,2025-01-23,2025,1,0.3182503634525653,-0.0009833046781402,-1,0.0009833046781402,0.0009833046781402,1
MODEL B - MARKET + SEC,MSFT,2025-01-30,2025,1,0.6557103011837003,-0.0660715768059522,1,-0.0660715768059522,-0.0660715768059522,0
MODEL B - MARKET + SEC,MSFT,2025-05-01,2025,1,0.5999749965667921,0.0631927599118045,1,0.0631927599118045,0.0631927599118045,1
MODEL B - MARKET + SEC,MSFT,2025-07-02,2025,1,0.8120382916591753,-0.0089162567155702,1,-0.0089162567155702,-0.0089162567155702,0
MODEL B - MARKET + SEC,MSFT,2025-07-31,2025,1,0.5808171603624418,0.0447737615238774,1,0.0447737615238774,0.0447737615238774,1
MODEL B - MARKET + SEC,MSFT,2025-10-01,2025,1,0.5970313403274303,-0.0013990705371085,1,-0.0013990705371085,-0.0013990705371085,0
MODEL B - MARKET + SEC,MSFT,2025-10-30,2025,1,0.2933900784861614,-0.0138682576843347,-1,0.0138682576843347,0.0138682576843347,1
MODEL B - MARKET + SEC,MSFT,2025-12-09,2025,1,0.3832648364653587,0.0008031862764581,-1,-0.0008031862764581,-0.0008031862764581,0
MODEL B - MARKET + SEC,MSFT,2026-01-29,2026,1,0.4217928843580525,-0.0939462313660277,-1,0.0939462313660277,0.0939462313660277,1
MODEL B - MARKET + SEC,MSFT,2026-04-30,2026,1,0.6437942903839985,-0.0486231909975883,1,-0.0486231909975883,-0.0486231909975883,0
MODEL B - MARKET + SEC,MSFT,2026-05-15,2026,1,0.6594622657151354,0.0455934971675224,1,0.0455934971675224,0.0455934971675224,1
MODEL B - MARKET + SEC,MSFT,2026-07-30,2026,1,0.6707644041663479,0.1220931472113604,1,0.1220931472113604,0.1220931472113604,1
MODEL B - MARKET + SEC,NVDA,2023-02-23,2023,1,0.4256196499544609,0.1314799658289571,-1,-0.1314799658289571,-0.1314799658289571,0
MODEL B - MARKET + SEC,NVDA,2023-03-09,2023,1,0.2154696975792972,-0.0134832806130565,-1,0.0134832806130565,0.0134832806130565,1
MODEL B - MARKET + SEC,NVDA,2023-05-25,2023,1,0.4975889335363693,0.219363529826235,-1,-0.219363529826235,-0.219363529826235,0
MODEL B - MARKET + SEC,NVDA,2023-06-28,2023,1,0.2989727961515028,-0.0200766083792651,-1,0.0200766083792651,0.0200766083792651,1
MODEL B - MARKET + SEC,NVDA,2023-07-25,2023,1,0.5056383739338144,0.0171395334178012,1,0.0171395334178012,0.0171395334178012,1
MODEL B - MARKET + SEC,NVDA,2023-08-24,2023,1,0.2238171089899715,0.0223731568464525,-1,-0.0223731568464525,-0.0223731568464525,0
MODEL B - MARKET + SEC,NVDA,2023-10-18,2023,1,0.7845930816403348,-0.0265288195123467,1,-0.0265288195123467,-0.0265288195123467,0
MODEL B - MARKET + SEC,NVDA,2023-10-24,2023,1,0.4587507202318181,0.0062812474414595,-1,-0.0062812474414595,-0.0062812474414595,0
MODEL B - MARKET + SEC,NVDA,2023-11-22,2023,1,0.6154551509844042,-0.0286804745285783,1,-0.0286804745285783,-0.0286804745285783,0
MODEL B - MARKET + SEC,NVDA,2024-02-22,2024,1,0.4696577106898809,0.1347331233938145,-1,-0.1347331233938145,-0.1347331233938145,0
MODEL B - MARKET + SEC,NVDA,2024-03-15,2024,1,0.4419990205328739,0.0106702494368107,-1,-0.0106702494368107,-0.0106702494368107,0
MODEL B - MARKET + SEC,NVDA,2024-05-23,2024,1,0.5143487228255023,0.0976947448423268,1,0.0976947448423268,0.0976947448423268,1
MODEL B - MARKET + SEC,NVDA,2024-06-10,2024,1,0.4181379486473784,0.0034220524577062,-1,-0.0034220524577062,-0.0034220524577062,0
MODEL B - MARKET + SEC,NVDA,2024-07-03,2024,1,0.1716641718499854,0.0373954454495826,-1,-0.0373954454495826,-0.0373954454495826,0
MODEL B - MARKET + SEC,NVDA,2024-08-29,2024,1,0.5681101193062212,-0.0623846340010401,1,-0.0623846340010401,-0.0623846340010401,0
MODEL B - MARKET + SEC,NVDA,2024-11-08,2024,1,0.3788784371355038,-0.0095643585027894,-1,0.0095643585027894,0.0095643585027894,1
MODEL B - MARKET + SEC,NVDA,2024-11-21,2024,1,0.5681284276714413,0.0017493095739897,1,0.0017493095739897,0.0017493095739897,1
MODEL B - MARKET + SEC,NVDA,2025-01-21,2025,1,0.4046775061157091,0.0167913367997363,-1,-0.0167913367997363,-0.0167913367997363,0
MODEL B - MARKET + SEC,NVDA,2025-02-27,2025,1,0.4531313604921105,-0.0570094700750506,-1,0.0570094700750506,0.0570094700750506,1
MODEL B - MARKET + SEC,NVDA,2025-03-10,2025,1,0.3283052216536897,-0.0119136422744157,-1,0.0119136422744157,0.0119136422744157,1
MODEL B - MARKET + SEC,NVDA,2025-04-16,2025,1,0.2606079814665391,-0.0385630135262662,-1,0.0385630135262662,0.0385630135262662,1
MODEL B - MARKET + SEC,NVDA,2025-05-29,2025,1,0.444313680869189,0.0305243886578203,-1,-0.0305243886578203,-0.0305243886578203,0
MODEL B - MARKET + SEC,NVDA,2025-07-01,2025,1,0.4369191050014879,-0.0212560583907467,-1,0.0212560583907467,0.0212560583907467,1
MODEL B - MARKET + SEC,NVDA,2025-08-06,2025,1,0.5852902074529578,-0.0060758878424844,1,-0.0060758878424844,-0.0060758878424844,0
MODEL B - MARKET + SEC,NVDA,2025-08-28,2025,1,0.6439974715438717,-0.0141342293056028,1,-0.0141342293056028,-0.0141342293056028,0
MODEL B - MARKET + SEC,NVDA,2025-11-20,2025,1,0.4157367955811451,-0.0078528182319221,-1,0.0078528182319221,0.0078528182319221,1
MODEL B - MARKET + SEC,NVDA,2026-01-26,2026,1,0.3470329775576832,-0.0107942800846292,-1,0.0107942800846292,0.0107942800846292,1
MODEL B - MARKET + SEC,NVDA,2026-02-26,2026,1,0.4243663624249746,-0.042496617762763,-1,0.042496617762763,0.042496617762763,1
MODEL B - MARKET + SEC,NVDA,2026-03-09,2026,1,0.4844979798896695,0.013806678855444,-1,-0.013806678855444,-0.013806678855444,0
MODEL B - MARKET + SEC,NVDA,2026-04-28,2026,1,0.3977592623452284,-0.0058242896842328,-1,0.0058242896842328,0.0058242896842328,1
MODEL B - MARKET + SEC,NVDA,2026-05-11,2026,1,0.3532737593002371,0.0168061992095833,-1,-0.0168061992095833,-0.0168061992095833,0
MODEL B - MARKET + SEC,NVDA,2026-05-21,2026,1,0.4175675538596098,-0.0196275026130384,-1,0.0196275026130384,0.0196275026130384,1
MODEL B - MARKET + SEC,NVDA,2026-06-22,2026,1,0.408182889966073,-0.0071724054817254,-1,0.0071724054817254,0.0071724054817254,1
MODEL B - MARKET + SEC,NVDA,2026-07-01,2026,1,0.4134703651981319,0.0027055922428425,-1,-0.0027055922428425,-0.0027055922428425,0
MODEL B - MARKET + SEC,NVDA,2026-07-02,2026,1,0.5730233083223024,0.003415464384313,1,0.003415464384313,0.003415464384313,1
MODEL C - MARKET + SEC + FINBERT,AAPL,2023-02-03,2023,1,0.630403917080094,0.0421721212517619,1,0.0421721212517619,0.0421721212517619,1
MODEL C - MARKET + SEC + FINBERT,AAPL,2023-03-13,2023,1,0.5373492424472838,0.0058496747014107,1,0.0058496747014107,0.0058496747014107,1
MODEL C - MARKET + SEC + FINBERT,AAPL,2023-05-05,2023,1,0.6911082203728731,0.0256726356646865,1,0.0256726356646865,0.0256726356646865,1
MODEL C - MARKET + SEC + FINBERT,AAPL,2023-05-11,2023,1,0.5623987291135503,-0.0021656007617321,1,-0.0021656007617321,-0.0021656007617321,0
MODEL C - MARKET + SEC + FINBERT,AAPL,2023-08-04,2023,1,0.7554730932083135,-0.0433380981113111,1,-0.0433380981113111,-0.0433380981113111,0
MODEL C - MARKET + SEC + FINBERT,AAPL,2023-11-03,2023,1,0.7131705198522116,-0.0169302656344375,1,-0.0169302656344375,-0.0169302656344375,0
MODEL C - MARKET + SEC + FINBERT,AAPL,2024-02-02,2024,1,0.5367483023903047,-0.0223056252039232,1,-0.0223056252039232,-0.0223056252039232,0
MODEL C - MARKET + SEC + FINBERT,AAPL,2024-02-29,2024,1,0.7483417164663406,-0.0122622955467932,1,-0.0122622955467932,-0.0122622955467932,0
MODEL C - MARKET + SEC + FINBERT,AAPL,2024-05-03,2024,1,0.5407287219178478,0.0397177789015323,1,0.0397177789015323,0.0397177789015323,1
MODEL C - MARKET + SEC + FINBERT,AAPL,2024-05-06,2024,1,0.3951699213069631,-0.0200602495596449,-1,0.0200602495596449,0.0200602495596449,1
MODEL C - MARKET + SEC + FINBERT,AAPL,2024-08-02,2024,1,0.8150827543483756,0.0306044350277541,1,0.0306044350277541,0.0306044350277541,1
MODEL C - MARKET + SEC + FINBERT,AAPL,2024-08-26,2024,1,0.8308323313165152,0.0112072227058948,1,0.0112072227058948,0.0112072227058948,1
MODEL C - MARKET + SEC + FINBERT,AAPL,2024-08-27,2024,1,0.7835470518061649,0.0007542035049934,1,0.0007542035049934,0.0007542035049934,1
MODEL C - MARKET + SEC + FINBERT,AAPL,2024-09-10,2024,1,0.7153036171846126,-0.0128631822465463,1,-0.0128631822465463,-0.0128631822465463,0
MODEL C - MARKET + SEC + FINBERT,AAPL,2024-11-01,2024,1,0.8303012205028117,-0.0206786790526356,1,-0.0206786790526356,-0.0206786790526356,0
MODEL C - MARKET + SEC + FINBERT,AAPL,2025-01-06,2025,1,0.5814667291627105,-0.0047540310218148,1,-0.0047540310218148,-0.0047540310218148,0
MODEL C - MARKET + SEC + FINBERT,AAPL,2025-01-31,2025,1,0.590322858971693,-0.0052390794408374,1,-0.0052390794408374,-0.0052390794408374,0
MODEL C - MARKET + SEC + FINBERT,AAPL,2025-02-26,2025,1,0.560568884069199,-0.029455846459514,1,-0.029455846459514,-0.029455846459514,0
MODEL C - MARKET + SEC + FINBERT,AAPL,2025-05-02,2025,1,0.6275031036948702,-0.0522055544152066,1,-0.0522055544152066,-0.0522055544152066,0
MODEL C - MARKET + SEC + FINBERT,AAPL,2025-05-13,2025,1,0.2924716833749365,-0.0050885010600298,-1,0.0050885010600298,0.0050885010600298,1
MODEL C - MARKET + SEC + FINBERT,AAPL,2025-07-09,2025,1,0.5317437612014739,-0.0016980106453039,1,-0.0016980106453039,-0.0016980106453039,0
MODEL C - MARKET + SEC + FINBERT,AAPL,2025-07-28,2025,1,0.5712887888214933,-0.0023302200023396,1,-0.0023302200023396,-0.0023302200023396,0
MODEL C - MARKET + SEC + FINBERT,AAPL,2025-08-01,2025,1,0.5130360965104486,-0.0053047361680511,1,-0.0053047361680511,-0.0053047361680511,0
MODEL C - MARKET + SEC + FINBERT,AAPL,2025-10-31,2025,1,0.3520977802811544,-0.0086189784136475,-1,0.0086189784136475,0.0086189784136475,1
MODEL C - MARKET + SEC + FINBERT,AAPL,2025-12-08,2025,1,0.5046419578517463,-0.0012741476869497,1,-0.0012741476869497,-0.0012741476869497,0
MODEL C - MARKET + SEC + FINBERT,AAPL,2026-01-05,2026,1,0.5754815749789949,-0.0217799468616566,1,-0.0217799468616566,-0.0217799468616566,0
MODEL C - MARKET + SEC + FINBERT,AAPL,2026-01-30,2026,1,0.3552845445295884,0.0166569789377926,-1,-0.0166569789377926,-0.0166569789377926,0
MODEL C - MARKET + SEC + FINBERT,AAPL,2026-02-25,2026,1,0.3944066017406804,-0.0068133729662351,-1,0.0068133729662351,0.0068133729662351,1
MODEL C - MARKET + SEC + FINBERT,AAPL,2026-04-21,2026,1,0.2936596752864531,-0.0213933529678685,-1,0.0213933529678685,0.0213933529678685,1
MODEL C - MARKET + SEC + FINBERT,AAPL,2026-05-01,2026,1,0.4546884271373448,0.0227940049742925,-1,-0.0227940049742925,-0.0227940049742925,0
MODEL C - MARKET + SEC + FINBERT,AAPL,2026-07-31,2026,1,0.3715193535136059,-0.0800340895161154,-1,0.0800340895161154,0.0800340895161154,1
MODEL C - MARKET + SEC + FINBERT,MSFT,2023-01-18,2023,1,0.6066344817764544,-0.0058891942743535,1,-0.0058891942743535,-0.0058891942743535,0
MODEL C - MARKET + SEC + FINBERT,MSFT,2023-01-25,2023,1,0.706103940196633,-0.0036888694060069,1,-0.0036888694060069,-0.0036888694060069,0
MODEL C - MARKET + SEC + FINBERT,MSFT,2023-04-26,2023,1,0.7137749535656018,0.0663701680816697,1,0.0663701680816697,0.0663701680816697,1
MODEL C - MARKET + SEC + FINBERT,MSFT,2023-07-05,2023,1,0.8578936828990485,0.0005001560672108,1,0.0005001560672108,0.0005001560672108,1
MODEL C - MARKET + SEC + FINBERT,MSFT,2023-07-26,2023,1,0.5571887616833611,-0.0343106027796781,1,-0.0343106027796781,-0.0343106027796781,0
MODEL C - MARKET + SEC + FINBERT,MSFT,2023-10-12,2023,1,0.8037373450586448,-0.0003154089273273,1,-0.0003154089273273,-0.0003154089273273,0
MODEL C - MARKET + SEC + FINBERT,MSFT,2023-10-13,2023,1,0.7918255510962322,0.002212122150287,1,0.002212122150287,0.002212122150287,1
MODEL C - MARKET + SEC + FINBERT,MSFT,2023-10-17,2023,1,0.7336724764453186,0.0015318669820373,1,0.0015318669820373,0.0015318669820373,1
MODEL C - MARKET + SEC + FINBERT,MSFT,2023-10-25,2023,1,0.6251395716962244,0.0551539040598855,1,0.0551539040598855,0.0551539040598855,1
MODEL C - MARKET + SEC + FINBERT,MSFT,2023-10-30,2023,1,0.5774570486950502,0.0114750947507809,1,0.0114750947507809,0.0114750947507809,1
MODEL C - MARKET + SEC + FINBERT,MSFT,2023-11-07,2023,1,0.6485108824588446,0.0017663775383827,1,0.0017663775383827,0.0017663775383827,1
MODEL C - MARKET + SEC + FINBERT,MSFT,2023-12-11,2023,1,0.6388466571902682,-0.0163716635033072,1,-0.0163716635033072,-0.0163716635033072,0
MODEL C - MARKET + SEC + FINBERT,MSFT,2024-01-22,2024,1,0.4869856566605268,-0.0067237569356594,-1,0.0067237569356594,0.0067237569356594,1
MODEL C - MARKET + SEC + FINBERT,MSFT,2024-01-31,2024,1,0.5703853306968794,-0.0073602419159359,1,-0.0073602419159359,-0.0073602419159359,0
MODEL C - MARKET + SEC + FINBERT,MSFT,2024-04-26,2024,1,0.7615694241580591,0.0028122501074114,1,0.0028122501074114,0.0028122501074114,1
MODEL C - MARKET + SEC + FINBERT,MSFT,2024-07-31,2024,1,0.8150468394955369,-0.0403995313286478,1,-0.0403995313286478,-0.0403995313286478,0
MODEL C - MARKET + SEC + FINBERT,MSFT,2024-08-22,2024,1,0.6432566599088733,-0.0043978381367435,1,-0.0043978381367435,-0.0043978381367435,0
MODEL C - MARKET + SEC + FINBERT,MSFT,2024-10-31,2024,1,0.6309118837433588,-0.0352846840890707,1,-0.0352846840890707,-0.0352846840890707,0
MODEL C - MARKET + SEC + FINBERT,MSFT,2024-12-04,2024,1,0.6754736537582705,0.0020618075228415,1,0.0020618075228415,0.0020618075228415,1
MODEL C - MARKET + SEC + FINBERT,MSFT,2024-12-12,2024,1,0.2372481102809027,0.0077234906911873,-1,-0.0077234906911873,-0.0077234906911873,0
MODEL C - MARKET + SEC + FINBERT,MSFT,2025-01-23,2025,1,0.3338494006691853,-0.0009833046781402,-1,0.0009833046781402,0.0009833046781402,1
MODEL C - MARKET + SEC + FINBERT,MSFT,2025-01-30,2025,1,0.6378032192068431,-0.0660715768059522,1,-0.0660715768059522,-0.0660715768059522,0
MODEL C - MARKET + SEC + FINBERT,MSFT,2025-05-01,2025,1,0.55989329155726,0.0631927599118045,1,0.0631927599118045,0.0631927599118045,1
MODEL C - MARKET + SEC + FINBERT,MSFT,2025-07-02,2025,1,0.8138032682508264,-0.0089162567155702,1,-0.0089162567155702,-0.0089162567155702,0
MODEL C - MARKET + SEC + FINBERT,MSFT,2025-07-31,2025,1,0.5289642919918328,0.0447737615238774,1,0.0447737615238774,0.0447737615238774,1
MODEL C - MARKET + SEC + FINBERT,MSFT,2025-10-01,2025,1,0.6096206447617539,-0.0013990705371085,1,-0.0013990705371085,-0.0013990705371085,0
MODEL C - MARKET + SEC + FINBERT,MSFT,2025-10-30,2025,1,0.2599328009491253,-0.0138682576843347,-1,0.0138682576843347,0.0138682576843347,1
MODEL C - MARKET + SEC + FINBERT,MSFT,2025-12-09,2025,1,0.3928335360277611,0.0008031862764581,-1,-0.0008031862764581,-0.0008031862764581,0
MODEL C - MARKET + SEC + FINBERT,MSFT,2026-01-29,2026,1,0.3793390510885717,-0.0939462313660277,-1,0.0939462313660277,0.0939462313660277,1
MODEL C - MARKET + SEC + FINBERT,MSFT,2026-04-30,2026,1,0.5827909469248119,-0.0486231909975883,1,-0.0486231909975883,-0.0486231909975883,0
MODEL C - MARKET + SEC + FINBERT,MSFT,2026-05-15,2026,1,0.6450249978956082,0.0455934971675224,1,0.0455934971675224,0.0455934971675224,1
MODEL C - MARKET + SEC + FINBERT,MSFT,2026-07-30,2026,1,0.6607983628353455,0.1220931472113604,1,0.1220931472113604,0.1220931472113604,1
MODEL C - MARKET + SEC + FINBERT,NVDA,2023-02-23,2023,1,0.313749390775113,0.1314799658289571,-1,-0.1314799658289571,-0.1314799658289571,0
MODEL C - MARKET + SEC + FINBERT,NVDA,2023-03-09,2023,1,0.2151362890024296,-0.0134832806130565,-1,0.0134832806130565,0.0134832806130565,1
MODEL C - MARKET + SEC + FINBERT,NVDA,2023-05-25,2023,1,0.325312222308653,0.219363529826235,-1,-0.219363529826235,-0.219363529826235,0
MODEL C - MARKET + SEC + FINBERT,NVDA,2023-06-28,2023,1,0.3288865672810064,-0.0200766083792651,-1,0.0200766083792651,0.0200766083792651,1
MODEL C - MARKET + SEC + FINBERT,NVDA,2023-07-25,2023,1,0.5108528231103827,0.0171395334178012,1,0.0171395334178012,0.0171395334178012,1
MODEL C - MARKET + SEC + FINBERT,NVDA,2023-08-24,2023,1,0.1138904664328137,0.0223731568464525,-1,-0.0223731568464525,-0.0223731568464525,0
MODEL C - MARKET + SEC + FINBERT,NVDA,2023-10-18,2023,1,0.7896085336748706,-0.0265288195123467,1,-0.0265288195123467,-0.0265288195123467,0
MODEL C - MARKET + SEC + FINBERT,NVDA,2023-10-24,2023,1,0.4293257893661954,0.0062812474414595,-1,-0.0062812474414595,-0.0062812474414595,0
MODEL C - MARKET + SEC + FINBERT,NVDA,2023-11-22,2023,1,0.5216399735119637,-0.0286804745285783,1,-0.0286804745285783,-0.0286804745285783,0
MODEL C - MARKET + SEC + FINBERT,NVDA,2024-02-22,2024,1,0.3632073678635298,0.1347331233938145,-1,-0.1347331233938145,-0.1347331233938145,0
MODEL C - MARKET + SEC + FINBERT,NVDA,2024-03-15,2024,1,0.4056258972536871,0.0106702494368107,-1,-0.0106702494368107,-0.0106702494368107,0
MODEL C - MARKET + SEC + FINBERT,NVDA,2024-05-23,2024,1,0.4043318604400788,0.0976947448423268,-1,-0.0976947448423268,-0.0976947448423268,0
MODEL C - MARKET + SEC + FINBERT,NVDA,2024-06-10,2024,1,0.3843857038490463,0.0034220524577062,-1,-0.0034220524577062,-0.0034220524577062,0
MODEL C - MARKET + SEC + FINBERT,NVDA,2024-07-03,2024,1,0.1295106591542625,0.0373954454495826,-1,-0.0373954454495826,-0.0373954454495826,0
MODEL C - MARKET + SEC + FINBERT,NVDA,2024-08-29,2024,1,0.4636984337676775,-0.0623846340010401,-1,0.0623846340010401,0.0623846340010401,1
MODEL C - MARKET + SEC + FINBERT,NVDA,2024-11-08,2024,1,0.3865587700276683,-0.0095643585027894,-1,0.0095643585027894,0.0095643585027894,1
MODEL C - MARKET + SEC + FINBERT,NVDA,2024-11-21,2024,1,0.4907356106863572,0.0017493095739897,-1,-0.0017493095739897,-0.0017493095739897,0
MODEL C - MARKET + SEC + FINBERT,NVDA,2025-01-21,2025,1,0.4196995625218052,0.0167913367997363,-1,-0.0167913367997363,-0.0167913367997363,0
MODEL C - MARKET + SEC + FINBERT,NVDA,2025-02-27,2025,1,0.4323539871091674,-0.0570094700750506,-1,0.0570094700750506,0.0570094700750506,1
MODEL C - MARKET + SEC + FINBERT,NVDA,2025-03-10,2025,1,0.340357144479009,-0.0119136422744157,-1,0.0119136422744157,0.0119136422744157,1
MODEL C - MARKET + SEC + FINBERT,NVDA,2025-04-16,2025,1,0.2455960543473348,-0.0385630135262662,-1,0.0385630135262662,0.0385630135262662,1
MODEL C - MARKET + SEC + FINBERT,NVDA,2025-05-29,2025,1,0.4241437180503874,0.0305243886578203,-1,-0.0305243886578203,-0.0305243886578203,0
MODEL C - MARKET + SEC + FINBERT,NVDA,2025-07-01,2025,1,0.4147669034933495,-0.0212560583907467,-1,0.0212560583907467,0.0212560583907467,1
MODEL C - MARKET + SEC + FINBERT,NVDA,2025-08-06,2025,1,0.5750911022997738,-0.0060758878424844,1,-0.0060758878424844,-0.0060758878424844,0
MODEL C - MARKET + SEC + FINBERT,NVDA,2025-08-28,2025,1,0.6313028110445797,-0.0141342293056028,1,-0.0141342293056028,-0.0141342293056028,0
MODEL C - MARKET + SEC + FINBERT,NVDA,2025-11-20,2025,1,0.4139906251629805,-0.0078528182319221,-1,0.0078528182319221,0.0078528182319221,1
MODEL C - MARKET + SEC + FINBERT,NVDA,2026-01-26,2026,1,0.3519108540003256,-0.0107942800846292,-1,0.0107942800846292,0.0107942800846292,1
MODEL C - MARKET + SEC + FINBERT,NVDA,2026-02-26,2026,1,0.4294975306621715,-0.042496617762763,-1,0.042496617762763,0.042496617762763,1
MODEL C - MARKET + SEC + FINBERT,NVDA,2026-03-09,2026,1,0.4890356553933243,0.013806678855444,-1,-0.013806678855444,-0.013806678855444,0
MODEL C - MARKET + SEC + FINBERT,NVDA,2026-04-28,2026,1,0.4013798669359661,-0.0058242896842328,-1,0.0058242896842328,0.0058242896842328,1
MODEL C - MARKET + SEC + FINBERT,NVDA,2026-05-11,2026,1,0.3414765808131121,0.0168061992095833,-1,-0.0168061992095833,-0.0168061992095833,0
MODEL C - MARKET + SEC + FINBERT,NVDA,2026-05-21,2026,1,0.3926676746173656,-0.0196275026130384,-1,0.0196275026130384,0.0196275026130384,1
MODEL C - MARKET + SEC + FINBERT,NVDA,2026-06-22,2026,1,0.3898873915506743,-0.0071724054817254,-1,0.0071724054817254,0.0071724054817254,1
MODEL C - MARKET + SEC + FINBERT,NVDA,2026-07-01,2026,1,0.4242435143217111,0.0027055922428425,-1,-0.0027055922428425,-0.0027055922428425,0
MODEL C - MARKET + SEC + FINBERT,NVDA,2026-07-02,2026,1,0.5902146554699748,0.003415464384313,1,0.003415464384313,0.003415464384313,1
