Family,Model,Cost_Bps_Per_Side,Probability_Margin,Num_Candidate_Events,Num_Trades,Trade_Coverage,Active_Sessions,Mean_Trade_Return_Net,Median_Trade_Return_Net,Win_Rate,Avg_Win,Avg_Loss,Profit_Factor,Mean_Daily_Return_Net,Annualized_Return_Arithmetic,Annualized_Volatility,Sharpe,Sortino,HAC_t,HAC_p_value,HAC_p_value_Positive,Max_Drawdown,Cumulative_Return,CAGR,HAC_p_value_Holm,HAC_p_value_Positive_Holm
CatBoost,CAT A - MARKET,5.0,0.0,494,494,1.0,370,-0.0003535995419926743,-0.0003206273256209915,0.4757085020242915,0.00816327216135851,0.008081263056616335,0.9165436023385007,-3.0692937386349305e-05,-0.007734620221360025,0.11154021827632495,-0.06934377878119809,-0.09934769275291466,-0.1457233787073934,0.8841721790020938,0.5579139104989531,-0.21102360481578541,-0.04896177115364664,-0.013805203383925657,1.0,1.0
CatBoost,CAT B - MARKET + SEC,5.0,0.0,494,494,1.0,370,1.72545570289149e-06,-0.00026314514231681654,0.4817813765182186,0.008419123858488744,0.00782382462188708,1.0004255706719651,4.577491517352365e-06,0.0011535278623727961,0.11193962322881555,0.010304911068128864,0.014973282878252446,0.018806236474364933,0.9849998193855801,0.49249990969279006,-0.16519228268239705,-0.018187879877043178,-0.005069953263910576,1.0,1.0
CatBoost,CAT C - MARKET + SEC + FINBERT,5.0,0.0,494,494,1.0,370,0.0001416377203306197,-0.00030700435591357513,0.4797570850202429,0.008608451150040537,0.007666279722631443,1.035513059766176,-0.00010462831145616124,-0.026366334486952633,0.11157778852436094,-0.2363045085912958,-0.322220912240667,-0.4322791300331122,0.6656414191843872,0.6671792904078064,-0.1914417000100348,-0.11073302874298252,-0.031975664318144026,1.0,1.0
LSTM,LSTM A - MARKET SEQUENCE,5.0,0.0,494,494,1.0,370,0.00018995476940387312,-0.00042550692923559643,0.4777327935222672,0.008704170647648697,0.007598242700618524,1.0478678899350082,0.00011021640384971378,0.027774533770127872,0.11172697341076321,0.24859291290398652,0.3791855888321036,0.45304655122581045,0.6506236967695153,0.32531184838475763,-0.15605421393158936,0.08067239134865689,0.02171640597674207,1.0,1.0
LSTM,LSTM B - MARKET SEQUENCE + SEC,5.0,0.0,494,494,1.0,370,-0.0001241123771328328,-0.000466889619910176,0.46558704453441296,0.008599422323405376,0.0077241615480562725,0.9699332305469648,3.73055536817601e-06,0.0009400999527803545,0.11164787010420409,0.008420222901726051,0.012761352129801675,0.015015373156420866,0.9880232215627119,0.49401161078135597,-0.18737007607027423,-0.01877224790984089,-0.005233970509326058,1.0,1.0
LSTM,LSTM C - MARKET SEQUENCE + SEC + FINBERT,5.0,0.0,494,494,1.0,370,-0.00014939064438658904,-0.0005594356445426931,0.46356275303643724,0.008622026891489139,0.007729219382935802,0.9639696201038545,-5.942740156300497e-05,-0.014975705193877252,0.1120338840018638,-0.13367121319857228,-0.19817510241567782,-0.24294911945800202,0.8080998046508552,0.5959500976745724,-0.2166585821944612,-0.07356958163354888,-0.020938460499020373,1.0,1.0
Logistic,MODEL A - MARKET,5.0,0.0,494,494,1.0,370,-0.0004818327366220796,-0.00044561356163266754,0.46963562753036436,0.008144737010527635,0.008120627321884424,0.8881251718821809,-0.00016733822166865346,-0.04216923186050067,0.11266037889945481,-0.3743040123993826,-0.5178060499498103,-0.7633179374098163,0.4454725192463301,0.777263740376835,-0.21302474434821417,-0.16023346302536134,-0.047207302587568334,1.0,1.0
Logistic,MODEL B - MARKET + SEC,5.0,0.0,494,494,1.0,370,4.2718100492514165e-05,-0.00039994141345031566,0.47368421052631576,0.008617398648166259,0.007674494392413856,1.0105758616510303,0.00011200219362294992,0.02822455279298338,0.11247160706055855,0.2509482484569312,0.379213649466366,0.47425747802020124,0.6354305875120387,0.31771529375601937,-0.13892991543042488,0.08208739522622022,0.02208668906980904,1.0,1.0
Logistic,MODEL C - MARKET + SEC + FINBERT,5.0,0.0,494,494,1.0,370,0.00017219081982387943,-0.00026314514231681654,0.4817813765182186,0.00859013044262921,0.007653862423252951,1.043412652887439,0.0001504941078703549,0.037924515183329434,0.11237861319036456,0.33747093069289735,0.511223229519431,0.6387973157992202,0.5231162461581752,0.2615581230790876,-0.1342457979546403,0.12057008132772373,0.032025370644030104,1.0,1.0
TabNet,TABNET A - MARKET,5.0,0.0,494,494,1.0,370,-0.0007231586300191451,-0.0005864941508987578,0.4777327935222672,0.007759895782230872,0.00848285181331761,0.8367703926546277,-0.000258866763099804,-0.0652344243011506,0.11319205548348867,-0.5763162796409008,-0.7636083465292401,-1.2070005886720883,0.22774695169091344,0.8861265241545433,-0.29221170437658683,-0.2273686215119778,-0.06893942704739708,1.0,1.0
TabNet,TABNET B - MARKET + SEC,5.0,0.0,494,494,1.0,370,-0.0011568760640330018,-0.0011953764039318018,0.4331983805668016,0.008137482427694331,0.008260421482710322,0.7529109238257876,-0.0005293604679592653,-0.13339883792573484,0.11219681790954472,-1.1889716697071002,-1.510302490622643,-2.3206345213179143,0.020527817862070287,0.9897360910689649,-0.43682961327468706,-0.39529707677087467,-0.1300268116026002,0.431084175103476,1.0
TabNet,TABNET C - MARKET + SEC + FINBERT,5.0,0.0,494,494,1.0,370,-0.00030887481294684797,-0.0005955194803196331,0.46963562753036436,0.008344203811202962,0.007971142907613856,0.9269386727035712,-0.00013338528733539446,-0.0336130924085194,0.1126070799366682,-0.29849892588835336,-0.4269293306466836,-0.5527802519829796,0.5805502480226733,0.7097248759886634,-0.22200436910908583,-0.133915619153413,-0.039030671329345346,1.0,1.0
Transformer,TRANSFORMER A - MARKET SEQUENCE,5.0,0.0,494,494,1.0,370,0.0002692950752474274,-0.000466889619910176,0.4817813765182186,0.008712948508476284,0.007580663975957524,1.0685501088248517,9.729397437135632e-05,0.024518081541581794,0.11210061651811348,0.21871495717974135,0.3288972559355558,0.4101632601411319,0.6817831600394217,0.34089158001971087,-0.15605421393159047,0.06790585455681475,0.01835966031750691,1.0,1.0
Transformer,TRANSFORMER B - MARKET SEQUENCE + SEC,5.0,0.0,494,494,1.0,370,0.00015896877259610919,-0.0005594356445426931,0.4757085020242915,0.008722231887535611,0.0076107873355536326,1.039839090852171,2.8857817690554533e-05,0.007272170058019742,0.11231389329488646,0.064748624098768,0.0963849944794908,0.123453523533698,0.9017753568431043,0.45088767842155214,-0.1653760288392161,0.003548446811068917,0.000981357717846798,1.0,1.0
Transformer,TRANSFORMER C - MARKET SEQUENCE + SEC + FINBERT,5.0,0.0,494,494,1.0,370,-0.0005722663916376602,-0.0010815834543246297,0.44534412955465585,0.008556760166727845,0.007902141730471275,0.8694340862366741,-0.00017559808326110475,-0.044250716981798395,0.11229856967200047,-0.39404524127996515,-0.5794174881050178,-0.7218137409096491,0.47059524339966596,0.764702378300167,-0.27335261171392866,-0.166316501707235,-0.049123527578629256,1.0,1.0
Tree,TREE A - MARKET,5.0,0.0,494,494,1.0,370,-0.00046426554949648705,-0.0007156543234160531,0.46153846153846156,0.008343429137749886,0.008013718138564807,0.8924085631467793,-0.00019865262736518352,-0.05006046209602625,0.11280923982917626,-0.4437620727861596,-0.6069321474498263,-0.8436643461026475,0.3990796874103353,0.8004601562948324,-0.3203026830832729,-0.1838149823029248,-0.05469271575357182,1.0,1.0
Tree,TREE B - MARKET + SEC,5.0,0.0,494,494,1.0,370,0.00023918623088903468,-0.0005316928634475073,0.4777327935222672,0.008765156099974263,0.007559762951685051,1.0605808329692954,6.508801589145872e-05,0.016402180004647597,0.11225198915826543,0.14611928151689113,0.2127435600016736,0.2915586479504614,0.7706908365802226,0.3853454182901113,-0.14973606323044897,0.03706314207500516,0.010128643336093424,1.0,1.0
Tree,TREE C - MARKET + SEC + FINBERT,5.0,0.0,494,494,1.0,370,-0.0007018437166399569,-0.0014202861073105135,0.4251012145748988,0.008854118740770528,0.007767872294302641,0.8428382167227247,-0.0002470092679347646,-0.062246335519560686,0.11294584279524832,-0.5511166589141554,-0.7736438296368856,-1.0898718390175315,0.2760593916113954,0.8619703041943023,-0.309469722845513,-0.21885955423343073,-0.0661112200297802,1.0,1.0
XGBoost,XGB A - MARKET,5.0,0.0,494,494,1.0,370,-0.0006116851753129863,-0.0006067723990455512,0.46963562753036436,0.008021879033809874,0.008256673329956131,0.8603154058194377,-0.00011671519454262251,-0.029412229024740874,0.11160328774922268,-0.26354267529135345,-0.3716059455260651,-0.5198960109180921,0.6032630557166919,0.6983684721416541,-0.21448493711084748,-0.12037877735650448,-0.034894743854818056,1.0,1.0
XGBoost,XGB B - MARKET + SEC,5.0,0.0,494,494,1.0,370,-0.0002666179563014467,-0.0003522329780868685,0.4777327935222672,0.008225279711571956,0.008034400319162388,0.9364605909797019,4.538702578257717e-05,0.011437530497209447,0.11086263289425209,0.10316849057805888,0.15240507684570612,0.19565296218847505,0.8449256745969831,0.42246283729849154,-0.17052929240748316,0.019287645643918605,0.005304188083777861,1.0,1.0
XGBoost,XGB C - MARKET + SEC + FINBERT,5.0,0.0,494,494,1.0,370,-0.00020411977831731888,-0.00030700435591357513,0.4797570850202429,0.008246336582014097,0.007996953075587922,0.9509369699590692,5.747321889781175e-05,0.014483251162248561,0.11211405912643915,0.12918318429551062,0.1886447042667897,0.24542823194865598,0.8061804536321916,0.4030902268160958,-0.18262892832294075,0.029991521432950252,0.008216548489622388,1.0,1.0
