Test_Year,Model,Feature,Coefficient,Abs_Coefficient
2023,MODEL A - MARKET,numeric__Stock_vs_QQQ_1D,-0.3514700615189495,0.3514700615189495
2023,MODEL A - MARKET,numeric__Stock_vs_QQQ_3D,-0.03841694861481932,0.03841694861481932
2023,MODEL A - MARKET,numeric__Stock_vs_QQQ_5D,0.16506035977658784,0.16506035977658784
2023,MODEL A - MARKET,numeric__Volatility_14D,0.027995151531050172,0.027995151531050172
2023,MODEL A - MARKET,numeric__Relative_Volume_20D,-0.06459621043860793,0.06459621043860793
2023,MODEL A - MARKET,numeric__RSI_14,0.28860984384300764,0.28860984384300764
2023,MODEL A - MARKET,numeric__Price_to_SMA20,-0.38480596980799386,0.38480596980799386
2023,MODEL A - MARKET,numeric__Intraday_Return,0.10247471405577353,0.10247471405577353
2023,MODEL A - MARKET,numeric__Daily_Range,0.07002572034049195,0.07002572034049195
2023,MODEL A - MARKET,numeric__QQQ_Log_Return_1D,-0.22253631963626108,0.22253631963626108
2023,MODEL A - MARKET,numeric__QQQ_Log_Return_3D,0.09227821470204019,0.09227821470204019
2023,MODEL A - MARKET,numeric__QQQ_Log_Return_5D,0.10021012004344464,0.10021012004344464
2023,MODEL A - MARKET,numeric__QQQ_Volatility_14D,-0.03234982160500077,0.03234982160500077
2023,MODEL A - MARKET,categorical__Ticker_ADBE,-0.13054363677748115,0.13054363677748115
2023,MODEL A - MARKET,categorical__Ticker_AMD,-0.6139331511329639,0.6139331511329639
2023,MODEL A - MARKET,categorical__Ticker_AMZN,-0.2452185586540502,0.2452185586540502
2023,MODEL A - MARKET,categorical__Ticker_AVGO,-0.01708892547507945,0.01708892547507945
2023,MODEL A - MARKET,categorical__Ticker_GOOGL,0.14951414298735533,0.14951414298735533
2023,MODEL A - MARKET,categorical__Ticker_INTC,-0.662679913748255,0.662679913748255
2023,MODEL A - MARKET,categorical__Ticker_META,-0.4657693059071326,0.4657693059071326
2023,MODEL A - MARKET,categorical__Ticker_MSFT,0.5027132723313836,0.5027132723313836
2023,MODEL A - MARKET,categorical__Ticker_NFLX,-0.7122553131591319,0.7122553131591319
2023,MODEL A - MARKET,categorical__Ticker_NVDA,-0.31123348620332597,0.31123348620332597
2023,MODEL A - MARKET,categorical__Ticker_QCOM,-0.0916268504612795,0.0916268504612795
2023,MODEL A - MARKET,categorical__Ticker_TSLA,0.3933978355838788,0.3933978355838788
2023,MODEL A2 - MARKET Z60,numeric__Log_Return_1D_Z60,-0.1837236093901581,0.1837236093901581
2023,MODEL A2 - MARKET Z60,numeric__Log_Return_3D_Z60,-0.15940556390557842,0.15940556390557842
2023,MODEL A2 - MARKET Z60,numeric__Log_Return_5D_Z60,0.4357204498820293,0.4357204498820293
2023,MODEL A2 - MARKET Z60,numeric__Volatility_14D_Z60,0.10855328887400685,0.10855328887400685
2023,MODEL A2 - MARKET Z60,numeric__Relative_Volume_20D_Z60,-0.018673853221003442,0.018673853221003442
2023,MODEL A2 - MARKET Z60,numeric__RSI_14,0.12113021181333986,0.12113021181333986
2023,MODEL A2 - MARKET Z60,numeric__Price_to_SMA20_Z60,-0.29290824092186635,0.29290824092186635
2023,MODEL A2 - MARKET Z60,numeric__Intraday_Return_Z60,-0.03535969499807303,0.03535969499807303
2023,MODEL A2 - MARKET Z60,numeric__Daily_Range_Z60,-0.10076090370480817,0.10076090370480817
2023,MODEL A2 - MARKET Z60,numeric__QQQ_Log_Return_1D,-0.08002613829928729,0.08002613829928729
2023,MODEL A2 - MARKET Z60,numeric__QQQ_Log_Return_3D,0.18244263901730767,0.18244263901730767
2023,MODEL A2 - MARKET Z60,numeric__QQQ_Log_Return_5D,-0.173785750774684,0.173785750774684
2023,MODEL A2 - MARKET Z60,numeric__QQQ_Volatility_14D,-0.025040967067388373,0.025040967067388373
2023,MODEL A2 - MARKET Z60,categorical__Ticker_ADBE,-0.16266189379805976,0.16266189379805976
2023,MODEL A2 - MARKET Z60,categorical__Ticker_AMD,-0.5244850685591639,0.5244850685591639
2023,MODEL A2 - MARKET Z60,categorical__Ticker_AMZN,-0.24628846188363426,0.24628846188363426
2023,MODEL A2 - MARKET Z60,categorical__Ticker_AVGO,-0.038629173250662244,0.038629173250662244
2023,MODEL A2 - MARKET Z60,categorical__Ticker_GOOGL,0.14576255843555164,0.14576255843555164
2023,MODEL A2 - MARKET Z60,categorical__Ticker_INTC,-0.6534512940758406,0.6534512940758406
2023,MODEL A2 - MARKET Z60,categorical__Ticker_META,-0.41749575750172063,0.41749575750172063
2023,MODEL A2 - MARKET Z60,categorical__Ticker_MSFT,0.47291067475747034,0.47291067475747034
2023,MODEL A2 - MARKET Z60,categorical__Ticker_NFLX,-0.7543718793805904,0.7543718793805904
2023,MODEL A2 - MARKET Z60,categorical__Ticker_NVDA,-0.3641166733846917,0.3641166733846917
2023,MODEL A2 - MARKET Z60,categorical__Ticker_QCOM,-0.11946673595881858,0.11946673595881858
2023,MODEL A2 - MARKET Z60,categorical__Ticker_TSLA,0.3105797923464046,0.3105797923464046
2023,MODEL A3 - MARKET COMPACT,numeric__Log_Return_1D_Z60,-0.22977886337965206,0.22977886337965206
2023,MODEL A3 - MARKET COMPACT,numeric__Log_Return_5D_Z60,0.3369979359159141,0.3369979359159141
2023,MODEL A3 - MARKET COMPACT,numeric__Volatility_14D_Z60,0.11802704084040555,0.11802704084040555
2023,MODEL A3 - MARKET COMPACT,numeric__Relative_Volume_20D_Z60,-0.022421122185035718,0.022421122185035718
2023,MODEL A3 - MARKET COMPACT,numeric__RSI_14,0.12020759281558906,0.12020759281558906
2023,MODEL A3 - MARKET COMPACT,numeric__Price_to_SMA20_Z60,-0.2985022199315105,0.2985022199315105
2023,MODEL A3 - MARKET COMPACT,numeric__Intraday_Return_Z60,-0.03861857880635306,0.03861857880635306
2023,MODEL A3 - MARKET COMPACT,numeric__Daily_Range_Z60,-0.10576267138160372,0.10576267138160372
2023,MODEL A3 - MARKET COMPACT,numeric__QQQ_Log_Return_1D,-0.023400644431572436,0.023400644431572436
2023,MODEL A3 - MARKET COMPACT,numeric__QQQ_Log_Return_5D,-0.054291737363414555,0.054291737363414555
2023,MODEL A3 - MARKET COMPACT,numeric__QQQ_Volatility_14D,-0.03358756901131442,0.03358756901131442
2023,MODEL A3 - MARKET COMPACT,categorical__Ticker_ADBE,-0.15263900390367932,0.15263900390367932
2023,MODEL A3 - MARKET COMPACT,categorical__Ticker_AMD,-0.525444605054554,0.525444605054554
2023,MODEL A3 - MARKET COMPACT,categorical__Ticker_AMZN,-0.25086732235567066,0.25086732235567066
2023,MODEL A3 - MARKET COMPACT,categorical__Ticker_AVGO,-0.03737661915548217,0.03737661915548217
2023,MODEL A3 - MARKET COMPACT,categorical__Ticker_GOOGL,0.15159170204704348,0.15159170204704348
2023,MODEL A3 - MARKET COMPACT,categorical__Ticker_INTC,-0.6331034079204191,0.6331034079204191
2023,MODEL A3 - MARKET COMPACT,categorical__Ticker_META,-0.39932966592132974,0.39932966592132974
2023,MODEL A3 - MARKET COMPACT,categorical__Ticker_MSFT,0.459526895073317,0.459526895073317
2023,MODEL A3 - MARKET COMPACT,categorical__Ticker_NFLX,-0.7472979069981484,0.7472979069981484
2023,MODEL A3 - MARKET COMPACT,categorical__Ticker_NVDA,-0.36309317799281865,0.36309317799281865
2023,MODEL A3 - MARKET COMPACT,categorical__Ticker_QCOM,-0.11847054657085675,0.11847054657085675
2023,MODEL A3 - MARKET COMPACT,categorical__Ticker_TSLA,0.319619802536651,0.319619802536651
2023,MODEL B - MARKET + SEC,numeric__Stock_vs_QQQ_1D,-0.40116584704210995,0.40116584704210995
2023,MODEL B - MARKET + SEC,numeric__Stock_vs_QQQ_3D,-0.04951005752191115,0.04951005752191115
2023,MODEL B - MARKET + SEC,numeric__Stock_vs_QQQ_5D,0.17976703389717624,0.17976703389717624
2023,MODEL B - MARKET + SEC,numeric__Volatility_14D,0.017211371865422306,0.017211371865422306
2023,MODEL B - MARKET + SEC,numeric__Relative_Volume_20D,-0.10313449094124505,0.10313449094124505
2023,MODEL B - MARKET + SEC,numeric__RSI_14,0.2994287872273362,0.2994287872273362
2023,MODEL B - MARKET + SEC,numeric__Price_to_SMA20,-0.43325287235550186,0.43325287235550186
2023,MODEL B - MARKET + SEC,numeric__Intraday_Return,0.14763285977118482,0.14763285977118482
2023,MODEL B - MARKET + SEC,numeric__Daily_Range,0.06968826800901871,0.06968826800901871
2023,MODEL B - MARKET + SEC,numeric__QQQ_Log_Return_1D,-0.21421103073549258,0.21421103073549258
2023,MODEL B - MARKET + SEC,numeric__QQQ_Log_Return_3D,0.06743506716881313,0.06743506716881313
2023,MODEL B - MARKET + SEC,numeric__QQQ_Log_Return_5D,0.12585715277643367,0.12585715277643367
2023,MODEL B - MARKET + SEC,numeric__QQQ_Volatility_14D,-0.030359709127406608,0.030359709127406608
2023,MODEL B - MARKET + SEC,categorical__Ticker_ADBE,-0.12370484315582636,0.12370484315582636
2023,MODEL B - MARKET + SEC,categorical__Ticker_AMD,-0.6078930834335997,0.6078930834335997
2023,MODEL B - MARKET + SEC,categorical__Ticker_AMZN,-0.30659182989345923,0.30659182989345923
2023,MODEL B - MARKET + SEC,categorical__Ticker_AVGO,-0.032557255670112625,0.032557255670112625
2023,MODEL B - MARKET + SEC,categorical__Ticker_GOOGL,0.15699374257658064,0.15699374257658064
2023,MODEL B - MARKET + SEC,categorical__Ticker_INTC,-0.6216102931630828,0.6216102931630828
2023,MODEL B - MARKET + SEC,categorical__Ticker_META,-0.4195708383716097,0.4195708383716097
2023,MODEL B - MARKET + SEC,categorical__Ticker_MSFT,0.5090806325366304,0.5090806325366304
2023,MODEL B - MARKET + SEC,categorical__Ticker_NFLX,-0.7151183533704895,0.7151183533704895
2023,MODEL B - MARKET + SEC,categorical__Ticker_NVDA,-0.36000960600161,0.36000960600161
2023,MODEL B - MARKET + SEC,categorical__Ticker_QCOM,-0.15470833750645224,0.15470833750645224
2023,MODEL B - MARKET + SEC,categorical__Ticker_TSLA,0.37326506910477186,0.37326506910477186
2023,MODEL B - MARKET + SEC,binary__Has_EX99,0.0005613442282597324,0.0005613442282597324
2023,MODEL B - MARKET + SEC,binary__Has_Item_1_01,0.18812485862405304,0.18812485862405304
2023,MODEL B - MARKET + SEC,binary__Has_Item_2_02,-0.14738586677794402,0.14738586677794402
2023,MODEL B - MARKET + SEC,binary__Has_Item_5_02,-0.3863388795959235,0.3863388795959235
2023,MODEL B - MARKET + SEC,binary__Has_Item_5_03,0.6357166713414352,0.6357166713414352
2023,MODEL B - MARKET + SEC,binary__Has_Item_5_07,-0.7680812659691505,0.7680812659691505
2023,MODEL B - MARKET + SEC,binary__Has_Item_7_01,-0.057017546289005926,0.057017546289005926
2023,MODEL B - MARKET + SEC,binary__Has_Item_8_01,-0.34272219901226986,0.34272219901226986
2023,MODEL B3 - COMPACT + SEC,numeric__Log_Return_1D_Z60,-0.2781502638678823,0.2781502638678823
2023,MODEL B3 - COMPACT + SEC,numeric__Log_Return_5D_Z60,0.35260263423612104,0.35260263423612104
2023,MODEL B3 - COMPACT + SEC,numeric__Volatility_14D_Z60,0.10259530890670171,0.10259530890670171
2023,MODEL B3 - COMPACT + SEC,numeric__Relative_Volume_20D_Z60,-0.034887433550922664,0.034887433550922664
2023,MODEL B3 - COMPACT + SEC,numeric__RSI_14,0.1066786772532918,0.1066786772532918
2023,MODEL B3 - COMPACT + SEC,numeric__Price_to_SMA20_Z60,-0.31670572906376276,0.31670572906376276
2023,MODEL B3 - COMPACT + SEC,numeric__Intraday_Return_Z60,-0.011551507844600087,0.011551507844600087
2023,MODEL B3 - COMPACT + SEC,numeric__Daily_Range_Z60,-0.11894460715314614,0.11894460715314614
2023,MODEL B3 - COMPACT + SEC,numeric__QQQ_Log_Return_1D,0.01152488136522464,0.01152488136522464
2023,MODEL B3 - COMPACT + SEC,numeric__QQQ_Log_Return_5D,-0.06037615376947355,0.06037615376947355
2023,MODEL B3 - COMPACT + SEC,numeric__QQQ_Volatility_14D,-0.03517506268621008,0.03517506268621008
2023,MODEL B3 - COMPACT + SEC,categorical__Ticker_ADBE,-0.13689011611118498,0.13689011611118498
2023,MODEL B3 - COMPACT + SEC,categorical__Ticker_AMD,-0.5375680633485378,0.5375680633485378
2023,MODEL B3 - COMPACT + SEC,categorical__Ticker_AMZN,-0.3140311238110229,0.3140311238110229
2023,MODEL B3 - COMPACT + SEC,categorical__Ticker_AVGO,-0.039180464709465,0.039180464709465
2023,MODEL B3 - COMPACT + SEC,categorical__Ticker_GOOGL,0.16595800456070248,0.16595800456070248
2023,MODEL B3 - COMPACT + SEC,categorical__Ticker_INTC,-0.6013974797125401,0.6013974797125401
2023,MODEL B3 - COMPACT + SEC,categorical__Ticker_META,-0.35795040187373683,0.35795040187373683
2023,MODEL B3 - COMPACT + SEC,categorical__Ticker_MSFT,0.4817010544771254,0.4817010544771254
2023,MODEL B3 - COMPACT + SEC,categorical__Ticker_NFLX,-0.7814054761930491,0.7814054761930491
2023,MODEL B3 - COMPACT + SEC,categorical__Ticker_NVDA,-0.41462646081254767,0.41462646081254767
2023,MODEL B3 - COMPACT + SEC,categorical__Ticker_QCOM,-0.1801392768505738,0.1801392768505738
2023,MODEL B3 - COMPACT + SEC,categorical__Ticker_TSLA,0.286975175686433,0.286975175686433
2023,MODEL B3 - COMPACT + SEC,binary__Has_EX99,-0.035559393301682465,0.035559393301682465
2023,MODEL B3 - COMPACT + SEC,binary__Has_Item_1_01,0.13497945571307157,0.13497945571307157
2023,MODEL B3 - COMPACT + SEC,binary__Has_Item_2_02,-0.17140861348077524,0.17140861348077524
2023,MODEL B3 - COMPACT + SEC,binary__Has_Item_5_02,-0.34478176562784985,0.34478176562784985
2023,MODEL B3 - COMPACT + SEC,binary__Has_Item_5_03,0.695975240297228,0.695975240297228
2023,MODEL B3 - COMPACT + SEC,binary__Has_Item_5_07,-0.6501411744158921,0.6501411744158921
2023,MODEL B3 - COMPACT + SEC,binary__Has_Item_7_01,-0.03969283137762054,0.03969283137762054
2023,MODEL B3 - COMPACT + SEC,binary__Has_Item_8_01,-0.33481950180150416,0.33481950180150416
2023,MODEL C - MARKET + SEC + FINBERT,numeric__Stock_vs_QQQ_1D,-0.4234535043098433,0.4234535043098433
2023,MODEL C - MARKET + SEC + FINBERT,numeric__Stock_vs_QQQ_3D,-0.03999381205503611,0.03999381205503611
2023,MODEL C - MARKET + SEC + FINBERT,numeric__Stock_vs_QQQ_5D,0.18844529475824834,0.18844529475824834
2023,MODEL C - MARKET + SEC + FINBERT,numeric__Volatility_14D,0.019492713737691254,0.019492713737691254
2023,MODEL C - MARKET + SEC + FINBERT,numeric__Relative_Volume_20D,-0.11783118437802127,0.11783118437802127
2023,MODEL C - MARKET + SEC + FINBERT,numeric__RSI_14,0.28016022841925453,0.28016022841925453
2023,MODEL C - MARKET + SEC + FINBERT,numeric__Price_to_SMA20,-0.42476473536041104,0.42476473536041104
2023,MODEL C - MARKET + SEC + FINBERT,numeric__Intraday_Return,0.15181583856662412,0.15181583856662412
2023,MODEL C - MARKET + SEC + FINBERT,numeric__Daily_Range,0.08715826256006579,0.08715826256006579
2023,MODEL C - MARKET + SEC + FINBERT,numeric__QQQ_Log_Return_1D,-0.21468357476671812,0.21468357476671812
2023,MODEL C - MARKET + SEC + FINBERT,numeric__QQQ_Log_Return_3D,0.06612180122750165,0.06612180122750165
2023,MODEL C - MARKET + SEC + FINBERT,numeric__QQQ_Log_Return_5D,0.1285960916531729,0.1285960916531729
2023,MODEL C - MARKET + SEC + FINBERT,numeric__QQQ_Volatility_14D,-0.03485973906879568,0.03485973906879568
2023,MODEL C - MARKET + SEC + FINBERT,categorical__Ticker_ADBE,-0.11038573929822275,0.11038573929822275
2023,MODEL C - MARKET + SEC + FINBERT,categorical__Ticker_AMD,-0.6193535645428133,0.6193535645428133
2023,MODEL C - MARKET + SEC + FINBERT,categorical__Ticker_AMZN,-0.30428161334057996,0.30428161334057996
2023,MODEL C - MARKET + SEC + FINBERT,categorical__Ticker_AVGO,-0.01775001575698643,0.01775001575698643
2023,MODEL C - MARKET + SEC + FINBERT,categorical__Ticker_GOOGL,0.1808996565617489,0.1808996565617489
2023,MODEL C - MARKET + SEC + FINBERT,categorical__Ticker_INTC,-0.6153585511021924,0.6153585511021924
2023,MODEL C - MARKET + SEC + FINBERT,categorical__Ticker_META,-0.4207479464048627,0.4207479464048627
2023,MODEL C - MARKET + SEC + FINBERT,categorical__Ticker_MSFT,0.505257118963027,0.505257118963027
2023,MODEL C - MARKET + SEC + FINBERT,categorical__Ticker_NFLX,-0.7153834203993252,0.7153834203993252
2023,MODEL C - MARKET + SEC + FINBERT,categorical__Ticker_NVDA,-0.37892134191177707,0.37892134191177707
2023,MODEL C - MARKET + SEC + FINBERT,categorical__Ticker_QCOM,-0.15237192485883086,0.15237192485883086
2023,MODEL C - MARKET + SEC + FINBERT,categorical__Ticker_TSLA,0.3487109427035642,0.3487109427035642
2023,MODEL C - MARKET + SEC + FINBERT,binary__Has_EX99,0.019276461425411725,0.019276461425411725
2023,MODEL C - MARKET + SEC + FINBERT,binary__Has_Item_1_01,0.19038607767637372,0.19038607767637372
2023,MODEL C - MARKET + SEC + FINBERT,binary__Has_Item_2_02,-0.1260799392546171,0.1260799392546171
2023,MODEL C - MARKET + SEC + FINBERT,binary__Has_Item_5_02,-0.3968654122262919,0.3968654122262919
2023,MODEL C - MARKET + SEC + FINBERT,binary__Has_Item_5_03,0.6243888034023131,0.6243888034023131
2023,MODEL C - MARKET + SEC + FINBERT,binary__Has_Item_5_07,-0.7822745815789719,0.7822745815789719
2023,MODEL C - MARKET + SEC + FINBERT,binary__Has_Item_7_01,-0.03986296662429091,0.03986296662429091
2023,MODEL C - MARKET + SEC + FINBERT,binary__Has_Item_8_01,-0.35798938247522083,0.35798938247522083
2023,MODEL C - MARKET + SEC + FINBERT,binary__Has_Sentiment_History,-0.4613486405869788,0.4613486405869788
2023,MODEL C - MARKET + SEC + FINBERT,sentiment__Mean_Net_Sentiment,0.01219911095703017,0.01219911095703017
2023,MODEL C - MARKET + SEC + FINBERT,sentiment__Sentiment_Momentum_3,-0.058165771603022574,0.058165771603022574
2023,MODEL C2 - MARKET + SEC + FINBERT CONTEXT,numeric__Stock_vs_QQQ_1D,-0.4261576214593325,0.4261576214593325
2023,MODEL C2 - MARKET + SEC + FINBERT CONTEXT,numeric__Stock_vs_QQQ_3D,-0.050827123111996934,0.050827123111996934
2023,MODEL C2 - MARKET + SEC + FINBERT CONTEXT,numeric__Stock_vs_QQQ_5D,0.1776380802437198,0.1776380802437198
2023,MODEL C2 - MARKET + SEC + FINBERT CONTEXT,numeric__Volatility_14D,0.023333054710839025,0.023333054710839025
2023,MODEL C2 - MARKET + SEC + FINBERT CONTEXT,numeric__Relative_Volume_20D,-0.1133340543982937,0.1133340543982937
2023,MODEL C2 - MARKET + SEC + FINBERT CONTEXT,numeric__RSI_14,0.2762674560103148,0.2762674560103148
2023,MODEL C2 - MARKET + SEC + FINBERT CONTEXT,numeric__Price_to_SMA20,-0.4291055022870719,0.4291055022870719
2023,MODEL C2 - MARKET + SEC + FINBERT CONTEXT,numeric__Intraday_Return,0.1584887343805159,0.1584887343805159
2023,MODEL C2 - MARKET + SEC + FINBERT CONTEXT,numeric__Daily_Range,0.07957554479558492,0.07957554479558492
2023,MODEL C2 - MARKET + SEC + FINBERT CONTEXT,numeric__QQQ_Log_Return_1D,-0.2091566090903809,0.2091566090903809
2023,MODEL C2 - MARKET + SEC + FINBERT CONTEXT,numeric__QQQ_Log_Return_3D,0.046997634316284585,0.046997634316284585
2023,MODEL C2 - MARKET + SEC + FINBERT CONTEXT,numeric__QQQ_Log_Return_5D,0.131796656541886,0.131796656541886
2023,MODEL C2 - MARKET + SEC + FINBERT CONTEXT,numeric__QQQ_Volatility_14D,-0.030989134380206364,0.030989134380206364
2023,MODEL C2 - MARKET + SEC + FINBERT CONTEXT,categorical__Ticker_ADBE,-0.14484839941294475,0.14484839941294475
2023,MODEL C2 - MARKET + SEC + FINBERT CONTEXT,categorical__Ticker_AMD,-0.6279397067910791,0.6279397067910791
2023,MODEL C2 - MARKET + SEC + FINBERT CONTEXT,categorical__Ticker_AMZN,-0.3184619595135122,0.3184619595135122
2023,MODEL C2 - MARKET + SEC + FINBERT CONTEXT,categorical__Ticker_AVGO,-0.03627822756761516,0.03627822756761516
2023,MODEL C2 - MARKET + SEC + FINBERT CONTEXT,categorical__Ticker_GOOGL,0.23646573356945733,0.23646573356945733
2023,MODEL C2 - MARKET + SEC + FINBERT CONTEXT,categorical__Ticker_INTC,-0.5894382094920102,0.5894382094920102
2023,MODEL C2 - MARKET + SEC + FINBERT CONTEXT,categorical__Ticker_META,-0.44284608630366257,0.44284608630366257
2023,MODEL C2 - MARKET + SEC + FINBERT CONTEXT,categorical__Ticker_MSFT,0.5063033683322575,0.5063033683322575
2023,MODEL C2 - MARKET + SEC + FINBERT CONTEXT,categorical__Ticker_NFLX,-0.736075309032738,0.736075309032738
2023,MODEL C2 - MARKET + SEC + FINBERT CONTEXT,categorical__Ticker_NVDA,-0.3810369272112094,0.3810369272112094
2023,MODEL C2 - MARKET + SEC + FINBERT CONTEXT,categorical__Ticker_QCOM,-0.1893976561457494,0.1893976561457494
2023,MODEL C2 - MARKET + SEC + FINBERT CONTEXT,categorical__Ticker_TSLA,0.36325841242467677,0.36325841242467677
2023,MODEL C2 - MARKET + SEC + FINBERT CONTEXT,binary__Has_EX99,0.014602349639820227,0.014602349639820227
2023,MODEL C2 - MARKET + SEC + FINBERT CONTEXT,binary__Has_Item_1_01,0.20325094850161882,0.20325094850161882
2023,MODEL C2 - MARKET + SEC + FINBERT CONTEXT,binary__Has_Item_2_02,-0.08425487315138923,0.08425487315138923
2023,MODEL C2 - MARKET + SEC + FINBERT CONTEXT,binary__Has_Item_5_02,-0.42051461071645074,0.42051461071645074
2023,MODEL C2 - MARKET + SEC + FINBERT CONTEXT,binary__Has_Item_5_03,0.6142181341561208,0.6142181341561208
2023,MODEL C2 - MARKET + SEC + FINBERT CONTEXT,binary__Has_Item_5_07,-0.8092313580896698,0.8092313580896698
2023,MODEL C2 - MARKET + SEC + FINBERT CONTEXT,binary__Has_Item_7_01,0.0024888067701728635,0.0024888067701728635
2023,MODEL C2 - MARKET + SEC + FINBERT CONTEXT,binary__Has_Item_8_01,-0.33848057650030805,0.33848057650030805
2023,MODEL C2 - MARKET + SEC + FINBERT CONTEXT,binary__Has_Sentiment_History,-0.46780615336738646,0.46780615336738646
2023,MODEL C2 - MARKET + SEC + FINBERT CONTEXT,sentiment__Mean_Net_Sentiment,0.13180383730143785,0.13180383730143785
2023,MODEL C2 - MARKET + SEC + FINBERT CONTEXT,sentiment__Sentiment_Momentum_3,-0.05342955031924226,0.05342955031924226
2023,MODEL C2 - MARKET + SEC + FINBERT CONTEXT,sentiment__Abs_Sentiment,-0.16986769208259966,0.16986769208259966
2023,MODEL C2 - MARKET + SEC + FINBERT CONTEXT,sentiment__Sentiment_x_Prior_Return_5D,0.06592598629057983,0.06592598629057983
2023,MODEL C3 - COMPACT + SEC + FINBERT,numeric__Log_Return_1D_Z60,-0.307431341531902,0.307431341531902
2023,MODEL C3 - COMPACT + SEC + FINBERT,numeric__Log_Return_5D_Z60,0.36931406226820174,0.36931406226820174
2023,MODEL C3 - COMPACT + SEC + FINBERT,numeric__Volatility_14D_Z60,0.09781201720901364,0.09781201720901364
2023,MODEL C3 - COMPACT + SEC + FINBERT,numeric__Relative_Volume_20D_Z60,-0.03657812549453459,0.03657812549453459
2023,MODEL C3 - COMPACT + SEC + FINBERT,numeric__RSI_14,0.08383919987564824,0.08383919987564824
2023,MODEL C3 - COMPACT + SEC + FINBERT,numeric__Price_to_SMA20_Z60,-0.3001573942368425,0.3001573942368425
2023,MODEL C3 - COMPACT + SEC + FINBERT,numeric__Intraday_Return_Z60,0.002817256099035696,0.002817256099035696
2023,MODEL C3 - COMPACT + SEC + FINBERT,numeric__Daily_Range_Z60,-0.12179015463131854,0.12179015463131854
2023,MODEL C3 - COMPACT + SEC + FINBERT,numeric__QQQ_Log_Return_1D,0.0209437346745405,0.0209437346745405
2023,MODEL C3 - COMPACT + SEC + FINBERT,numeric__QQQ_Log_Return_5D,-0.07193019082971687,0.07193019082971687
2023,MODEL C3 - COMPACT + SEC + FINBERT,numeric__QQQ_Volatility_14D,-0.028484304760750232,0.028484304760750232
2023,MODEL C3 - COMPACT + SEC + FINBERT,categorical__Ticker_ADBE,-0.14554745767226368,0.14554745767226368
2023,MODEL C3 - COMPACT + SEC + FINBERT,categorical__Ticker_AMD,-0.5562207643109763,0.5562207643109763
2023,MODEL C3 - COMPACT + SEC + FINBERT,categorical__Ticker_AMZN,-0.3249682824822678,0.3249682824822678
2023,MODEL C3 - COMPACT + SEC + FINBERT,categorical__Ticker_AVGO,-0.0438135906108816,0.0438135906108816
2023,MODEL C3 - COMPACT + SEC + FINBERT,categorical__Ticker_GOOGL,0.1740892980675039,0.1740892980675039
2023,MODEL C3 - COMPACT + SEC + FINBERT,categorical__Ticker_INTC,-0.611570546316903,0.611570546316903
2023,MODEL C3 - COMPACT + SEC + FINBERT,categorical__Ticker_META,-0.36243572072868646,0.36243572072868646
2023,MODEL C3 - COMPACT + SEC + FINBERT,categorical__Ticker_MSFT,0.4846937952368085,0.4846937952368085
2023,MODEL C3 - COMPACT + SEC + FINBERT,categorical__Ticker_NFLX,-0.7909393101701077,0.7909393101701077
2023,MODEL C3 - COMPACT + SEC + FINBERT,categorical__Ticker_NVDA,-0.42141963716249403,0.42141963716249403
2023,MODEL C3 - COMPACT + SEC + FINBERT,categorical__Ticker_QCOM,-0.19676500631044172,0.19676500631044172
2023,MODEL C3 - COMPACT + SEC + FINBERT,categorical__Ticker_TSLA,0.2937884030549088,0.2937884030549088
2023,MODEL C3 - COMPACT + SEC + FINBERT,binary__Has_EX99,-0.033363174259985626,0.033363174259985626
2023,MODEL C3 - COMPACT + SEC + FINBERT,binary__Has_Item_1_01,0.1354331004033203,0.1354331004033203
2023,MODEL C3 - COMPACT + SEC + FINBERT,binary__Has_Item_2_02,-0.18977050429113929,0.18977050429113929
2023,MODEL C3 - COMPACT + SEC + FINBERT,binary__Has_Item_5_02,-0.3442323341138575,0.3442323341138575
2023,MODEL C3 - COMPACT + SEC + FINBERT,binary__Has_Item_5_03,0.6994724616636532,0.6994724616636532
2023,MODEL C3 - COMPACT + SEC + FINBERT,binary__Has_Item_5_07,-0.657007970331976,0.657007970331976
2023,MODEL C3 - COMPACT + SEC + FINBERT,binary__Has_Item_7_01,-0.01957175749722078,0.01957175749722078
2023,MODEL C3 - COMPACT + SEC + FINBERT,binary__Has_Item_8_01,-0.34255697481723335,0.34255697481723335
2023,MODEL C3 - COMPACT + SEC + FINBERT,binary__Has_Sentiment_History,-0.5516888951578597,0.5516888951578597
2023,MODEL C3 - COMPACT + SEC + FINBERT,sentiment__Mean_Net_Sentiment,-0.009623175993596174,0.009623175993596174
2023,MODEL C3 - COMPACT + SEC + FINBERT,sentiment__Sentiment_Momentum_3,0.005914377898437256,0.005914377898437256
2024,MODEL A - MARKET,numeric__Stock_vs_QQQ_1D,-0.3094118035034218,0.3094118035034218
2024,MODEL A - MARKET,numeric__Stock_vs_QQQ_3D,-0.03333364084157503,0.03333364084157503
2024,MODEL A - MARKET,numeric__Stock_vs_QQQ_5D,0.05191137489253585,0.05191137489253585
2024,MODEL A - MARKET,numeric__Volatility_14D,-0.029500087329025895,0.029500087329025895
2024,MODEL A - MARKET,numeric__Relative_Volume_20D,-0.07902846940093794,0.07902846940093794
2024,MODEL A - MARKET,numeric__RSI_14,0.19665159370534843,0.19665159370534843
2024,MODEL A - MARKET,numeric__Price_to_SMA20,-0.18513742941163422,0.18513742941163422
2024,MODEL A - MARKET,numeric__Intraday_Return,0.18145965721066099,0.18145965721066099
2024,MODEL A - MARKET,numeric__Daily_Range,0.06642164864840538,0.06642164864840538
2024,MODEL A - MARKET,numeric__QQQ_Log_Return_1D,-0.17302930022437418,0.17302930022437418
2024,MODEL A - MARKET,numeric__QQQ_Log_Return_3D,0.06009426644993975,0.06009426644993975
2024,MODEL A - MARKET,numeric__QQQ_Log_Return_5D,0.013566403363395258,0.013566403363395258
2024,MODEL A - MARKET,numeric__QQQ_Volatility_14D,-0.0025426341322318763,0.0025426341322318763
2024,MODEL A - MARKET,categorical__Ticker_ADBE,-0.089952826042602,0.089952826042602
2024,MODEL A - MARKET,categorical__Ticker_AMD,-0.42776122546491774,0.42776122546491774
2024,MODEL A - MARKET,categorical__Ticker_AMZN,-0.17441402316344795,0.17441402316344795
2024,MODEL A - MARKET,categorical__Ticker_AVGO,0.02982649270792691,0.02982649270792691
2024,MODEL A - MARKET,categorical__Ticker_GOOGL,0.0608791519817011,0.0608791519817011
2024,MODEL A - MARKET,categorical__Ticker_INTC,-0.5675811368203659,0.5675811368203659
2024,MODEL A - MARKET,categorical__Ticker_META,-0.30426833533599856,0.30426833533599856
2024,MODEL A - MARKET,categorical__Ticker_MSFT,0.43044850332937007,0.43044850332937007
2024,MODEL A - MARKET,categorical__Ticker_NFLX,-0.39629366311506253,0.39629366311506253
2024,MODEL A - MARKET,categorical__Ticker_NVDA,-0.19008429963449786,0.19008429963449786
2024,MODEL A - MARKET,categorical__Ticker_QCOM,-0.17642549289085968,0.17642549289085968
2024,MODEL A - MARKET,categorical__Ticker_TSLA,-0.00533163653786814,0.00533163653786814
2024,MODEL A2 - MARKET Z60,numeric__Log_Return_1D_Z60,-0.17608811828779422,0.17608811828779422
2024,MODEL A2 - MARKET Z60,numeric__Log_Return_3D_Z60,-0.10844550413120993,0.10844550413120993
2024,MODEL A2 - MARKET Z60,numeric__Log_Return_5D_Z60,0.2569302453391308,0.2569302453391308
2024,MODEL A2 - MARKET Z60,numeric__Volatility_14D_Z60,0.04881544792984431,0.04881544792984431
2024,MODEL A2 - MARKET Z60,numeric__Relative_Volume_20D_Z60,-0.025314083831407708,0.025314083831407708
2024,MODEL A2 - MARKET Z60,numeric__RSI_14,0.15203091130059868,0.15203091130059868
2024,MODEL A2 - MARKET Z60,numeric__Price_to_SMA20_Z60,-0.2722514766008116,0.2722514766008116
2024,MODEL A2 - MARKET Z60,numeric__Intraday_Return_Z60,0.04814423466683407,0.04814423466683407
2024,MODEL A2 - MARKET Z60,numeric__Daily_Range_Z60,-0.09441455755931155,0.09441455755931155
2024,MODEL A2 - MARKET Z60,numeric__QQQ_Log_Return_1D,-0.03505367464569711,0.03505367464569711
2024,MODEL A2 - MARKET Z60,numeric__QQQ_Log_Return_3D,0.1266693670840837,0.1266693670840837
2024,MODEL A2 - MARKET Z60,numeric__QQQ_Log_Return_5D,-0.12552744908780641,0.12552744908780641
2024,MODEL A2 - MARKET Z60,numeric__QQQ_Volatility_14D,0.0015896225304188865,0.0015896225304188865
2024,MODEL A2 - MARKET Z60,categorical__Ticker_ADBE,-0.1011157818295195,0.1011157818295195
2024,MODEL A2 - MARKET Z60,categorical__Ticker_AMD,-0.3712454223545029,0.3712454223545029
2024,MODEL A2 - MARKET Z60,categorical__Ticker_AMZN,-0.16652947414637792,0.16652947414637792
2024,MODEL A2 - MARKET Z60,categorical__Ticker_AVGO,0.021094592582834602,0.021094592582834602
2024,MODEL A2 - MARKET Z60,categorical__Ticker_GOOGL,0.06640967688752747,0.06640967688752747
2024,MODEL A2 - MARKET Z60,categorical__Ticker_INTC,-0.5409070540281528,0.5409070540281528
2024,MODEL A2 - MARKET Z60,categorical__Ticker_META,-0.2905490036994905,0.2905490036994905
2024,MODEL A2 - MARKET Z60,categorical__Ticker_MSFT,0.41792491873699167,0.41792491873699167
2024,MODEL A2 - MARKET Z60,categorical__Ticker_NFLX,-0.4382985933656964,0.4382985933656964
2024,MODEL A2 - MARKET Z60,categorical__Ticker_NVDA,-0.22270273492686343,0.22270273492686343
2024,MODEL A2 - MARKET Z60,categorical__Ticker_QCOM,-0.17506528056609635,0.17506528056609635
2024,MODEL A2 - MARKET Z60,categorical__Ticker_TSLA,-0.04996216890978186,0.04996216890978186
2024,MODEL A3 - MARKET COMPACT,numeric__Log_Return_1D_Z60,-0.21179428802485245,0.21179428802485245
2024,MODEL A3 - MARKET COMPACT,numeric__Log_Return_5D_Z60,0.18982907046775607,0.18982907046775607
2024,MODEL A3 - MARKET COMPACT,numeric__Volatility_14D_Z60,0.05490488610161773,0.05490488610161773
2024,MODEL A3 - MARKET COMPACT,numeric__Relative_Volume_20D_Z60,-0.025579101323117585,0.025579101323117585
2024,MODEL A3 - MARKET COMPACT,numeric__RSI_14,0.15060578459136006,0.15060578459136006
2024,MODEL A3 - MARKET COMPACT,numeric__Price_to_SMA20_Z60,-0.2722881269960015,0.2722881269960015
2024,MODEL A3 - MARKET COMPACT,numeric__Intraday_Return_Z60,0.04946336026713702,0.04946336026713702
2024,MODEL A3 - MARKET COMPACT,numeric__Daily_Range_Z60,-0.09776767564675945,0.09776767564675945
2024,MODEL A3 - MARKET COMPACT,numeric__QQQ_Log_Return_1D,0.004730255458605391,0.004730255458605391
2024,MODEL A3 - MARKET COMPACT,numeric__QQQ_Log_Return_5D,-0.042374056895340226,0.042374056895340226
2024,MODEL A3 - MARKET COMPACT,numeric__QQQ_Volatility_14D,-0.0038221266977089404,0.0038221266977089404
2024,MODEL A3 - MARKET COMPACT,categorical__Ticker_ADBE,-0.09204580949122702,0.09204580949122702
2024,MODEL A3 - MARKET COMPACT,categorical__Ticker_AMD,-0.37587662152830503,0.37587662152830503
2024,MODEL A3 - MARKET COMPACT,categorical__Ticker_AMZN,-0.16142750262627245,0.16142750262627245
2024,MODEL A3 - MARKET COMPACT,categorical__Ticker_AVGO,0.022801569639532282,0.022801569639532282
2024,MODEL A3 - MARKET COMPACT,categorical__Ticker_GOOGL,0.07045479097963499,0.07045479097963499
2024,MODEL A3 - MARKET COMPACT,categorical__Ticker_INTC,-0.535552960259704,0.535552960259704
2024,MODEL A3 - MARKET COMPACT,categorical__Ticker_META,-0.2841700053110529,0.2841700053110529
2024,MODEL A3 - MARKET COMPACT,categorical__Ticker_MSFT,0.4098539047695546,0.4098539047695546
2024,MODEL A3 - MARKET COMPACT,categorical__Ticker_NFLX,-0.43606124647953814,0.43606124647953814
2024,MODEL A3 - MARKET COMPACT,categorical__Ticker_NVDA,-0.22621633477507028,0.22621633477507028
2024,MODEL A3 - MARKET COMPACT,categorical__Ticker_QCOM,-0.17859472300845183,0.17859472300845183
2024,MODEL A3 - MARKET COMPACT,categorical__Ticker_TSLA,-0.04646311240982948,0.04646311240982948
2024,MODEL B - MARKET + SEC,numeric__Stock_vs_QQQ_1D,-0.3643343053440872,0.3643343053440872
2024,MODEL B - MARKET + SEC,numeric__Stock_vs_QQQ_3D,-0.04667993947780394,0.04667993947780394
2024,MODEL B - MARKET + SEC,numeric__Stock_vs_QQQ_5D,0.0562868575153735,0.0562868575153735
2024,MODEL B - MARKET + SEC,numeric__Volatility_14D,-0.047096164759540544,0.047096164759540544
2024,MODEL B - MARKET + SEC,numeric__Relative_Volume_20D,-0.1751819516520946,0.1751819516520946
2024,MODEL B - MARKET + SEC,numeric__RSI_14,0.2067396308300875,0.2067396308300875
2024,MODEL B - MARKET + SEC,numeric__Price_to_SMA20,-0.20708714711467946,0.20708714711467946
2024,MODEL B - MARKET + SEC,numeric__Intraday_Return,0.23222991811970053,0.23222991811970053
2024,MODEL B - MARKET + SEC,numeric__Daily_Range,0.09047002818172901,0.09047002818172901
2024,MODEL B - MARKET + SEC,numeric__QQQ_Log_Return_1D,-0.1628759309502694,0.1628759309502694
2024,MODEL B - MARKET + SEC,numeric__QQQ_Log_Return_3D,0.03236406966256064,0.03236406966256064
2024,MODEL B - MARKET + SEC,numeric__QQQ_Log_Return_5D,0.031680980830669,0.031680980830669
2024,MODEL B - MARKET + SEC,numeric__QQQ_Volatility_14D,0.0017711585552198387,0.0017711585552198387
2024,MODEL B - MARKET + SEC,categorical__Ticker_ADBE,-0.06058762366016882,0.06058762366016882
2024,MODEL B - MARKET + SEC,categorical__Ticker_AMD,-0.4034911730611709,0.4034911730611709
2024,MODEL B - MARKET + SEC,categorical__Ticker_AMZN,-0.23696336939788865,0.23696336939788865
2024,MODEL B - MARKET + SEC,categorical__Ticker_AVGO,0.050522613401734834,0.050522613401734834
2024,MODEL B - MARKET + SEC,categorical__Ticker_GOOGL,0.06798555402158121,0.06798555402158121
2024,MODEL B - MARKET + SEC,categorical__Ticker_INTC,-0.5292625587148979,0.5292625587148979
2024,MODEL B - MARKET + SEC,categorical__Ticker_META,-0.20368369006586565,0.20368369006586565
2024,MODEL B - MARKET + SEC,categorical__Ticker_MSFT,0.4535665526300846,0.4535665526300846
2024,MODEL B - MARKET + SEC,categorical__Ticker_NFLX,-0.3307729269876725,0.3307729269876725
2024,MODEL B - MARKET + SEC,categorical__Ticker_NVDA,-0.2296057863043182,0.2296057863043182
2024,MODEL B - MARKET + SEC,categorical__Ticker_QCOM,-0.2310659191866873,0.2310659191866873
2024,MODEL B - MARKET + SEC,categorical__Ticker_TSLA,-0.09487564848197957,0.09487564848197957
2024,MODEL B - MARKET + SEC,binary__Has_EX99,-0.14707449929989538,0.14707449929989538
2024,MODEL B - MARKET + SEC,binary__Has_Item_1_01,0.2822519441912621,0.2822519441912621
2024,MODEL B - MARKET + SEC,binary__Has_Item_2_02,0.16803824443256934,0.16803824443256934
2024,MODEL B - MARKET + SEC,binary__Has_Item_5_02,-0.36939942148400257,0.36939942148400257
2024,MODEL B - MARKET + SEC,binary__Has_Item_5_03,0.3799283668702724,0.3799283668702724
2024,MODEL B - MARKET + SEC,binary__Has_Item_5_07,-0.7696724389855996,0.7696724389855996
2024,MODEL B - MARKET + SEC,binary__Has_Item_7_01,0.2197707236172684,0.2197707236172684
2024,MODEL B - MARKET + SEC,binary__Has_Item_8_01,-0.3290945829232,0.3290945829232
2024,MODEL B3 - COMPACT + SEC,numeric__Log_Return_1D_Z60,-0.28065860990430863,0.28065860990430863
2024,MODEL B3 - COMPACT + SEC,numeric__Log_Return_5D_Z60,0.18544788220721223,0.18544788220721223
2024,MODEL B3 - COMPACT + SEC,numeric__Volatility_14D_Z60,0.03945831668874709,0.03945831668874709
2024,MODEL B3 - COMPACT + SEC,numeric__Relative_Volume_20D_Z60,-0.1008536879225307,0.1008536879225307
2024,MODEL B3 - COMPACT + SEC,numeric__RSI_14,0.14098858246922183,0.14098858246922183
2024,MODEL B3 - COMPACT + SEC,numeric__Price_to_SMA20_Z60,-0.27225911829118543,0.27225911829118543
2024,MODEL B3 - COMPACT + SEC,numeric__Intraday_Return_Z60,0.08899748113617584,0.08899748113617584
2024,MODEL B3 - COMPACT + SEC,numeric__Daily_Range_Z60,-0.08331960539723904,0.08331960539723904
2024,MODEL B3 - COMPACT + SEC,numeric__QQQ_Log_Return_1D,0.049132621766230275,0.049132621766230275
2024,MODEL B3 - COMPACT + SEC,numeric__QQQ_Log_Return_5D,-0.041349371678313096,0.041349371678313096
2024,MODEL B3 - COMPACT + SEC,numeric__QQQ_Volatility_14D,-0.004300300528339255,0.004300300528339255
2024,MODEL B3 - COMPACT + SEC,categorical__Ticker_ADBE,-0.06211723122181947,0.06211723122181947
2024,MODEL B3 - COMPACT + SEC,categorical__Ticker_AMD,-0.35752873542512514,0.35752873542512514
2024,MODEL B3 - COMPACT + SEC,categorical__Ticker_AMZN,-0.2302621096256595,0.2302621096256595
2024,MODEL B3 - COMPACT + SEC,categorical__Ticker_AVGO,0.02935477489265551,0.02935477489265551
2024,MODEL B3 - COMPACT + SEC,categorical__Ticker_GOOGL,0.08286458667773672,0.08286458667773672
2024,MODEL B3 - COMPACT + SEC,categorical__Ticker_INTC,-0.516806277735684,0.516806277735684
2024,MODEL B3 - COMPACT + SEC,categorical__Ticker_META,-0.20254248312428527,0.20254248312428527
2024,MODEL B3 - COMPACT + SEC,categorical__Ticker_MSFT,0.43839458089440114,0.43839458089440114
2024,MODEL B3 - COMPACT + SEC,categorical__Ticker_NFLX,-0.41279286645395813,0.41279286645395813
2024,MODEL B3 - COMPACT + SEC,categorical__Ticker_NVDA,-0.2693371253415066,0.2693371253415066
2024,MODEL B3 - COMPACT + SEC,categorical__Ticker_QCOM,-0.2372553853590957,0.2372553853590957
2024,MODEL B3 - COMPACT + SEC,categorical__Ticker_TSLA,-0.13527124043084157,0.13527124043084157
2024,MODEL B3 - COMPACT + SEC,binary__Has_EX99,-0.1574650463404981,0.1574650463404981
2024,MODEL B3 - COMPACT + SEC,binary__Has_Item_1_01,0.21823237549949612,0.21823237549949612
2024,MODEL B3 - COMPACT + SEC,binary__Has_Item_2_02,0.10799500303343908,0.10799500303343908
2024,MODEL B3 - COMPACT + SEC,binary__Has_Item_5_02,-0.37039685823075175,0.37039685823075175
2024,MODEL B3 - COMPACT + SEC,binary__Has_Item_5_03,0.4422526951169605,0.4422526951169605
2024,MODEL B3 - COMPACT + SEC,binary__Has_Item_5_07,-0.6856597918285636,0.6856597918285636
2024,MODEL B3 - COMPACT + SEC,binary__Has_Item_7_01,0.1924737612203579,0.1924737612203579
2024,MODEL B3 - COMPACT + SEC,binary__Has_Item_8_01,-0.32087398454741606,0.32087398454741606
2024,MODEL C - MARKET + SEC + FINBERT,numeric__Stock_vs_QQQ_1D,-0.3788698065617338,0.3788698065617338
2024,MODEL C - MARKET + SEC + FINBERT,numeric__Stock_vs_QQQ_3D,-0.040275024249256795,0.040275024249256795
2024,MODEL C - MARKET + SEC + FINBERT,numeric__Stock_vs_QQQ_5D,0.05760991664627511,0.05760991664627511
2024,MODEL C - MARKET + SEC + FINBERT,numeric__Volatility_14D,-0.03916524135162808,0.03916524135162808
2024,MODEL C - MARKET + SEC + FINBERT,numeric__Relative_Volume_20D,-0.1877200670157749,0.1877200670157749
2024,MODEL C - MARKET + SEC + FINBERT,numeric__RSI_14,0.19410261395904316,0.19410261395904316
2024,MODEL C - MARKET + SEC + FINBERT,numeric__Price_to_SMA20,-0.20313821843059152,0.20313821843059152
2024,MODEL C - MARKET + SEC + FINBERT,numeric__Intraday_Return,0.24310374838807908,0.24310374838807908
2024,MODEL C - MARKET + SEC + FINBERT,numeric__Daily_Range,0.10325436182342759,0.10325436182342759
2024,MODEL C - MARKET + SEC + FINBERT,numeric__QQQ_Log_Return_1D,-0.1693263692569407,0.1693263692569407
2024,MODEL C - MARKET + SEC + FINBERT,numeric__QQQ_Log_Return_3D,0.031148988544144898,0.031148988544144898
2024,MODEL C - MARKET + SEC + FINBERT,numeric__QQQ_Log_Return_5D,0.04006179062619904,0.04006179062619904
2024,MODEL C - MARKET + SEC + FINBERT,numeric__QQQ_Volatility_14D,-0.0028651210446610864,0.0028651210446610864
2024,MODEL C - MARKET + SEC + FINBERT,categorical__Ticker_ADBE,0.0013377855477509542,0.0013377855477509542
2024,MODEL C - MARKET + SEC + FINBERT,categorical__Ticker_AMD,-0.3650786906380309,0.3650786906380309
2024,MODEL C - MARKET + SEC + FINBERT,categorical__Ticker_AMZN,-0.22746223497345414,0.22746223497345414
2024,MODEL C - MARKET + SEC + FINBERT,categorical__Ticker_AVGO,0.0924327947783669,0.0924327947783669
2024,MODEL C - MARKET + SEC + FINBERT,categorical__Ticker_GOOGL,0.10635768888689778,0.10635768888689778
2024,MODEL C - MARKET + SEC + FINBERT,categorical__Ticker_INTC,-0.5373106947923696,0.5373106947923696
2024,MODEL C - MARKET + SEC + FINBERT,categorical__Ticker_META,-0.19535832763200905,0.19535832763200905
2024,MODEL C - MARKET + SEC + FINBERT,categorical__Ticker_MSFT,0.4381291877880849,0.4381291877880849
2024,MODEL C - MARKET + SEC + FINBERT,categorical__Ticker_NFLX,-0.3092381994716718,0.3092381994716718
2024,MODEL C - MARKET + SEC + FINBERT,categorical__Ticker_NVDA,-0.23423960639910835,0.23423960639910835
2024,MODEL C - MARKET + SEC + FINBERT,categorical__Ticker_QCOM,-0.18234590543707208,0.18234590543707208
2024,MODEL C - MARKET + SEC + FINBERT,categorical__Ticker_TSLA,-0.10457283707722415,0.10457283707722415
2024,MODEL C - MARKET + SEC + FINBERT,binary__Has_EX99,-0.16093744844995267,0.16093744844995267
2024,MODEL C - MARKET + SEC + FINBERT,binary__Has_Item_1_01,0.28046217255135003,0.28046217255135003
2024,MODEL C - MARKET + SEC + FINBERT,binary__Has_Item_2_02,0.1625894453252356,0.1625894453252356
2024,MODEL C - MARKET + SEC + FINBERT,binary__Has_Item_5_02,-0.38389203721943727,0.38389203721943727
2024,MODEL C - MARKET + SEC + FINBERT,binary__Has_Item_5_03,0.35474135950484653,0.35474135950484653
2024,MODEL C - MARKET + SEC + FINBERT,binary__Has_Item_5_07,-0.7825898440126604,0.7825898440126604
2024,MODEL C - MARKET + SEC + FINBERT,binary__Has_Item_7_01,0.20351203933383905,0.20351203933383905
2024,MODEL C - MARKET + SEC + FINBERT,binary__Has_Item_8_01,-0.3353094111533131,0.3353094111533131
2024,MODEL C - MARKET + SEC + FINBERT,binary__Has_Sentiment_History,-0.37458541253270206,0.37458541253270206
2024,MODEL C - MARKET + SEC + FINBERT,sentiment__Mean_Net_Sentiment,0.07782255936845235,0.07782255936845235
2024,MODEL C - MARKET + SEC + FINBERT,sentiment__Sentiment_Momentum_3,-0.06712690326461414,0.06712690326461414
2024,MODEL C2 - MARKET + SEC + FINBERT CONTEXT,numeric__Stock_vs_QQQ_1D,-0.36501960475981576,0.36501960475981576
2024,MODEL C2 - MARKET + SEC + FINBERT CONTEXT,numeric__Stock_vs_QQQ_3D,-0.05476764117873534,0.05476764117873534
2024,MODEL C2 - MARKET + SEC + FINBERT CONTEXT,numeric__Stock_vs_QQQ_5D,0.05656535642413707,0.05656535642413707
2024,MODEL C2 - MARKET + SEC + FINBERT CONTEXT,numeric__Volatility_14D,-0.04645182241200135,0.04645182241200135
2024,MODEL C2 - MARKET + SEC + FINBERT CONTEXT,numeric__Relative_Volume_20D,-0.18370720286704478,0.18370720286704478
2024,MODEL C2 - MARKET + SEC + FINBERT CONTEXT,numeric__RSI_14,0.20266504377871122,0.20266504377871122
2024,MODEL C2 - MARKET + SEC + FINBERT CONTEXT,numeric__Price_to_SMA20,-0.22668454440681818,0.22668454440681818
2024,MODEL C2 - MARKET + SEC + FINBERT CONTEXT,numeric__Intraday_Return,0.24072421151818416,0.24072421151818416
2024,MODEL C2 - MARKET + SEC + FINBERT CONTEXT,numeric__Daily_Range,0.10913467840547782,0.10913467840547782
2024,MODEL C2 - MARKET + SEC + FINBERT CONTEXT,numeric__QQQ_Log_Return_1D,-0.16941540888197998,0.16941540888197998
2024,MODEL C2 - MARKET + SEC + FINBERT CONTEXT,numeric__QQQ_Log_Return_3D,0.03191638645975617,0.03191638645975617
2024,MODEL C2 - MARKET + SEC + FINBERT CONTEXT,numeric__QQQ_Log_Return_5D,0.03726297055667325,0.03726297055667325
2024,MODEL C2 - MARKET + SEC + FINBERT CONTEXT,numeric__QQQ_Volatility_14D,0.005004614529239765,0.005004614529239765
2024,MODEL C2 - MARKET + SEC + FINBERT CONTEXT,categorical__Ticker_ADBE,-0.04793914531651291,0.04793914531651291
2024,MODEL C2 - MARKET + SEC + FINBERT CONTEXT,categorical__Ticker_AMD,-0.39714446703281564,0.39714446703281564
2024,MODEL C2 - MARKET + SEC + FINBERT CONTEXT,categorical__Ticker_AMZN,-0.246067013539692,0.246067013539692
2024,MODEL C2 - MARKET + SEC + FINBERT CONTEXT,categorical__Ticker_AVGO,0.06247209377702292,0.06247209377702292
2024,MODEL C2 - MARKET + SEC + FINBERT CONTEXT,categorical__Ticker_GOOGL,0.16455433031358646,0.16455433031358646
2024,MODEL C2 - MARKET + SEC + FINBERT CONTEXT,categorical__Ticker_INTC,-0.5266143792451349,0.5266143792451349
2024,MODEL C2 - MARKET + SEC + FINBERT CONTEXT,categorical__Ticker_META,-0.22223912903221904,0.22223912903221904
2024,MODEL C2 - MARKET + SEC + FINBERT CONTEXT,categorical__Ticker_MSFT,0.4336576227746729,0.4336576227746729
2024,MODEL C2 - MARKET + SEC + FINBERT CONTEXT,categorical__Ticker_NFLX,-0.33112975462339583,0.33112975462339583
2024,MODEL C2 - MARKET + SEC + FINBERT CONTEXT,categorical__Ticker_NVDA,-0.24206574172369694,0.24206574172369694
2024,MODEL C2 - MARKET + SEC + FINBERT CONTEXT,categorical__Ticker_QCOM,-0.24085314874687352,0.24085314874687352
2024,MODEL C2 - MARKET + SEC + FINBERT CONTEXT,categorical__Ticker_TSLA,-0.07941618657642784,0.07941618657642784
2024,MODEL C2 - MARKET + SEC + FINBERT CONTEXT,binary__Has_EX99,-0.15871560561785772,0.15871560561785772
2024,MODEL C2 - MARKET + SEC + FINBERT CONTEXT,binary__Has_Item_1_01,0.2869991423507214,0.2869991423507214
2024,MODEL C2 - MARKET + SEC + FINBERT CONTEXT,binary__Has_Item_2_02,0.21146391473797754,0.21146391473797754
2024,MODEL C2 - MARKET + SEC + FINBERT CONTEXT,binary__Has_Item_5_02,-0.41687371876093593,0.41687371876093593
2024,MODEL C2 - MARKET + SEC + FINBERT CONTEXT,binary__Has_Item_5_03,0.31871667618364397,0.31871667618364397
2024,MODEL C2 - MARKET + SEC + FINBERT CONTEXT,binary__Has_Item_5_07,-0.8220764865657181,0.8220764865657181
2024,MODEL C2 - MARKET + SEC + FINBERT CONTEXT,binary__Has_Item_7_01,0.25794709615944805,0.25794709615944805
2024,MODEL C2 - MARKET + SEC + FINBERT CONTEXT,binary__Has_Item_8_01,-0.3246957931542005,0.3246957931542005
2024,MODEL C2 - MARKET + SEC + FINBERT CONTEXT,binary__Has_Sentiment_History,-0.3715615289434588,0.3715615289434588
2024,MODEL C2 - MARKET + SEC + FINBERT CONTEXT,sentiment__Mean_Net_Sentiment,0.23547939196609421,0.23547939196609421
2024,MODEL C2 - MARKET + SEC + FINBERT CONTEXT,sentiment__Sentiment_Momentum_3,-0.07326926734138405,0.07326926734138405
2024,MODEL C2 - MARKET + SEC + FINBERT CONTEXT,sentiment__Abs_Sentiment,-0.2166538159200534,0.2166538159200534
2024,MODEL C2 - MARKET + SEC + FINBERT CONTEXT,sentiment__Sentiment_x_Prior_Return_5D,0.034460943280899214,0.034460943280899214
2024,MODEL C3 - COMPACT + SEC + FINBERT,numeric__Log_Return_1D_Z60,-0.3048339136649801,0.3048339136649801
2024,MODEL C3 - COMPACT + SEC + FINBERT,numeric__Log_Return_5D_Z60,0.19490523003095991,0.19490523003095991
2024,MODEL C3 - COMPACT + SEC + FINBERT,numeric__Volatility_14D_Z60,0.03576425689256726,0.03576425689256726
2024,MODEL C3 - COMPACT + SEC + FINBERT,numeric__Relative_Volume_20D_Z60,-0.10317638616879662,0.10317638616879662
2024,MODEL C3 - COMPACT + SEC + FINBERT,numeric__RSI_14,0.1271069912261667,0.1271069912261667
2024,MODEL C3 - COMPACT + SEC + FINBERT,numeric__Price_to_SMA20_Z60,-0.26443027344995507,0.26443027344995507
2024,MODEL C3 - COMPACT + SEC + FINBERT,numeric__Intraday_Return_Z60,0.10611428329355996,0.10611428329355996
2024,MODEL C3 - COMPACT + SEC + FINBERT,numeric__Daily_Range_Z60,-0.08580448506981876,0.08580448506981876
2024,MODEL C3 - COMPACT + SEC + FINBERT,numeric__QQQ_Log_Return_1D,0.05475022055315091,0.05475022055315091
2024,MODEL C3 - COMPACT + SEC + FINBERT,numeric__QQQ_Log_Return_5D,-0.04382263040027538,0.04382263040027538
2024,MODEL C3 - COMPACT + SEC + FINBERT,numeric__QQQ_Volatility_14D,0.0038778614868748363,0.0038778614868748363
2024,MODEL C3 - COMPACT + SEC + FINBERT,categorical__Ticker_ADBE,-0.01821391116801837,0.01821391116801837
2024,MODEL C3 - COMPACT + SEC + FINBERT,categorical__Ticker_AMD,-0.3225128949067769,0.3225128949067769
2024,MODEL C3 - COMPACT + SEC + FINBERT,categorical__Ticker_AMZN,-0.23355198550702588,0.23355198550702588
2024,MODEL C3 - COMPACT + SEC + FINBERT,categorical__Ticker_AVGO,0.054739336732541694,0.054739336732541694
2024,MODEL C3 - COMPACT + SEC + FINBERT,categorical__Ticker_GOOGL,0.10345707077276642,0.10345707077276642
2024,MODEL C3 - COMPACT + SEC + FINBERT,categorical__Ticker_INTC,-0.5306968416700321,0.5306968416700321
2024,MODEL C3 - COMPACT + SEC + FINBERT,categorical__Ticker_META,-0.19481601759149914,0.19481601759149914
2024,MODEL C3 - COMPACT + SEC + FINBERT,categorical__Ticker_MSFT,0.42658083934671925,0.42658083934671925
2024,MODEL C3 - COMPACT + SEC + FINBERT,categorical__Ticker_NFLX,-0.4029459438275604,0.4029459438275604
2024,MODEL C3 - COMPACT + SEC + FINBERT,categorical__Ticker_NVDA,-0.2666603344929511,0.2666603344929511
2024,MODEL C3 - COMPACT + SEC + FINBERT,categorical__Ticker_QCOM,-0.20707941777695207,0.20707941777695207
2024,MODEL C3 - COMPACT + SEC + FINBERT,categorical__Ticker_TSLA,-0.11956289738589866,0.11956289738589866
2024,MODEL C3 - COMPACT + SEC + FINBERT,binary__Has_EX99,-0.18195627983763513,0.18195627983763513
2024,MODEL C3 - COMPACT + SEC + FINBERT,binary__Has_Item_1_01,0.21970149334182248,0.21970149334182248
2024,MODEL C3 - COMPACT + SEC + FINBERT,binary__Has_Item_2_02,0.08640994822403499,0.08640994822403499
2024,MODEL C3 - COMPACT + SEC + FINBERT,binary__Has_Item_5_02,-0.37222438840949224,0.37222438840949224
2024,MODEL C3 - COMPACT + SEC + FINBERT,binary__Has_Item_5_03,0.4413156754599021,0.4413156754599021
2024,MODEL C3 - COMPACT + SEC + FINBERT,binary__Has_Item_5_07,-0.6892342371759618,0.6892342371759618
2024,MODEL C3 - COMPACT + SEC + FINBERT,binary__Has_Item_7_01,0.19139457437795326,0.19139457437795326
2024,MODEL C3 - COMPACT + SEC + FINBERT,binary__Has_Item_8_01,-0.31060858796933344,0.31060858796933344
2024,MODEL C3 - COMPACT + SEC + FINBERT,binary__Has_Sentiment_History,-0.40211978881521665,0.40211978881521665
2024,MODEL C3 - COMPACT + SEC + FINBERT,sentiment__Mean_Net_Sentiment,0.05569815711788373,0.05569815711788373
2024,MODEL C3 - COMPACT + SEC + FINBERT,sentiment__Sentiment_Momentum_3,-0.018939741772568873,0.018939741772568873
2025,MODEL A - MARKET,numeric__Stock_vs_QQQ_1D,-0.36287185353050017,0.36287185353050017
2025,MODEL A - MARKET,numeric__Stock_vs_QQQ_3D,0.02588474480916549,0.02588474480916549
2025,MODEL A - MARKET,numeric__Stock_vs_QQQ_5D,-0.02736077302543251,0.02736077302543251
2025,MODEL A - MARKET,numeric__Volatility_14D,0.008305944492274663,0.008305944492274663
2025,MODEL A - MARKET,numeric__Relative_Volume_20D,-0.1100333573777697,0.1100333573777697
2025,MODEL A - MARKET,numeric__RSI_14,0.21747782311788647,0.21747782311788647
2025,MODEL A - MARKET,numeric__Price_to_SMA20,-0.17136764592453924,0.17136764592453924
2025,MODEL A - MARKET,numeric__Intraday_Return,0.24412397784943576,0.24412397784943576
2025,MODEL A - MARKET,numeric__Daily_Range,0.03581744070977811,0.03581744070977811
2025,MODEL A - MARKET,numeric__QQQ_Log_Return_1D,-0.18811317415954618,0.18811317415954618
2025,MODEL A - MARKET,numeric__QQQ_Log_Return_3D,0.03723410838688896,0.03723410838688896
2025,MODEL A - MARKET,numeric__QQQ_Log_Return_5D,0.03161447789679483,0.03161447789679483
2025,MODEL A - MARKET,numeric__QQQ_Volatility_14D,-0.036397405778710964,0.036397405778710964
2025,MODEL A - MARKET,categorical__Ticker_ADBE,-0.17052129310984535,0.17052129310984535
2025,MODEL A - MARKET,categorical__Ticker_AMD,-0.4791739822094939,0.4791739822094939
2025,MODEL A - MARKET,categorical__Ticker_AMZN,0.007148569183656391,0.007148569183656391
2025,MODEL A - MARKET,categorical__Ticker_AVGO,0.09883606086398068,0.09883606086398068
2025,MODEL A - MARKET,categorical__Ticker_GOOGL,0.006733780421801945,0.006733780421801945
2025,MODEL A - MARKET,categorical__Ticker_INTC,-0.5390973129581064,0.5390973129581064
2025,MODEL A - MARKET,categorical__Ticker_META,-0.20398398703642528,0.20398398703642528
2025,MODEL A - MARKET,categorical__Ticker_MSFT,0.2768189156788268,0.2768189156788268
2025,MODEL A - MARKET,categorical__Ticker_NFLX,-0.20014687243458648,0.20014687243458648
2025,MODEL A - MARKET,categorical__Ticker_NVDA,-0.05533319132993182,0.05533319132993182
2025,MODEL A - MARKET,categorical__Ticker_QCOM,-0.3569201901544875,0.3569201901544875
2025,MODEL A - MARKET,categorical__Ticker_TSLA,-0.08601240032821454,0.08601240032821454
2025,MODEL A2 - MARKET Z60,numeric__Log_Return_1D_Z60,-0.2566128649601219,0.2566128649601219
2025,MODEL A2 - MARKET Z60,numeric__Log_Return_3D_Z60,-0.030242545164750553,0.030242545164750553
2025,MODEL A2 - MARKET Z60,numeric__Log_Return_5D_Z60,0.1314250412613086,0.1314250412613086
2025,MODEL A2 - MARKET Z60,numeric__Volatility_14D_Z60,0.053652986746012876,0.053652986746012876
2025,MODEL A2 - MARKET Z60,numeric__Relative_Volume_20D_Z60,-0.01335864940797404,0.01335864940797404
2025,MODEL A2 - MARKET Z60,numeric__RSI_14,0.14491174672244445,0.14491174672244445
2025,MODEL A2 - MARKET Z60,numeric__Price_to_SMA20_Z60,-0.22195924923847238,0.22195924923847238
2025,MODEL A2 - MARKET Z60,numeric__Intraday_Return_Z60,0.12049949820177959,0.12049949820177959
2025,MODEL A2 - MARKET Z60,numeric__Daily_Range_Z60,-0.1400302883445538,0.1400302883445538
2025,MODEL A2 - MARKET Z60,numeric__QQQ_Log_Return_1D,-0.0109104738432855,0.0109104738432855
2025,MODEL A2 - MARKET Z60,numeric__QQQ_Log_Return_3D,0.055955251783747065,0.055955251783747065
2025,MODEL A2 - MARKET Z60,numeric__QQQ_Log_Return_5D,-0.04284095531466213,0.04284095531466213
2025,MODEL A2 - MARKET Z60,numeric__QQQ_Volatility_14D,-0.017344900204512542,0.017344900204512542
2025,MODEL A2 - MARKET Z60,categorical__Ticker_ADBE,-0.19045163393286282,0.19045163393286282
2025,MODEL A2 - MARKET Z60,categorical__Ticker_AMD,-0.4322522892301314,0.4322522892301314
2025,MODEL A2 - MARKET Z60,categorical__Ticker_AMZN,0.00799529972870578,0.00799529972870578
2025,MODEL A2 - MARKET Z60,categorical__Ticker_AVGO,0.09688092443223585,0.09688092443223585
2025,MODEL A2 - MARKET Z60,categorical__Ticker_GOOGL,0.0025350605740195606,0.0025350605740195606
2025,MODEL A2 - MARKET Z60,categorical__Ticker_INTC,-0.49664368988257823,0.49664368988257823
2025,MODEL A2 - MARKET Z60,categorical__Ticker_META,-0.19613244928151288,0.19613244928151288
2025,MODEL A2 - MARKET Z60,categorical__Ticker_MSFT,0.2733836518249099,0.2733836518249099
2025,MODEL A2 - MARKET Z60,categorical__Ticker_NFLX,-0.2899137255016863,0.2899137255016863
2025,MODEL A2 - MARKET Z60,categorical__Ticker_NVDA,-0.0679141206111383,0.0679141206111383
2025,MODEL A2 - MARKET Z60,categorical__Ticker_QCOM,-0.36135684136995233,0.36135684136995233
2025,MODEL A2 - MARKET Z60,categorical__Ticker_TSLA,-0.09173709970275018,0.09173709970275018
2025,MODEL A3 - MARKET COMPACT,numeric__Log_Return_1D_Z60,-0.26712103115804275,0.26712103115804275
2025,MODEL A3 - MARKET COMPACT,numeric__Log_Return_5D_Z60,0.1116451391698916,0.1116451391698916
2025,MODEL A3 - MARKET COMPACT,numeric__Volatility_14D_Z60,0.05582607446860775,0.05582607446860775
2025,MODEL A3 - MARKET COMPACT,numeric__Relative_Volume_20D_Z60,-0.012266669367380672,0.012266669367380672
2025,MODEL A3 - MARKET COMPACT,numeric__RSI_14,0.1430908683829594,0.1430908683829594
2025,MODEL A3 - MARKET COMPACT,numeric__Price_to_SMA20_Z60,-0.21910896135219782,0.21910896135219782
2025,MODEL A3 - MARKET COMPACT,numeric__Intraday_Return_Z60,0.121473631432261,0.121473631432261
2025,MODEL A3 - MARKET COMPACT,numeric__Daily_Range_Z60,-0.14304166085401374,0.14304166085401374
2025,MODEL A3 - MARKET COMPACT,numeric__QQQ_Log_Return_1D,0.005140306177830425,0.005140306177830425
2025,MODEL A3 - MARKET COMPACT,numeric__QQQ_Log_Return_5D,-0.006847585998313797,0.006847585998313797
2025,MODEL A3 - MARKET COMPACT,numeric__QQQ_Volatility_14D,-0.01826663423649151,0.01826663423649151
2025,MODEL A3 - MARKET COMPACT,categorical__Ticker_ADBE,-0.18729173742434815,0.18729173742434815
2025,MODEL A3 - MARKET COMPACT,categorical__Ticker_AMD,-0.43096447467961596,0.43096447467961596
2025,MODEL A3 - MARKET COMPACT,categorical__Ticker_AMZN,0.009770005277303925,0.009770005277303925
2025,MODEL A3 - MARKET COMPACT,categorical__Ticker_AVGO,0.09853214741718072,0.09853214741718072
2025,MODEL A3 - MARKET COMPACT,categorical__Ticker_GOOGL,0.004577003180596387,0.004577003180596387
2025,MODEL A3 - MARKET COMPACT,categorical__Ticker_INTC,-0.49178915549233576,0.49178915549233576
2025,MODEL A3 - MARKET COMPACT,categorical__Ticker_META,-0.1931338674475375,0.1931338674475375
2025,MODEL A3 - MARKET COMPACT,categorical__Ticker_MSFT,0.2712978761160174,0.2712978761160174
2025,MODEL A3 - MARKET COMPACT,categorical__Ticker_NFLX,-0.2901034552014467,0.2901034552014467
2025,MODEL A3 - MARKET COMPACT,categorical__Ticker_NVDA,-0.06975654948960795,0.06975654948960795
2025,MODEL A3 - MARKET COMPACT,categorical__Ticker_QCOM,-0.36025546674770864,0.36025546674770864
2025,MODEL A3 - MARKET COMPACT,categorical__Ticker_TSLA,-0.08818380383742708,0.08818380383742708
2025,MODEL B - MARKET + SEC,numeric__Stock_vs_QQQ_1D,-0.40751832285476036,0.40751832285476036
2025,MODEL B - MARKET + SEC,numeric__Stock_vs_QQQ_3D,0.039849625006493784,0.039849625006493784
2025,MODEL B - MARKET + SEC,numeric__Stock_vs_QQQ_5D,-0.04876066119291328,0.04876066119291328
2025,MODEL B - MARKET + SEC,numeric__Volatility_14D,-0.0012548394081860178,0.0012548394081860178
2025,MODEL B - MARKET + SEC,numeric__Relative_Volume_20D,-0.20677100992076136,0.20677100992076136
2025,MODEL B - MARKET + SEC,numeric__RSI_14,0.2434440017704835,0.2434440017704835
2025,MODEL B - MARKET + SEC,numeric__Price_to_SMA20,-0.20513447558995138,0.20513447558995138
2025,MODEL B - MARKET + SEC,numeric__Intraday_Return,0.28401064414045063,0.28401064414045063
2025,MODEL B - MARKET + SEC,numeric__Daily_Range,0.06116016979611984,0.06116016979611984
2025,MODEL B - MARKET + SEC,numeric__QQQ_Log_Return_1D,-0.17699429571073919,0.17699429571073919
2025,MODEL B - MARKET + SEC,numeric__QQQ_Log_Return_3D,0.011709770351705694,0.011709770351705694
2025,MODEL B - MARKET + SEC,numeric__QQQ_Log_Return_5D,0.050186716537151996,0.050186716537151996
2025,MODEL B - MARKET + SEC,numeric__QQQ_Volatility_14D,-0.04025629649588196,0.04025629649588196
2025,MODEL B - MARKET + SEC,categorical__Ticker_ADBE,-0.14630920357498034,0.14630920357498034
2025,MODEL B - MARKET + SEC,categorical__Ticker_AMD,-0.4757854713443401,0.4757854713443401
2025,MODEL B - MARKET + SEC,categorical__Ticker_AMZN,-0.028199212135131938,0.028199212135131938
2025,MODEL B - MARKET + SEC,categorical__Ticker_AVGO,0.1110674622891187,0.1110674622891187
2025,MODEL B - MARKET + SEC,categorical__Ticker_GOOGL,0.06653794649254459,0.06653794649254459
2025,MODEL B - MARKET + SEC,categorical__Ticker_INTC,-0.478616058205143,0.478616058205143
2025,MODEL B - MARKET + SEC,categorical__Ticker_META,-0.11455292731572353,0.11455292731572353
2025,MODEL B - MARKET + SEC,categorical__Ticker_MSFT,0.31611062797573364,0.31611062797573364
2025,MODEL B - MARKET + SEC,categorical__Ticker_NFLX,-0.12779296196600284,0.12779296196600284
2025,MODEL B - MARKET + SEC,categorical__Ticker_NVDA,-0.08178004223398971,0.08178004223398971
2025,MODEL B - MARKET + SEC,categorical__Ticker_QCOM,-0.4194470734579993,0.4194470734579993
2025,MODEL B - MARKET + SEC,categorical__Ticker_TSLA,-0.19750056204099858,0.19750056204099858
2025,MODEL B - MARKET + SEC,binary__Has_EX99,-0.05711910993582912,0.05711910993582912
2025,MODEL B - MARKET + SEC,binary__Has_Item_1_01,0.4246042447014934,0.4246042447014934
2025,MODEL B - MARKET + SEC,binary__Has_Item_2_02,0.16931760410752558,0.16931760410752558
2025,MODEL B - MARKET + SEC,binary__Has_Item_5_02,-0.34811009623550104,0.34811009623550104
2025,MODEL B - MARKET + SEC,binary__Has_Item_5_03,0.5245643809344349,0.5245643809344349
2025,MODEL B - MARKET + SEC,binary__Has_Item_5_07,-0.35970814303555726,0.35970814303555726
2025,MODEL B - MARKET + SEC,binary__Has_Item_7_01,-0.04284585829355397,0.04284585829355397
2025,MODEL B - MARKET + SEC,binary__Has_Item_8_01,-0.28215549336932333,0.28215549336932333
2025,MODEL B3 - COMPACT + SEC,numeric__Log_Return_1D_Z60,-0.3049476178563966,0.3049476178563966
2025,MODEL B3 - COMPACT + SEC,numeric__Log_Return_5D_Z60,0.09814070831148425,0.09814070831148425
2025,MODEL B3 - COMPACT + SEC,numeric__Volatility_14D_Z60,0.05237544341409504,0.05237544341409504
2025,MODEL B3 - COMPACT + SEC,numeric__Relative_Volume_20D_Z60,-0.05982977777673105,0.05982977777673105
2025,MODEL B3 - COMPACT + SEC,numeric__RSI_14,0.13949112405925504,0.13949112405925504
2025,MODEL B3 - COMPACT + SEC,numeric__Price_to_SMA20_Z60,-0.21763453705683072,0.21763453705683072
2025,MODEL B3 - COMPACT + SEC,numeric__Intraday_Return_Z60,0.14324559087167957,0.14324559087167957
2025,MODEL B3 - COMPACT + SEC,numeric__Daily_Range_Z60,-0.1356836238856491,0.1356836238856491
2025,MODEL B3 - COMPACT + SEC,numeric__QQQ_Log_Return_1D,0.03455387287676431,0.03455387287676431
2025,MODEL B3 - COMPACT + SEC,numeric__QQQ_Log_Return_5D,-0.0025262505239194125,0.0025262505239194125
2025,MODEL B3 - COMPACT + SEC,numeric__QQQ_Volatility_14D,-0.02145253182713475,0.02145253182713475
2025,MODEL B3 - COMPACT + SEC,categorical__Ticker_ADBE,-0.16804923308366435,0.16804923308366435
2025,MODEL B3 - COMPACT + SEC,categorical__Ticker_AMD,-0.4252430591128987,0.4252430591128987
2025,MODEL B3 - COMPACT + SEC,categorical__Ticker_AMZN,-0.034311987910749575,0.034311987910749575
2025,MODEL B3 - COMPACT + SEC,categorical__Ticker_AVGO,0.10126310259787447,0.10126310259787447
2025,MODEL B3 - COMPACT + SEC,categorical__Ticker_GOOGL,0.059146371691950785,0.059146371691950785
2025,MODEL B3 - COMPACT + SEC,categorical__Ticker_INTC,-0.44570394178523975,0.44570394178523975
2025,MODEL B3 - COMPACT + SEC,categorical__Ticker_META,-0.12848010795600087,0.12848010795600087
2025,MODEL B3 - COMPACT + SEC,categorical__Ticker_MSFT,0.31991532279672635,0.31991532279672635
2025,MODEL B3 - COMPACT + SEC,categorical__Ticker_NFLX,-0.2706590514706508,0.2706590514706508
2025,MODEL B3 - COMPACT + SEC,categorical__Ticker_NVDA,-0.09086526694210109,0.09086526694210109
2025,MODEL B3 - COMPACT + SEC,categorical__Ticker_QCOM,-0.42647289016611145,0.42647289016611145
2025,MODEL B3 - COMPACT + SEC,categorical__Ticker_TSLA,-0.1553819586158497,0.1553819586158497
2025,MODEL B3 - COMPACT + SEC,binary__Has_EX99,-0.09494712401499773,0.09494712401499773
2025,MODEL B3 - COMPACT + SEC,binary__Has_Item_1_01,0.36159096907892,0.36159096907892
2025,MODEL B3 - COMPACT + SEC,binary__Has_Item_2_02,0.0643729553497137,0.0643729553497137
2025,MODEL B3 - COMPACT + SEC,binary__Has_Item_5_02,-0.3216999665816057,0.3216999665816057
2025,MODEL B3 - COMPACT + SEC,binary__Has_Item_5_03,0.5723089711915224,0.5723089711915224
2025,MODEL B3 - COMPACT + SEC,binary__Has_Item_5_07,-0.28554240487345706,0.28554240487345706
2025,MODEL B3 - COMPACT + SEC,binary__Has_Item_7_01,-0.039103681723359277,0.039103681723359277
2025,MODEL B3 - COMPACT + SEC,binary__Has_Item_8_01,-0.2520433582064989,0.2520433582064989
2025,MODEL C - MARKET + SEC + FINBERT,numeric__Stock_vs_QQQ_1D,-0.4201756261535391,0.4201756261535391
2025,MODEL C - MARKET + SEC + FINBERT,numeric__Stock_vs_QQQ_3D,0.04771919657745275,0.04771919657745275
2025,MODEL C - MARKET + SEC + FINBERT,numeric__Stock_vs_QQQ_5D,-0.04702515618256884,0.04702515618256884
2025,MODEL C - MARKET + SEC + FINBERT,numeric__Volatility_14D,0.011924894768916306,0.011924894768916306
2025,MODEL C - MARKET + SEC + FINBERT,numeric__Relative_Volume_20D,-0.22111018430033394,0.22111018430033394
2025,MODEL C - MARKET + SEC + FINBERT,numeric__RSI_14,0.24113756652023227,0.24113756652023227
2025,MODEL C - MARKET + SEC + FINBERT,numeric__Price_to_SMA20,-0.21507280548793636,0.21507280548793636
2025,MODEL C - MARKET + SEC + FINBERT,numeric__Intraday_Return,0.2898978401355099,0.2898978401355099
2025,MODEL C - MARKET + SEC + FINBERT,numeric__Daily_Range,0.07465354440210702,0.07465354440210702
2025,MODEL C - MARKET + SEC + FINBERT,numeric__QQQ_Log_Return_1D,-0.1817870800119442,0.1817870800119442
2025,MODEL C - MARKET + SEC + FINBERT,numeric__QQQ_Log_Return_3D,0.009641624850679393,0.009641624850679393
2025,MODEL C - MARKET + SEC + FINBERT,numeric__QQQ_Log_Return_5D,0.061621862450925734,0.061621862450925734
2025,MODEL C - MARKET + SEC + FINBERT,numeric__QQQ_Volatility_14D,-0.04791521531363111,0.04791521531363111
2025,MODEL C - MARKET + SEC + FINBERT,categorical__Ticker_ADBE,-0.018500066284045272,0.018500066284045272
2025,MODEL C - MARKET + SEC + FINBERT,categorical__Ticker_AMD,-0.375605183999594,0.375605183999594
2025,MODEL C - MARKET + SEC + FINBERT,categorical__Ticker_AMZN,-0.010268850571046864,0.010268850571046864
2025,MODEL C - MARKET + SEC + FINBERT,categorical__Ticker_AVGO,0.19069227493927146,0.19069227493927146
2025,MODEL C - MARKET + SEC + FINBERT,categorical__Ticker_GOOGL,0.1437497155685544,0.1437497155685544
2025,MODEL C - MARKET + SEC + FINBERT,categorical__Ticker_INTC,-0.4772874886131319,0.4772874886131319
2025,MODEL C - MARKET + SEC + FINBERT,categorical__Ticker_META,-0.09299225873992685,0.09299225873992685
2025,MODEL C - MARKET + SEC + FINBERT,categorical__Ticker_MSFT,0.2778656718823875,0.2778656718823875
2025,MODEL C - MARKET + SEC + FINBERT,categorical__Ticker_NFLX,-0.08360707860153238,0.08360707860153238
2025,MODEL C - MARKET + SEC + FINBERT,categorical__Ticker_NVDA,-0.07270310847309495,0.07270310847309495
2025,MODEL C - MARKET + SEC + FINBERT,categorical__Ticker_QCOM,-0.30735372436790626,0.30735372436790626
2025,MODEL C - MARKET + SEC + FINBERT,categorical__Ticker_TSLA,-0.17599520982538872,0.17599520982538872
2025,MODEL C - MARKET + SEC + FINBERT,binary__Has_EX99,-0.06661557124058412,0.06661557124058412
2025,MODEL C - MARKET + SEC + FINBERT,binary__Has_Item_1_01,0.4447582001972486,0.4447582001972486
2025,MODEL C - MARKET + SEC + FINBERT,binary__Has_Item_2_02,0.18882402672309476,0.18882402672309476
2025,MODEL C - MARKET + SEC + FINBERT,binary__Has_Item_5_02,-0.34708237115569196,0.34708237115569196
2025,MODEL C - MARKET + SEC + FINBERT,binary__Has_Item_5_03,0.5165564371941986,0.5165564371941986
2025,MODEL C - MARKET + SEC + FINBERT,binary__Has_Item_5_07,-0.3667032461741987,0.3667032461741987
2025,MODEL C - MARKET + SEC + FINBERT,binary__Has_Item_7_01,-0.05035218477460168,0.05035218477460168
2025,MODEL C - MARKET + SEC + FINBERT,binary__Has_Item_8_01,-0.2729595854813008,0.2729595854813008
2025,MODEL C - MARKET + SEC + FINBERT,binary__Has_Sentiment_History,-0.316300854859897,0.316300854859897
2025,MODEL C - MARKET + SEC + FINBERT,sentiment__Mean_Net_Sentiment,0.14971468985011505,0.14971468985011505
2025,MODEL C - MARKET + SEC + FINBERT,sentiment__Sentiment_Momentum_3,-0.14591484924462358,0.14591484924462358
2025,MODEL C2 - MARKET + SEC + FINBERT CONTEXT,numeric__Stock_vs_QQQ_1D,-0.42455847810761316,0.42455847810761316
2025,MODEL C2 - MARKET + SEC + FINBERT CONTEXT,numeric__Stock_vs_QQQ_3D,0.034803713454234365,0.034803713454234365
2025,MODEL C2 - MARKET + SEC + FINBERT CONTEXT,numeric__Stock_vs_QQQ_5D,-0.048329012469470335,0.048329012469470335
2025,MODEL C2 - MARKET + SEC + FINBERT CONTEXT,numeric__Volatility_14D,0.0068752101121753225,0.0068752101121753225
2025,MODEL C2 - MARKET + SEC + FINBERT CONTEXT,numeric__Relative_Volume_20D,-0.21897899062669077,0.21897899062669077
2025,MODEL C2 - MARKET + SEC + FINBERT CONTEXT,numeric__RSI_14,0.23999138191160066,0.23999138191160066
2025,MODEL C2 - MARKET + SEC + FINBERT CONTEXT,numeric__Price_to_SMA20,-0.22235702297939616,0.22235702297939616
2025,MODEL C2 - MARKET + SEC + FINBERT CONTEXT,numeric__Intraday_Return,0.2973055033793417,0.2973055033793417
2025,MODEL C2 - MARKET + SEC + FINBERT CONTEXT,numeric__Daily_Range,0.07415174484290821,0.07415174484290821
2025,MODEL C2 - MARKET + SEC + FINBERT CONTEXT,numeric__QQQ_Log_Return_1D,-0.18282063749339011,0.18282063749339011
2025,MODEL C2 - MARKET + SEC + FINBERT CONTEXT,numeric__QQQ_Log_Return_3D,0.008718362029809495,0.008718362029809495
2025,MODEL C2 - MARKET + SEC + FINBERT CONTEXT,numeric__QQQ_Log_Return_5D,0.05693101019823272,0.05693101019823272
2025,MODEL C2 - MARKET + SEC + FINBERT CONTEXT,numeric__QQQ_Volatility_14D,-0.042945948912769684,0.042945948912769684
2025,MODEL C2 - MARKET + SEC + FINBERT CONTEXT,categorical__Ticker_ADBE,-0.05586148492600062,0.05586148492600062
2025,MODEL C2 - MARKET + SEC + FINBERT CONTEXT,categorical__Ticker_AMD,-0.39946740131207675,0.39946740131207675
2025,MODEL C2 - MARKET + SEC + FINBERT CONTEXT,categorical__Ticker_AMZN,-0.023542105738969123,0.023542105738969123
2025,MODEL C2 - MARKET + SEC + FINBERT CONTEXT,categorical__Ticker_AVGO,0.1678441261875944,0.1678441261875944
2025,MODEL C2 - MARKET + SEC + FINBERT CONTEXT,categorical__Ticker_GOOGL,0.16687600498232824,0.16687600498232824
2025,MODEL C2 - MARKET + SEC + FINBERT CONTEXT,categorical__Ticker_INTC,-0.4744518541452834,0.4744518541452834
2025,MODEL C2 - MARKET + SEC + FINBERT CONTEXT,categorical__Ticker_META,-0.11268151490220023,0.11268151490220023
2025,MODEL C2 - MARKET + SEC + FINBERT CONTEXT,categorical__Ticker_MSFT,0.2736420308145503,0.2736420308145503
2025,MODEL C2 - MARKET + SEC + FINBERT CONTEXT,categorical__Ticker_NFLX,-0.10068814383438901,0.10068814383438901
2025,MODEL C2 - MARKET + SEC + FINBERT CONTEXT,categorical__Ticker_NVDA,-0.07716394833220368,0.07716394833220368
2025,MODEL C2 - MARKET + SEC + FINBERT CONTEXT,categorical__Ticker_QCOM,-0.3429239176617645,0.3429239176617645
2025,MODEL C2 - MARKET + SEC + FINBERT CONTEXT,categorical__Ticker_TSLA,-0.15645407881405426,0.15645407881405426
2025,MODEL C2 - MARKET + SEC + FINBERT CONTEXT,binary__Has_EX99,-0.06444748289617215,0.06444748289617215
2025,MODEL C2 - MARKET + SEC + FINBERT CONTEXT,binary__Has_Item_1_01,0.4547912930168313,0.4547912930168313
2025,MODEL C2 - MARKET + SEC + FINBERT CONTEXT,binary__Has_Item_2_02,0.2261622666113365,0.2261622666113365
2025,MODEL C2 - MARKET + SEC + FINBERT CONTEXT,binary__Has_Item_5_02,-0.37044033499286,0.37044033499286
2025,MODEL C2 - MARKET + SEC + FINBERT CONTEXT,binary__Has_Item_5_03,0.48900971214897204,0.48900971214897204
2025,MODEL C2 - MARKET + SEC + FINBERT CONTEXT,binary__Has_Item_5_07,-0.3941310382072611,0.3941310382072611
2025,MODEL C2 - MARKET + SEC + FINBERT CONTEXT,binary__Has_Item_7_01,-0.008270874070258588,0.008270874070258588
2025,MODEL C2 - MARKET + SEC + FINBERT CONTEXT,binary__Has_Item_8_01,-0.26763770846175255,0.26763770846175255
2025,MODEL C2 - MARKET + SEC + FINBERT CONTEXT,binary__Has_Sentiment_History,-0.3118947732116938,0.3118947732116938
2025,MODEL C2 - MARKET + SEC + FINBERT CONTEXT,sentiment__Mean_Net_Sentiment,0.26360200740525086,0.26360200740525086
2025,MODEL C2 - MARKET + SEC + FINBERT CONTEXT,sentiment__Sentiment_Momentum_3,-0.15382987035574097,0.15382987035574097
2025,MODEL C2 - MARKET + SEC + FINBERT CONTEXT,sentiment__Abs_Sentiment,-0.1514667909835095,0.1514667909835095
2025,MODEL C2 - MARKET + SEC + FINBERT CONTEXT,sentiment__Sentiment_x_Prior_Return_5D,0.03828226568354075,0.03828226568354075
2025,MODEL C3 - COMPACT + SEC + FINBERT,numeric__Log_Return_1D_Z60,-0.3254251744747096,0.3254251744747096
2025,MODEL C3 - COMPACT + SEC + FINBERT,numeric__Log_Return_5D_Z60,0.11038609182782007,0.11038609182782007
2025,MODEL C3 - COMPACT + SEC + FINBERT,numeric__Volatility_14D_Z60,0.047592783976203555,0.047592783976203555
2025,MODEL C3 - COMPACT + SEC + FINBERT,numeric__Relative_Volume_20D_Z60,-0.06099352499702366,0.06099352499702366
2025,MODEL C3 - COMPACT + SEC + FINBERT,numeric__RSI_14,0.127426101987852,0.127426101987852
2025,MODEL C3 - COMPACT + SEC + FINBERT,numeric__Price_to_SMA20_Z60,-0.21374043815339985,0.21374043815339985
2025,MODEL C3 - COMPACT + SEC + FINBERT,numeric__Intraday_Return_Z60,0.1536293865987169,0.1536293865987169
2025,MODEL C3 - COMPACT + SEC + FINBERT,numeric__Daily_Range_Z60,-0.13838976526241908,0.13838976526241908
2025,MODEL C3 - COMPACT + SEC + FINBERT,numeric__QQQ_Log_Return_1D,0.04058701793357381,0.04058701793357381
2025,MODEL C3 - COMPACT + SEC + FINBERT,numeric__QQQ_Log_Return_5D,-0.0051491098976620435,0.0051491098976620435
2025,MODEL C3 - COMPACT + SEC + FINBERT,numeric__QQQ_Volatility_14D,-0.013042129664270713,0.013042129664270713
2025,MODEL C3 - COMPACT + SEC + FINBERT,categorical__Ticker_ADBE,-0.07919521968755379,0.07919521968755379
2025,MODEL C3 - COMPACT + SEC + FINBERT,categorical__Ticker_AMD,-0.34316243749299213,0.34316243749299213
2025,MODEL C3 - COMPACT + SEC + FINBERT,categorical__Ticker_AMZN,-0.029980122218760737,0.029980122218760737
2025,MODEL C3 - COMPACT + SEC + FINBERT,categorical__Ticker_AVGO,0.15863201426001908,0.15863201426001908
2025,MODEL C3 - COMPACT + SEC + FINBERT,categorical__Ticker_GOOGL,0.10065277880537608,0.10065277880537608
2025,MODEL C3 - COMPACT + SEC + FINBERT,categorical__Ticker_INTC,-0.45318194718448845,0.45318194718448845
2025,MODEL C3 - COMPACT + SEC + FINBERT,categorical__Ticker_META,-0.11171500025844255,0.11171500025844255
2025,MODEL C3 - COMPACT + SEC + FINBERT,categorical__Ticker_MSFT,0.2887135546367884,0.2887135546367884
2025,MODEL C3 - COMPACT + SEC + FINBERT,categorical__Ticker_NFLX,-0.24734921032450782,0.24734921032450782
2025,MODEL C3 - COMPACT + SEC + FINBERT,categorical__Ticker_NVDA,-0.08139659727618496,0.08139659727618496
2025,MODEL C3 - COMPACT + SEC + FINBERT,categorical__Ticker_QCOM,-0.34972392756624715,0.34972392756624715
2025,MODEL C3 - COMPACT + SEC + FINBERT,categorical__Ticker_TSLA,-0.11863476877783968,0.11863476877783968
2025,MODEL C3 - COMPACT + SEC + FINBERT,binary__Has_EX99,-0.11720452530576284,0.11720452530576284
2025,MODEL C3 - COMPACT + SEC + FINBERT,binary__Has_Item_1_01,0.37386116737604697,0.37386116737604697
2025,MODEL C3 - COMPACT + SEC + FINBERT,binary__Has_Item_2_02,0.05825332485510156,0.05825332485510156
2025,MODEL C3 - COMPACT + SEC + FINBERT,binary__Has_Item_5_02,-0.3174790994069284,0.3174790994069284
2025,MODEL C3 - COMPACT + SEC + FINBERT,binary__Has_Item_5_03,0.5773893068438677,0.5773893068438677
2025,MODEL C3 - COMPACT + SEC + FINBERT,binary__Has_Item_5_07,-0.28541215869414044,0.28541215869414044
2025,MODEL C3 - COMPACT + SEC + FINBERT,binary__Has_Item_7_01,-0.03573347917717966,0.03573347917717966
2025,MODEL C3 - COMPACT + SEC + FINBERT,binary__Has_Item_8_01,-0.23706928436035074,0.23706928436035074
2025,MODEL C3 - COMPACT + SEC + FINBERT,binary__Has_Sentiment_History,-0.35893613964550214,0.35893613964550214
2025,MODEL C3 - COMPACT + SEC + FINBERT,sentiment__Mean_Net_Sentiment,0.11037430069037456,0.11037430069037456
2025,MODEL C3 - COMPACT + SEC + FINBERT,sentiment__Sentiment_Momentum_3,-0.08467363734419098,0.08467363734419098
2026,MODEL A - MARKET,numeric__Stock_vs_QQQ_1D,-0.4434213509471336,0.4434213509471336
2026,MODEL A - MARKET,numeric__Stock_vs_QQQ_3D,0.15718932739875402,0.15718932739875402
2026,MODEL A - MARKET,numeric__Stock_vs_QQQ_5D,-0.132653606703466,0.132653606703466
2026,MODEL A - MARKET,numeric__Volatility_14D,-0.02279756500827833,0.02279756500827833
2026,MODEL A - MARKET,numeric__Relative_Volume_20D,-0.15276546004685096,0.15276546004685096
2026,MODEL A - MARKET,numeric__RSI_14,0.09788933777273719,0.09788933777273719
2026,MODEL A - MARKET,numeric__Price_to_SMA20,-0.10595086513810206,0.10595086513810206
2026,MODEL A - MARKET,numeric__Intraday_Return,0.2451203648129516,0.2451203648129516
2026,MODEL A - MARKET,numeric__Daily_Range,0.09316647780051297,0.09316647780051297
2026,MODEL A - MARKET,numeric__QQQ_Log_Return_1D,-0.18213733207457458,0.18213733207457458
2026,MODEL A - MARKET,numeric__QQQ_Log_Return_3D,-0.018641589112071432,0.018641589112071432
2026,MODEL A - MARKET,numeric__QQQ_Log_Return_5D,0.09796467202996632,0.09796467202996632
2026,MODEL A - MARKET,numeric__QQQ_Volatility_14D,-0.014952234105842517,0.014952234105842517
2026,MODEL A - MARKET,categorical__Ticker_ADBE,0.03257859215583764,0.03257859215583764
2026,MODEL A - MARKET,categorical__Ticker_AMD,-0.2304869381289707,0.2304869381289707
2026,MODEL A - MARKET,categorical__Ticker_AMZN,0.12272905362285964,0.12272905362285964
2026,MODEL A - MARKET,categorical__Ticker_AVGO,0.3340569066711614,0.3340569066711614
2026,MODEL A - MARKET,categorical__Ticker_GOOGL,0.26358717229111067,0.26358717229111067
2026,MODEL A - MARKET,categorical__Ticker_INTC,-0.4040225293083463,0.4040225293083463
2026,MODEL A - MARKET,categorical__Ticker_META,0.10839255806950282,0.10839255806950282
2026,MODEL A - MARKET,categorical__Ticker_MSFT,0.3786109738173071,0.3786109738173071
2026,MODEL A - MARKET,categorical__Ticker_NFLX,-0.06862549115424574,0.06862549115424574
2026,MODEL A - MARKET,categorical__Ticker_NVDA,-0.010201835471374583,0.010201835471374583
2026,MODEL A - MARKET,categorical__Ticker_QCOM,-0.30231450340585836,0.30231450340585836
2026,MODEL A - MARKET,categorical__Ticker_TSLA,0.16591415785155592,0.16591415785155592
2026,MODEL A2 - MARKET Z60,numeric__Log_Return_1D_Z60,-0.3455725316395793,0.3455725316395793
2026,MODEL A2 - MARKET Z60,numeric__Log_Return_3D_Z60,0.06635149973924842,0.06635149973924842
2026,MODEL A2 - MARKET Z60,numeric__Log_Return_5D_Z60,0.03263536635860139,0.03263536635860139
2026,MODEL A2 - MARKET Z60,numeric__Volatility_14D_Z60,0.0059055520241154515,0.0059055520241154515
2026,MODEL A2 - MARKET Z60,numeric__Relative_Volume_20D_Z60,-0.07064698992497712,0.07064698992497712
2026,MODEL A2 - MARKET Z60,numeric__RSI_14,0.03047676018415438,0.03047676018415438
2026,MODEL A2 - MARKET Z60,numeric__Price_to_SMA20_Z60,-0.15450847978243118,0.15450847978243118
2026,MODEL A2 - MARKET Z60,numeric__Intraday_Return_Z60,0.13064131199275214,0.13064131199275214
2026,MODEL A2 - MARKET Z60,numeric__Daily_Range_Z60,-0.02719323909251939,0.02719323909251939
2026,MODEL A2 - MARKET Z60,numeric__QQQ_Log_Return_1D,0.039290232119457855,0.039290232119457855
2026,MODEL A2 - MARKET Z60,numeric__QQQ_Log_Return_3D,-0.020201102013425357,0.020201102013425357
2026,MODEL A2 - MARKET Z60,numeric__QQQ_Log_Return_5D,0.062384231076982447,0.062384231076982447
2026,MODEL A2 - MARKET Z60,numeric__QQQ_Volatility_14D,0.006608369117966528,0.006608369117966528
2026,MODEL A2 - MARKET Z60,categorical__Ticker_ADBE,0.007949262902884441,0.007949262902884441
2026,MODEL A2 - MARKET Z60,categorical__Ticker_AMD,-0.16945709862713076,0.16945709862713076
2026,MODEL A2 - MARKET Z60,categorical__Ticker_AMZN,0.11711723039813948,0.11711723039813948
2026,MODEL A2 - MARKET Z60,categorical__Ticker_AVGO,0.328452674702146,0.328452674702146
2026,MODEL A2 - MARKET Z60,categorical__Ticker_GOOGL,0.26896821385365705,0.26896821385365705
2026,MODEL A2 - MARKET Z60,categorical__Ticker_INTC,-0.36949417679514013,0.36949417679514013
2026,MODEL A2 - MARKET Z60,categorical__Ticker_META,0.12331677047108212,0.12331677047108212
2026,MODEL A2 - MARKET Z60,categorical__Ticker_MSFT,0.3792522208302485,0.3792522208302485
2026,MODEL A2 - MARKET Z60,categorical__Ticker_NFLX,-0.1427364292342949,0.1427364292342949
2026,MODEL A2 - MARKET Z60,categorical__Ticker_NVDA,-0.011227078059036192,0.011227078059036192
2026,MODEL A2 - MARKET Z60,categorical__Ticker_QCOM,-0.3091066968982692,0.3091066968982692
2026,MODEL A2 - MARKET Z60,categorical__Ticker_TSLA,0.19883562515068265,0.19883562515068265
2026,MODEL A3 - MARKET COMPACT,numeric__Log_Return_1D_Z60,-0.32636789226106977,0.32636789226106977
2026,MODEL A3 - MARKET COMPACT,numeric__Log_Return_5D_Z60,0.075901110396715,0.075901110396715
2026,MODEL A3 - MARKET COMPACT,numeric__Volatility_14D_Z60,0.003493256042555036,0.003493256042555036
2026,MODEL A3 - MARKET COMPACT,numeric__Relative_Volume_20D_Z60,-0.06857443868373926,0.06857443868373926
2026,MODEL A3 - MARKET COMPACT,numeric__RSI_14,0.03091406499717943,0.03091406499717943
2026,MODEL A3 - MARKET COMPACT,numeric__Price_to_SMA20_Z60,-0.15302438439825733,0.15302438439825733
2026,MODEL A3 - MARKET COMPACT,numeric__Intraday_Return_Z60,0.12929949572899307,0.12929949572899307
2026,MODEL A3 - MARKET COMPACT,numeric__Daily_Range_Z60,-0.029516876158858795,0.029516876158858795
2026,MODEL A3 - MARKET COMPACT,numeric__QQQ_Log_Return_1D,0.033691624564886884,0.033691624564886884
2026,MODEL A3 - MARKET COMPACT,numeric__QQQ_Log_Return_5D,0.04513660988345569,0.04513660988345569
2026,MODEL A3 - MARKET COMPACT,numeric__QQQ_Volatility_14D,0.010572015061726257,0.010572015061726257
2026,MODEL A3 - MARKET COMPACT,categorical__Ticker_ADBE,0.002998053217860566,0.002998053217860566
2026,MODEL A3 - MARKET COMPACT,categorical__Ticker_AMD,-0.15964401760723593,0.15964401760723593
2026,MODEL A3 - MARKET COMPACT,categorical__Ticker_AMZN,0.12079089597005378,0.12079089597005378
2026,MODEL A3 - MARKET COMPACT,categorical__Ticker_AVGO,0.331476561364814,0.331476561364814
2026,MODEL A3 - MARKET COMPACT,categorical__Ticker_GOOGL,0.2749343682406565,0.2749343682406565
2026,MODEL A3 - MARKET COMPACT,categorical__Ticker_INTC,-0.36252101244256085,0.36252101244256085
2026,MODEL A3 - MARKET COMPACT,categorical__Ticker_META,0.12274981016908898,0.12274981016908898
2026,MODEL A3 - MARKET COMPACT,categorical__Ticker_MSFT,0.3863799727839197,0.3863799727839197
2026,MODEL A3 - MARKET COMPACT,categorical__Ticker_NFLX,-0.13945459146430458,0.13945459146430458
2026,MODEL A3 - MARKET COMPACT,categorical__Ticker_NVDA,-0.006728893887703662,0.006728893887703662
2026,MODEL A3 - MARKET COMPACT,categorical__Ticker_QCOM,-0.310482441851028,0.310482441851028
2026,MODEL A3 - MARKET COMPACT,categorical__Ticker_TSLA,0.2039289359429769,0.2039289359429769
2026,MODEL B - MARKET + SEC,numeric__Stock_vs_QQQ_1D,-0.48715360020442483,0.48715360020442483
2026,MODEL B - MARKET + SEC,numeric__Stock_vs_QQQ_3D,0.16999113137937,0.16999113137937
2026,MODEL B - MARKET + SEC,numeric__Stock_vs_QQQ_5D,-0.1446466977637844,0.1446466977637844
2026,MODEL B - MARKET + SEC,numeric__Volatility_14D,-0.03583926896199805,0.03583926896199805
2026,MODEL B - MARKET + SEC,numeric__Relative_Volume_20D,-0.2597935902134375,0.2597935902134375
2026,MODEL B - MARKET + SEC,numeric__RSI_14,0.1321832268982271,0.1321832268982271
2026,MODEL B - MARKET + SEC,numeric__Price_to_SMA20,-0.1574301386402305,0.1574301386402305
2026,MODEL B - MARKET + SEC,numeric__Intraday_Return,0.27350586056310966,0.27350586056310966
2026,MODEL B - MARKET + SEC,numeric__Daily_Range,0.11850027077086064,0.11850027077086064
2026,MODEL B - MARKET + SEC,numeric__QQQ_Log_Return_1D,-0.1658688926434833,0.1658688926434833
2026,MODEL B - MARKET + SEC,numeric__QQQ_Log_Return_3D,-0.036476245618223,0.036476245618223
2026,MODEL B - MARKET + SEC,numeric__QQQ_Log_Return_5D,0.11160712117512699,0.11160712117512699
2026,MODEL B - MARKET + SEC,numeric__QQQ_Volatility_14D,-0.020920813655848386,0.020920813655848386
2026,MODEL B - MARKET + SEC,categorical__Ticker_ADBE,0.06132446695026484,0.06132446695026484
2026,MODEL B - MARKET + SEC,categorical__Ticker_AMD,-0.24486566696299558,0.24486566696299558
2026,MODEL B - MARKET + SEC,categorical__Ticker_AMZN,0.10637506121157299,0.10637506121157299
2026,MODEL B - MARKET + SEC,categorical__Ticker_AVGO,0.32065595519942114,0.32065595519942114
2026,MODEL B - MARKET + SEC,categorical__Ticker_GOOGL,0.3129769315936284,0.3129769315936284
2026,MODEL B - MARKET + SEC,categorical__Ticker_INTC,-0.3831447103347532,0.3831447103347532
2026,MODEL B - MARKET + SEC,categorical__Ticker_META,0.2276649773909006,0.2276649773909006
2026,MODEL B - MARKET + SEC,categorical__Ticker_MSFT,0.3997614301096285,0.3997614301096285
2026,MODEL B - MARKET + SEC,categorical__Ticker_NFLX,0.00011374459157844431,0.00011374459157844431
2026,MODEL B - MARKET + SEC,categorical__Ticker_NVDA,-0.027726689140918418,0.027726689140918418
2026,MODEL B - MARKET + SEC,categorical__Ticker_QCOM,-0.3534820887113552,0.3534820887113552
2026,MODEL B - MARKET + SEC,categorical__Ticker_TSLA,0.04549858288796319,0.04549858288796319
2026,MODEL B - MARKET + SEC,binary__Has_EX99,-0.051305260550327324,0.051305260550327324
2026,MODEL B - MARKET + SEC,binary__Has_Item_1_01,0.2960832807296876,0.2960832807296876
2026,MODEL B - MARKET + SEC,binary__Has_Item_2_01,0.038989041377198955,0.038989041377198955
2026,MODEL B - MARKET + SEC,binary__Has_Item_2_02,-0.006520031409133986,0.006520031409133986
2026,MODEL B - MARKET + SEC,binary__Has_Item_5_02,-0.5657141782796574,0.5657141782796574
2026,MODEL B - MARKET + SEC,binary__Has_Item_5_03,0.19195615826874401,0.19195615826874401
2026,MODEL B - MARKET + SEC,binary__Has_Item_5_07,-0.5946248536301368,0.5946248536301368
2026,MODEL B - MARKET + SEC,binary__Has_Item_7_01,-0.27158506096304885,0.27158506096304885
2026,MODEL B - MARKET + SEC,binary__Has_Item_8_01,-0.3559610938924823,0.3559610938924823
2026,MODEL B3 - COMPACT + SEC,numeric__Log_Return_1D_Z60,-0.3638838152055552,0.3638838152055552
2026,MODEL B3 - COMPACT + SEC,numeric__Log_Return_5D_Z60,0.06441333931158849,0.06441333931158849
2026,MODEL B3 - COMPACT + SEC,numeric__Volatility_14D_Z60,0.0022875936923561924,0.0022875936923561924
2026,MODEL B3 - COMPACT + SEC,numeric__Relative_Volume_20D_Z60,-0.13127554185208837,0.13127554185208837
2026,MODEL B3 - COMPACT + SEC,numeric__RSI_14,0.03293151356347929,0.03293151356347929
2026,MODEL B3 - COMPACT + SEC,numeric__Price_to_SMA20_Z60,-0.1651257659895046,0.1651257659895046
2026,MODEL B3 - COMPACT + SEC,numeric__Intraday_Return_Z60,0.15113602206692933,0.15113602206692933
2026,MODEL B3 - COMPACT + SEC,numeric__Daily_Range_Z60,-0.01958732692983642,0.01958732692983642
2026,MODEL B3 - COMPACT + SEC,numeric__QQQ_Log_Return_1D,0.06355402252974045,0.06355402252974045
2026,MODEL B3 - COMPACT + SEC,numeric__QQQ_Log_Return_5D,0.04926224247870656,0.04926224247870656
2026,MODEL B3 - COMPACT + SEC,numeric__QQQ_Volatility_14D,0.003548944673254825,0.003548944673254825
2026,MODEL B3 - COMPACT + SEC,categorical__Ticker_ADBE,0.02481345807990573,0.02481345807990573
2026,MODEL B3 - COMPACT + SEC,categorical__Ticker_AMD,-0.17142449209863653,0.17142449209863653
2026,MODEL B3 - COMPACT + SEC,categorical__Ticker_AMZN,0.09531895165420248,0.09531895165420248
2026,MODEL B3 - COMPACT + SEC,categorical__Ticker_AVGO,0.30662153515395907,0.30662153515395907
2026,MODEL B3 - COMPACT + SEC,categorical__Ticker_GOOGL,0.3161890082408583,0.3161890082408583
2026,MODEL B3 - COMPACT + SEC,categorical__Ticker_INTC,-0.3499831167258798,0.3499831167258798
2026,MODEL B3 - COMPACT + SEC,categorical__Ticker_META,0.21033170780526456,0.21033170780526456
2026,MODEL B3 - COMPACT + SEC,categorical__Ticker_MSFT,0.4152298081235333,0.4152298081235333
2026,MODEL B3 - COMPACT + SEC,categorical__Ticker_NFLX,-0.11012979266300903,0.11012979266300903
2026,MODEL B3 - COMPACT + SEC,categorical__Ticker_NVDA,-0.028459279526116987,0.028459279526116987
2026,MODEL B3 - COMPACT + SEC,categorical__Ticker_QCOM,-0.3609877434585647,0.3609877434585647
2026,MODEL B3 - COMPACT + SEC,categorical__Ticker_TSLA,0.10916015890506765,0.10916015890506765
2026,MODEL B3 - COMPACT + SEC,binary__Has_EX99,-0.07967531636700123,0.07967531636700123
2026,MODEL B3 - COMPACT + SEC,binary__Has_Item_1_01,0.2491204949284611,0.2491204949284611
2026,MODEL B3 - COMPACT + SEC,binary__Has_Item_2_01,0.019402029491978712,0.019402029491978712
2026,MODEL B3 - COMPACT + SEC,binary__Has_Item_2_02,-0.07825853996413691,0.07825853996413691
2026,MODEL B3 - COMPACT + SEC,binary__Has_Item_5_02,-0.5297413183016174,0.5297413183016174
2026,MODEL B3 - COMPACT + SEC,binary__Has_Item_5_03,0.22424053772762714,0.22424053772762714
2026,MODEL B3 - COMPACT + SEC,binary__Has_Item_5_07,-0.542103928898284,0.542103928898284
2026,MODEL B3 - COMPACT + SEC,binary__Has_Item_7_01,-0.24462416813961002,0.24462416813961002
2026,MODEL B3 - COMPACT + SEC,binary__Has_Item_8_01,-0.3189013611099108,0.3189013611099108
2026,MODEL C - MARKET + SEC + FINBERT,numeric__Stock_vs_QQQ_1D,-0.5036483434392336,0.5036483434392336
2026,MODEL C - MARKET + SEC + FINBERT,numeric__Stock_vs_QQQ_3D,0.17649474390117997,0.17649474390117997
2026,MODEL C - MARKET + SEC + FINBERT,numeric__Stock_vs_QQQ_5D,-0.13591681071667883,0.13591681071667883
2026,MODEL C - MARKET + SEC + FINBERT,numeric__Volatility_14D,-0.02034085120144854,0.02034085120144854
2026,MODEL C - MARKET + SEC + FINBERT,numeric__Relative_Volume_20D,-0.2777773304941215,0.2777773304941215
2026,MODEL C - MARKET + SEC + FINBERT,numeric__RSI_14,0.1277424241019934,0.1277424241019934
2026,MODEL C - MARKET + SEC + FINBERT,numeric__Price_to_SMA20,-0.1690736139739174,0.1690736139739174
2026,MODEL C - MARKET + SEC + FINBERT,numeric__Intraday_Return,0.27880586731909296,0.27880586731909296
2026,MODEL C - MARKET + SEC + FINBERT,numeric__Daily_Range,0.13355053536292713,0.13355053536292713
2026,MODEL C - MARKET + SEC + FINBERT,numeric__QQQ_Log_Return_1D,-0.17207877060969376,0.17207877060969376
2026,MODEL C - MARKET + SEC + FINBERT,numeric__QQQ_Log_Return_3D,-0.03776071088401982,0.03776071088401982
2026,MODEL C - MARKET + SEC + FINBERT,numeric__QQQ_Log_Return_5D,0.12270582621409376,0.12270582621409376
2026,MODEL C - MARKET + SEC + FINBERT,numeric__QQQ_Volatility_14D,-0.034791704330447294,0.034791704330447294
2026,MODEL C - MARKET + SEC + FINBERT,categorical__Ticker_ADBE,0.23411402714614563,0.23411402714614563
2026,MODEL C - MARKET + SEC + FINBERT,categorical__Ticker_AMD,-0.1017780438891222,0.1017780438891222
2026,MODEL C - MARKET + SEC + FINBERT,categorical__Ticker_AMZN,0.12207899084877273,0.12207899084877273
2026,MODEL C - MARKET + SEC + FINBERT,categorical__Ticker_AVGO,0.4264430197328596,0.4264430197328596
2026,MODEL C - MARKET + SEC + FINBERT,categorical__Ticker_GOOGL,0.4169177714482893,0.4169177714482893
2026,MODEL C - MARKET + SEC + FINBERT,categorical__Ticker_INTC,-0.38640071992054553,0.38640071992054553
2026,MODEL C - MARKET + SEC + FINBERT,categorical__Ticker_META,0.26167838557462036,0.26167838557462036
2026,MODEL C - MARKET + SEC + FINBERT,categorical__Ticker_MSFT,0.3464338453162201,0.3464338453162201
2026,MODEL C - MARKET + SEC + FINBERT,categorical__Ticker_NFLX,0.04211568850519018,0.04211568850519018
2026,MODEL C - MARKET + SEC + FINBERT,categorical__Ticker_NVDA,-0.008089733733993345,0.008089733733993345
2026,MODEL C - MARKET + SEC + FINBERT,categorical__Ticker_QCOM,-0.19667956295950287,0.19667956295950287
2026,MODEL C - MARKET + SEC + FINBERT,categorical__Ticker_TSLA,0.07367764466948112,0.07367764466948112
2026,MODEL C - MARKET + SEC + FINBERT,binary__Has_EX99,-0.055738135761068376,0.055738135761068376
2026,MODEL C - MARKET + SEC + FINBERT,binary__Has_Item_1_01,0.31408857082587643,0.31408857082587643
2026,MODEL C - MARKET + SEC + FINBERT,binary__Has_Item_2_01,0.05855424143001435,0.05855424143001435
2026,MODEL C - MARKET + SEC + FINBERT,binary__Has_Item_2_02,0.015296907904755573,0.015296907904755573
2026,MODEL C - MARKET + SEC + FINBERT,binary__Has_Item_5_02,-0.5781600811140569,0.5781600811140569
2026,MODEL C - MARKET + SEC + FINBERT,binary__Has_Item_5_03,0.1602583308822692,0.1602583308822692
2026,MODEL C - MARKET + SEC + FINBERT,binary__Has_Item_5_07,-0.6071595274931543,0.6071595274931543
2026,MODEL C - MARKET + SEC + FINBERT,binary__Has_Item_7_01,-0.28624098516447943,0.28624098516447943
2026,MODEL C - MARKET + SEC + FINBERT,binary__Has_Item_8_01,-0.36948144800716937,0.36948144800716937
2026,MODEL C - MARKET + SEC + FINBERT,binary__Has_Sentiment_History,-0.4120017152692148,0.4120017152692148
2026,MODEL C - MARKET + SEC + FINBERT,sentiment__Mean_Net_Sentiment,0.20216655057904265,0.20216655057904265
2026,MODEL C - MARKET + SEC + FINBERT,sentiment__Sentiment_Momentum_3,-0.2134491623926127,0.2134491623926127
2026,MODEL C2 - MARKET + SEC + FINBERT CONTEXT,numeric__Stock_vs_QQQ_1D,-0.5142496556011015,0.5142496556011015
2026,MODEL C2 - MARKET + SEC + FINBERT CONTEXT,numeric__Stock_vs_QQQ_3D,0.16259269201406806,0.16259269201406806
2026,MODEL C2 - MARKET + SEC + FINBERT CONTEXT,numeric__Stock_vs_QQQ_5D,-0.1455218906160181,0.1455218906160181
2026,MODEL C2 - MARKET + SEC + FINBERT CONTEXT,numeric__Volatility_14D,-0.023556705898281915,0.023556705898281915
2026,MODEL C2 - MARKET + SEC + FINBERT CONTEXT,numeric__Relative_Volume_20D,-0.2693823742927773,0.2693823742927773
2026,MODEL C2 - MARKET + SEC + FINBERT CONTEXT,numeric__RSI_14,0.1154536685437268,0.1154536685437268
2026,MODEL C2 - MARKET + SEC + FINBERT CONTEXT,numeric__Price_to_SMA20,-0.16295019133606056,0.16295019133606056
2026,MODEL C2 - MARKET + SEC + FINBERT CONTEXT,numeric__Intraday_Return,0.2873205700626836,0.2873205700626836
2026,MODEL C2 - MARKET + SEC + FINBERT CONTEXT,numeric__Daily_Range,0.1253946381109308,0.1253946381109308
2026,MODEL C2 - MARKET + SEC + FINBERT CONTEXT,numeric__QQQ_Log_Return_1D,-0.17344525556796941,0.17344525556796941
2026,MODEL C2 - MARKET + SEC + FINBERT CONTEXT,numeric__QQQ_Log_Return_3D,-0.043838278711781545,0.043838278711781545
2026,MODEL C2 - MARKET + SEC + FINBERT CONTEXT,numeric__QQQ_Log_Return_5D,0.12217426546315625,0.12217426546315625
2026,MODEL C2 - MARKET + SEC + FINBERT CONTEXT,numeric__QQQ_Volatility_14D,-0.029879897212910234,0.029879897212910234
2026,MODEL C2 - MARKET + SEC + FINBERT CONTEXT,categorical__Ticker_ADBE,0.19233468802110554,0.19233468802110554
2026,MODEL C2 - MARKET + SEC + FINBERT CONTEXT,categorical__Ticker_AMD,-0.12011240211863891,0.12011240211863891
2026,MODEL C2 - MARKET + SEC + FINBERT CONTEXT,categorical__Ticker_AMZN,0.10693771171474233,0.10693771171474233
2026,MODEL C2 - MARKET + SEC + FINBERT CONTEXT,categorical__Ticker_AVGO,0.3956027221364269,0.3956027221364269
2026,MODEL C2 - MARKET + SEC + FINBERT CONTEXT,categorical__Ticker_GOOGL,0.4473124804364509,0.4473124804364509
2026,MODEL C2 - MARKET + SEC + FINBERT CONTEXT,categorical__Ticker_INTC,-0.38423828264965537,0.38423828264965537
2026,MODEL C2 - MARKET + SEC + FINBERT CONTEXT,categorical__Ticker_META,0.2351208015682382,0.2351208015682382
2026,MODEL C2 - MARKET + SEC + FINBERT CONTEXT,categorical__Ticker_MSFT,0.3439178853706983,0.3439178853706983
2026,MODEL C2 - MARKET + SEC + FINBERT CONTEXT,categorical__Ticker_NFLX,0.02298499002187357,0.02298499002187357
2026,MODEL C2 - MARKET + SEC + FINBERT CONTEXT,categorical__Ticker_NVDA,-0.009819956310593797,0.009819956310593797
2026,MODEL C2 - MARKET + SEC + FINBERT CONTEXT,categorical__Ticker_QCOM,-0.23435299671450882,0.23435299671450882
2026,MODEL C2 - MARKET + SEC + FINBERT CONTEXT,categorical__Ticker_TSLA,0.08662037839564152,0.08662037839564152
2026,MODEL C2 - MARKET + SEC + FINBERT CONTEXT,binary__Has_EX99,-0.06277902704378126,0.06277902704378126
2026,MODEL C2 - MARKET + SEC + FINBERT CONTEXT,binary__Has_Item_1_01,0.3228940150480344,0.3228940150480344
2026,MODEL C2 - MARKET + SEC + FINBERT CONTEXT,binary__Has_Item_2_01,0.04273840707314779,0.04273840707314779
2026,MODEL C2 - MARKET + SEC + FINBERT CONTEXT,binary__Has_Item_2_02,0.03943915395990926,0.03943915395990926
2026,MODEL C2 - MARKET + SEC + FINBERT CONTEXT,binary__Has_Item_5_02,-0.6089464210337918,0.6089464210337918
2026,MODEL C2 - MARKET + SEC + FINBERT CONTEXT,binary__Has_Item_5_03,0.13397798256663002,0.13397798256663002
2026,MODEL C2 - MARKET + SEC + FINBERT CONTEXT,binary__Has_Item_5_07,-0.6412753800525524,0.6412753800525524
2026,MODEL C2 - MARKET + SEC + FINBERT CONTEXT,binary__Has_Item_7_01,-0.25487582817029214,0.25487582817029214
2026,MODEL C2 - MARKET + SEC + FINBERT CONTEXT,binary__Has_Item_8_01,-0.3553962217757101,0.3553962217757101
2026,MODEL C2 - MARKET + SEC + FINBERT CONTEXT,binary__Has_Sentiment_History,-0.4143598266487023,0.4143598266487023
2026,MODEL C2 - MARKET + SEC + FINBERT CONTEXT,sentiment__Mean_Net_Sentiment,0.3106534031431488,0.3106534031431488
2026,MODEL C2 - MARKET + SEC + FINBERT CONTEXT,sentiment__Sentiment_Momentum_3,-0.2123437687043157,0.2123437687043157
2026,MODEL C2 - MARKET + SEC + FINBERT CONTEXT,sentiment__Abs_Sentiment,-0.1503964871496437,0.1503964871496437
2026,MODEL C2 - MARKET + SEC + FINBERT CONTEXT,sentiment__Sentiment_x_Prior_Return_5D,0.0784256721802671,0.0784256721802671
2026,MODEL C3 - COMPACT + SEC + FINBERT,numeric__Log_Return_1D_Z60,-0.3907916915663742,0.3907916915663742
2026,MODEL C3 - COMPACT + SEC + FINBERT,numeric__Log_Return_5D_Z60,0.0842073562811895,0.0842073562811895
2026,MODEL C3 - COMPACT + SEC + FINBERT,numeric__Volatility_14D_Z60,-0.008041508998883586,0.008041508998883586
2026,MODEL C3 - COMPACT + SEC + FINBERT,numeric__Relative_Volume_20D_Z60,-0.13410223952782796,0.13410223952782796
2026,MODEL C3 - COMPACT + SEC + FINBERT,numeric__RSI_14,0.021475985108011873,0.021475985108011873
2026,MODEL C3 - COMPACT + SEC + FINBERT,numeric__Price_to_SMA20_Z60,-0.164106779221714,0.164106779221714
2026,MODEL C3 - COMPACT + SEC + FINBERT,numeric__Intraday_Return_Z60,0.16060125704152095,0.16060125704152095
2026,MODEL C3 - COMPACT + SEC + FINBERT,numeric__Daily_Range_Z60,-0.020119445657029566,0.020119445657029566
2026,MODEL C3 - COMPACT + SEC + FINBERT,numeric__QQQ_Log_Return_1D,0.07092219493932181,0.07092219493932181
2026,MODEL C3 - COMPACT + SEC + FINBERT,numeric__QQQ_Log_Return_5D,0.04296171303623885,0.04296171303623885
2026,MODEL C3 - COMPACT + SEC + FINBERT,numeric__QQQ_Volatility_14D,0.010938888969933822,0.010938888969933822
2026,MODEL C3 - COMPACT + SEC + FINBERT,categorical__Ticker_ADBE,0.1671116533982782,0.1671116533982782
2026,MODEL C3 - COMPACT + SEC + FINBERT,categorical__Ticker_AMD,-0.036442946030393095,0.036442946030393095
2026,MODEL C3 - COMPACT + SEC + FINBERT,categorical__Ticker_AMZN,0.10069672114947395,0.10069672114947395
2026,MODEL C3 - COMPACT + SEC + FINBERT,categorical__Ticker_AVGO,0.39418409350822764,0.39418409350822764
2026,MODEL C3 - COMPACT + SEC + FINBERT,categorical__Ticker_GOOGL,0.3965407485096843,0.3965407485096843
2026,MODEL C3 - COMPACT + SEC + FINBERT,categorical__Ticker_INTC,-0.35235865859186694,0.35235865859186694
2026,MODEL C3 - COMPACT + SEC + FINBERT,categorical__Ticker_META,0.2422535251760828,0.2422535251760828
2026,MODEL C3 - COMPACT + SEC + FINBERT,categorical__Ticker_MSFT,0.35700256423536275,0.35700256423536275
2026,MODEL C3 - COMPACT + SEC + FINBERT,categorical__Ticker_NFLX,-0.08443741587823156,0.08443741587823156
2026,MODEL C3 - COMPACT + SEC + FINBERT,categorical__Ticker_NVDA,9.991222721073622e-05,9.991222721073622e-05
2026,MODEL C3 - COMPACT + SEC + FINBERT,categorical__Ticker_QCOM,-0.2301253186503219,0.2301253186503219
2026,MODEL C3 - COMPACT + SEC + FINBERT,categorical__Ticker_TSLA,0.16239802672101986,0.16239802672101986
2026,MODEL C3 - COMPACT + SEC + FINBERT,binary__Has_EX99,-0.08817845504225859,0.08817845504225859
2026,MODEL C3 - COMPACT + SEC + FINBERT,binary__Has_Item_1_01,0.25146156753176635,0.25146156753176635
2026,MODEL C3 - COMPACT + SEC + FINBERT,binary__Has_Item_2_01,0.014931937243836315,0.014931937243836315
2026,MODEL C3 - COMPACT + SEC + FINBERT,binary__Has_Item_2_02,-0.09514875825528538,0.09514875825528538
2026,MODEL C3 - COMPACT + SEC + FINBERT,binary__Has_Item_5_02,-0.5452026078392149,0.5452026078392149
2026,MODEL C3 - COMPACT + SEC + FINBERT,binary__Has_Item_5_03,0.19901419913601187,0.19901419913601187
2026,MODEL C3 - COMPACT + SEC + FINBERT,binary__Has_Item_5_07,-0.5615759903446097,0.5615759903446097
2026,MODEL C3 - COMPACT + SEC + FINBERT,binary__Has_Item_7_01,-0.2654283695178406,0.2654283695178406
2026,MODEL C3 - COMPACT + SEC + FINBERT,binary__Has_Item_8_01,-0.3324886099778848,0.3324886099778848
2026,MODEL C3 - COMPACT + SEC + FINBERT,binary__Has_Sentiment_History,-0.4310801446675906,0.4310801446675906
2026,MODEL C3 - COMPACT + SEC + FINBERT,sentiment__Mean_Net_Sentiment,0.17644791169576593,0.17644791169576593
2026,MODEL C3 - COMPACT + SEC + FINBERT,sentiment__Sentiment_Momentum_3,-0.1694862044091043,0.1694862044091043
