Sequence_Row_ID,Ticker,Accession,Filing_Date,Feature_Cutoff_Session,Event_Session,Publication_Period,Target_Tradable_Abnormal_1D,Test_Year
0,TSLA,0001564590-20-000161,2020-01-03,2020-01-02,2020-01-03,PRE_MARKET,1,2020
1,AVGO,0001193125-20-004721,2020-01-09,2020-01-09,2020-01-10,AFTER_HOURS,0,2020
2,AVGO,0001193125-20-005998,2020-01-13,2020-01-10,2020-01-13,PRE_MARKET,0,2020
3,INTC,0001193125-20-011010,2020-01-21,2020-01-21,2020-01-22,AFTER_HOURS,1,2020
4,NFLX,0001065280-20-000035,2020-01-21,2020-01-21,2020-01-22,AFTER_HOURS,0,2020
5,INTC,0001193125-20-012078,2020-01-22,2020-01-22,2020-01-23,AFTER_HOURS,1,2020
6,AVGO,0001193125-20-013100,2020-01-23,2020-01-23,2020-01-24,AFTER_HOURS,0,2020
7,INTC,0000050863-20-000007,2020-01-23,2020-01-23,2020-01-24,AFTER_HOURS,1,2020
8,ADBE,0001104659-20-006717,2020-01-24,2020-01-24,2020-01-27,AFTER_HOURS,1,2020
9,AAPL,0000320193-20-000008,2020-01-28,2020-01-28,2020-01-29,AFTER_HOURS,1,2020
10,AMD,0000002488-20-000006,2020-01-28,2020-01-28,2020-01-29,AFTER_HOURS,0,2020
11,META,0001326801-20-000010,2020-01-29,2020-01-29,2020-01-30,AFTER_HOURS,1,2020
12,MSFT,0001193125-20-018383,2020-01-29,2020-01-29,2020-01-30,AFTER_HOURS,0,2020
13,TSLA,0001564590-20-002489,2020-01-29,2020-01-29,2020-01-30,AFTER_HOURS,1,2020
14,ADBE,0000796343-20-000040,2020-01-30,2020-01-30,2020-01-31,AFTER_HOURS,1,2020
15,AMZN,0001018724-20-000002,2020-01-30,2020-01-30,2020-01-31,AFTER_HOURS,0,2020
16,AVGO,0001193125-20-021302,2020-01-31,2020-01-31,2020-02-03,AFTER_HOURS,0,2020
17,ADBE,0001104659-20-009759,2020-02-03,2020-02-03,2020-02-04,AFTER_HOURS,1,2020
18,GOOGL,0001652044-20-000004,2020-02-03,2020-02-03,2020-02-04,AFTER_HOURS,0,2020
19,META,0001326801-20-000018,2020-02-03,2020-02-03,2020-02-04,AFTER_HOURS,1,2020
20,QCOM,0001728949-20-000010,2020-02-05,2020-02-05,2020-02-06,AFTER_HOURS,1,2020
21,INTC,0001193125-20-035758,2020-02-13,2020-02-13,2020-02-14,AFTER_HOURS,0,2020
22,NVDA,0001045810-20-000007,2020-02-13,2020-02-13,2020-02-14,AFTER_HOURS,1,2020
23,AAPL,0001193125-20-039203,2020-02-18,2020-02-14,2020-02-18,PRE_MARKET,1,2020
24,AMD,0000002488-20-000019,2020-02-18,2020-02-18,2020-02-19,AFTER_HOURS,1,2020
25,TSLA,0001564590-20-005288,2020-02-19,2020-02-19,2020-02-20,AFTER_HOURS,0,2020
26,AAPL,0001193125-20-050884,2020-02-27,2020-02-26,2020-02-27,PRE_MARKET,0,2020
27,MSFT,0001193125-20-050232,2020-02-26,2020-02-26,2020-02-27,AFTER_HOURS,0,2020
28,META,0001326801-20-000023,2020-03-09,2020-03-09,2020-03-10,AFTER_HOURS,1,2020
29,NVDA,0001045810-20-000033,2020-03-10,2020-03-10,2020-03-11,AFTER_HOURS,0,2020
30,ADBE,0000796343-20-000054,2020-03-12,2020-03-12,2020-03-13,AFTER_HOURS,1,2020
31,AMD,0000002488-20-000034,2020-03-12,2020-03-12,2020-03-13,AFTER_HOURS,1,2020
32,AVGO,0001193125-20-071608,2020-03-12,2020-03-12,2020-03-13,AFTER_HOURS,1,2020
33,META,0001326801-20-000028,2020-03-13,2020-03-13,2020-03-16,AFTER_HOURS,0,2020
34,MSFT,0001193125-20-073072,2020-03-13,2020-03-13,2020-03-16,AFTER_HOURS,0,2020
35,QCOM,0001728949-20-000015,2020-03-13,2020-03-13,2020-03-16,AFTER_HOURS,0,2020
36,TSLA,0001564590-20-011823,2020-03-19,2020-03-19,2020-03-20,AFTER_HOURS,1,2020
37,INTC,0001193125-20-083209,2020-03-24,2020-03-23,2020-03-24,PRE_MARKET,0,2020
38,INTC,0001193125-20-085163,2020-03-25,2020-03-25,2020-03-26,AFTER_HOURS,1,2020
39,META,0001326801-20-000031,2020-03-26,2020-03-26,2020-03-27,AFTER_HOURS,0,2020
40,MSFT,0001193125-20-091746,2020-03-31,2020-03-30,2020-03-31,PRE_MARKET,0,2020
41,AVGO,0001193125-20-092827,2020-03-31,2020-03-31,2020-04-01,AFTER_HOURS,0,2020
42,NVDA,0001193125-20-092939,2020-03-31,2020-03-31,2020-04-01,AFTER_HOURS,0,2020
43,TSLA,0001564590-20-014992,2020-04-02,2020-04-02,2020-04-03,AFTER_HOURS,0,2020
44,AVGO,0001193125-20-099626,2020-04-06,2020-04-06,2020-04-07,AFTER_HOURS,0,2020
45,ADBE,0000796343-20-000085,2020-04-10,2020-04-09,2020-04-13,NON_TRADING_DAY,0,2020
46,AVGO,0001193125-20-102580,2020-04-09,2020-04-09,2020-04-13,AFTER_HOURS,1,2020
47,AVGO,0001193125-20-107418,2020-04-14,2020-04-14,2020-04-15,AFTER_HOURS,0,2020
48,AMZN,0001193125-20-108427,2020-04-15,2020-04-15,2020-04-16,AFTER_HOURS,1,2020
49,NVDA,0001045810-20-000048,2020-04-16,2020-04-16,2020-04-17,AFTER_HOURS,0,2020
50,AVGO,0001193125-20-114389,2020-04-22,2020-04-21,2020-04-22,PRE_MARKET,1,2020
51,NFLX,0001065280-20-000153,2020-04-21,2020-04-21,2020-04-22,AFTER_HOURS,0,2020
52,INTC,0000050863-20-000016,2020-04-23,2020-04-23,2020-04-24,AFTER_HOURS,1,2020
53,TSLA,0001564590-20-018196,2020-04-23,2020-04-23,2020-04-24,AFTER_HOURS,1,2020
54,NVDA,0001045810-20-000052,2020-04-27,2020-04-24,2020-04-27,PRE_MARKET,1,2020
55,AMD,0000002488-20-000048,2020-04-28,2020-04-28,2020-04-29,AFTER_HOURS,0,2020
56,GOOGL,0001652044-20-000018,2020-04-28,2020-04-28,2020-04-29,AFTER_HOURS,0,2020
57,NFLX,0001193125-20-123239,2020-04-28,2020-04-28,2020-04-29,AFTER_HOURS,1,2020
58,META,0001326801-20-000046,2020-04-29,2020-04-29,2020-04-30,AFTER_HOURS,0,2020
59,MSFT,0001193125-20-126089,2020-04-29,2020-04-29,2020-04-30,AFTER_HOURS,1,2020
60,QCOM,0001728949-20-000030,2020-04-29,2020-04-29,2020-04-30,AFTER_HOURS,0,2020
61,TSLA,0001564590-20-019776,2020-04-29,2020-04-29,2020-04-30,AFTER_HOURS,0,2020
62,AAPL,0000320193-20-000050,2020-04-30,2020-04-30,2020-05-01,AFTER_HOURS,1,2020
63,AMZN,0001018724-20-000008,2020-04-30,2020-04-30,2020-05-01,AFTER_HOURS,0,2020
64,MSFT,0001193125-20-128779,2020-04-30,2020-04-30,2020-05-01,AFTER_HOURS,1,2020
65,AVGO,0001193125-20-133159,2020-05-05,2020-05-04,2020-05-05,PRE_MARKET,0,2020
66,QCOM,0001728949-20-000037,2020-05-04,2020-05-04,2020-05-05,AFTER_HOURS,1,2020
67,AVGO,0001193125-20-134440,2020-05-06,2020-05-05,2020-05-06,PRE_MARKET,0,2020
68,TSLA,0001564590-20-022062,2020-05-06,2020-05-06,2020-05-07,AFTER_HOURS,1,2020
69,AVGO,0001193125-20-137528,2020-05-08,2020-05-08,2020-05-11,AFTER_HOURS,0,2020
70,QCOM,0001104659-20-058923,2020-05-08,2020-05-08,2020-05-11,AFTER_HOURS,0,2020
71,TSLA,0001564590-20-023655,2020-05-08,2020-05-08,2020-05-11,AFTER_HOURS,1,2020
72,AAPL,0001193125-20-139112,2020-05-11,2020-05-11,2020-05-12,AFTER_HOURS,1,2020
73,AMD,0000002488-20-000068,2020-05-12,2020-05-12,2020-05-13,AFTER_HOURS,0,2020
74,MSFT,0001193125-20-142890,2020-05-14,2020-05-14,2020-05-15,AFTER_HOURS,1,2020
75,NFLX,0001193125-20-144151,2020-05-15,2020-05-15,2020-05-18,AFTER_HOURS,0,2020
76,AVGO,0001193125-20-146131,2020-05-19,2020-05-19,2020-05-20,AFTER_HOURS,0,2020
77,INTC,0001193125-20-147273,2020-05-20,2020-05-20,2020-05-21,AFTER_HOURS,0,2020
78,AVGO,0001193125-20-148648,2020-05-21,2020-05-21,2020-05-22,AFTER_HOURS,1,2020
79,NVDA,0001045810-20-000063,2020-05-21,2020-05-21,2020-05-22,AFTER_HOURS,1,2020
80,AMZN,0001018724-20-000015,2020-05-29,2020-05-29,2020-06-01,AFTER_HOURS,1,2020
81,META,0001326801-20-000058,2020-05-29,2020-05-29,2020-06-01,AFTER_HOURS,1,2020
82,MSFT,0001193125-20-157234,2020-06-01,2020-06-01,2020-06-02,AFTER_HOURS,0,2020
83,AMZN,0001193125-20-159531,2020-06-03,2020-06-03,2020-06-04,AFTER_HOURS,0,2020
84,AVGO,0001193125-20-159573,2020-06-03,2020-06-03,2020-06-04,AFTER_HOURS,1,2020
85,AVGO,0001730168-20-000099,2020-06-04,2020-06-04,2020-06-05,AFTER_HOURS,0,2020
86,GOOGL,0001652044-20-000027,2020-06-05,2020-06-05,2020-06-08,AFTER_HOURS,1,2020
87,NFLX,0001065280-20-000250,2020-06-09,2020-06-09,2020-06-10,AFTER_HOURS,0,2020
88,ADBE,0000796343-20-000129,2020-06-11,2020-06-11,2020-06-12,AFTER_HOURS,1,2020
89,NVDA,0001045810-20-000103,2020-06-15,2020-06-15,2020-06-16,AFTER_HOURS,0,2020
90,TSLA,0001564590-20-029536,2020-06-16,2020-06-16,2020-06-17,AFTER_HOURS,1,2020
91,INTC,0001193125-20-171288,2020-06-17,2020-06-17,2020-06-18,AFTER_HOURS,0,2020
92,AMZN,0001193125-20-176528,2020-06-23,2020-06-23,2020-06-24,AFTER_HOURS,1,2020
93,MSFT,0001193125-20-180036,2020-06-26,2020-06-25,2020-06-26,PRE_MARKET,1,2020
94,AVGO,0001730168-20-000126,2020-06-26,2020-06-26,2020-06-29,AFTER_HOURS,0,2020
95,MSFT,0001193125-20-184744,2020-07-01,2020-06-30,2020-07-01,PRE_MARKET,0,2020
96,TSLA,0001564590-20-031314,2020-06-30,2020-06-30,2020-07-01,AFTER_HOURS,1,2020
97,TSLA,0001564590-20-031568,2020-07-02,2020-07-01,2020-07-02,PRE_MARKET,0,2020
98,NVDA,0001045810-20-000127,2020-07-13,2020-07-13,2020-07-14,AFTER_HOURS,1,2020
99,NFLX,0001065280-20-000306,2020-07-16,2020-07-16,2020-07-17,AFTER_HOURS,0,2020
100,MSFT,0001193125-20-197109,2020-07-22,2020-07-22,2020-07-23,AFTER_HOURS,1,2020
101,TSLA,0001564590-20-033069,2020-07-22,2020-07-22,2020-07-23,AFTER_HOURS,0,2020
102,INTC,0000050863-20-000025,2020-07-23,2020-07-23,2020-07-24,AFTER_HOURS,0,2020
103,QCOM,0001728949-20-000047,2020-07-24,2020-07-24,2020-07-27,AFTER_HOURS,1,2020
104,INTC,0001193125-20-199804,2020-07-27,2020-07-27,2020-07-28,AFTER_HOURS,1,2020
105,AMD,0000002488-20-000101,2020-07-28,2020-07-28,2020-07-29,AFTER_HOURS,1,2020
106,QCOM,0001728949-20-000056,2020-07-29,2020-07-29,2020-07-30,AFTER_HOURS,1,2020
107,AAPL,0000320193-20-000060,2020-07-30,2020-07-30,2020-07-31,AFTER_HOURS,1,2020
108,AMZN,0001018724-20-000019,2020-07-30,2020-07-30,2020-07-31,AFTER_HOURS,0,2020
109,GOOGL,0001652044-20-000031,2020-07-30,2020-07-30,2020-07-31,AFTER_HOURS,0,2020
110,META,0001326801-20-000073,2020-07-30,2020-07-30,2020-07-31,AFTER_HOURS,0,2020
111,MSFT,0001193125-20-207517,2020-08-03,2020-07-31,2020-08-03,PRE_MARKET,1,2020
112,QCOM,0001104659-20-090597,2020-08-05,2020-08-04,2020-08-05,PRE_MARKET,1,2020
113,GOOGL,0001193125-20-210772,2020-08-05,2020-08-05,2020-08-06,AFTER_HOURS,1,2020
114,AAPL,0001193125-20-213158,2020-08-07,2020-08-07,2020-08-10,AFTER_HOURS,1,2020
115,AMD,0000002488-20-000110,2020-08-11,2020-08-11,2020-08-12,AFTER_HOURS,1,2020
116,TSLA,0001564590-20-039353,2020-08-11,2020-08-11,2020-08-12,AFTER_HOURS,1,2020
117,INTC,0001193125-20-220333,2020-08-14,2020-08-14,2020-08-17,AFTER_HOURS,0,2020
118,QCOM,0001104659-20-096322,2020-08-18,2020-08-17,2020-08-18,PRE_MARKET,0,2020
119,INTC,0001193125-20-224772,2020-08-19,2020-08-19,2020-08-20,AFTER_HOURS,0,2020
120,NVDA,0001045810-20-000145,2020-08-19,2020-08-19,2020-08-20,AFTER_HOURS,0,2020
121,AAPL,0001193125-20-225672,2020-08-20,2020-08-20,2020-08-21,AFTER_HOURS,1,2020
122,TSLA,0001193125-20-236678,2020-09-01,2020-08-31,2020-09-01,PRE_MARKET,0,2020
123,AVGO,0001730168-20-000154,2020-09-03,2020-09-03,2020-09-04,AFTER_HOURS,1,2020
124,NFLX,0001193125-20-240074,2020-09-04,2020-09-04,2020-09-08,AFTER_HOURS,1,2020
125,TSLA,0001564590-20-042696,2020-09-08,2020-09-04,2020-09-08,PRE_MARKET,0,2020
126,AMZN,0001018724-20-000026,2020-09-09,2020-09-09,2020-09-10,AFTER_HOURS,0,2020
127,NVDA,0001193125-20-244601,2020-09-14,2020-09-11,2020-09-14,PRE_MARKET,0,2020
128,ADBE,0000796343-20-000197,2020-09-15,2020-09-15,2020-09-16,AFTER_HOURS,0,2020
129,MSFT,0001193125-20-250163,2020-09-21,2020-09-21,2020-09-22,AFTER_HOURS,1,2020
130,TSLA,0001564590-20-044548,2020-09-24,2020-09-24,2020-09-25,AFTER_HOURS,1,2020
131,GOOGL,0001193125-20-254587,2020-09-25,2020-09-25,2020-09-28,AFTER_HOURS,0,2020
132,TSLA,0001564590-20-045592,2020-10-02,2020-10-01,2020-10-02,PRE_MARKET,0,2020
133,ADBE,0000796343-20-000212,2020-10-06,2020-10-06,2020-10-07,AFTER_HOURS,1,2020
134,INTC,0001193125-20-272580,2020-10-20,2020-10-19,2020-10-20,PRE_MARKET,0,2020
135,GOOGL,0001193125-20-272940,2020-10-20,2020-10-20,2020-10-21,AFTER_HOURS,1,2020
136,NFLX,0001065280-20-000448,2020-10-20,2020-10-20,2020-10-21,AFTER_HOURS,0,2020
137,TSLA,0001564590-20-047108,2020-10-21,2020-10-21,2020-10-22,AFTER_HOURS,0,2020
138,INTC,0000050863-20-000042,2020-10-22,2020-10-22,2020-10-23,AFTER_HOURS,0,2020
139,ADBE,0000796343-20-000218,2020-10-23,2020-10-23,2020-10-26,AFTER_HOURS,0,2020
140,GOOGL,0001193125-20-275550,2020-10-23,2020-10-23,2020-10-26,AFTER_HOURS,0,2020
141,AMD,0001193125-20-277468,2020-10-27,2020-10-26,2020-10-27,PRE_MARKET,0,2020
142,GOOGL,0001652044-20-000038,2020-10-26,2020-10-26,2020-10-27,AFTER_HOURS,1,2020
143,AMD,0001193125-20-278572,2020-10-27,2020-10-27,2020-10-28,AFTER_HOURS,0,2020
144,MSFT,0001193125-20-278410,2020-10-27,2020-10-27,2020-10-28,AFTER_HOURS,0,2020
145,AAPL,0000320193-20-000094,2020-10-29,2020-10-29,2020-10-30,AFTER_HOURS,0,2020
146,AMZN,0001018724-20-000028,2020-10-29,2020-10-29,2020-10-30,AFTER_HOURS,0,2020
147,GOOGL,0001652044-20-000046,2020-10-29,2020-10-29,2020-10-30,AFTER_HOURS,0,2020
148,META,0001326801-20-000081,2020-10-29,2020-10-29,2020-10-30,AFTER_HOURS,0,2020
149,QCOM,0001728949-20-000066,2020-11-04,2020-11-04,2020-11-05,AFTER_HOURS,0,2020
150,NVDA,0001045810-20-000181,2020-11-09,2020-11-09,2020-11-10,AFTER_HOURS,0,2020
151,NVDA,0001045810-20-000187,2020-11-18,2020-11-18,2020-11-19,AFTER_HOURS,1,2020
152,QCOM,0001728949-20-000070,2020-11-19,2020-11-19,2020-11-20,AFTER_HOURS,0,2020
153,TSLA,0001193125-20-312194,2020-12-08,2020-12-07,2020-12-08,PRE_MARKET,1,2020
154,ADBE,0000796343-20-000248,2020-12-10,2020-12-09,2020-12-10,PRE_MARKET,0,2020
155,AVGO,0001193125-20-315010,2020-12-10,2020-12-10,2020-12-11,AFTER_HOURS,1,2020
156,QCOM,0001104659-20-134200,2020-12-10,2020-12-10,2020-12-11,AFTER_HOURS,0,2020
157,TSLA,0001564590-20-056725,2020-12-10,2020-12-10,2020-12-11,AFTER_HOURS,0,2020
158,NFLX,0001065280-20-000526,2020-12-14,2020-12-14,2020-12-15,AFTER_HOURS,0,2020
159,NFLX,0001065280-20-000530,2020-12-18,2020-12-18,2020-12-21,AFTER_HOURS,0,2020
160,GOOGL,0001193125-20-323272,2020-12-21,2020-12-21,2020-12-22,AFTER_HOURS,0,2020
161,NFLX,0001065280-20-000533,2020-12-28,2020-12-28,2020-12-29,AFTER_HOURS,1,2020
162,AVGO,0001193125-21-000394,2021-01-04,2020-12-31,2021-01-04,PRE_MARKET,0,2021
163,TSLA,0001564590-21-000010,2021-01-04,2020-12-31,2021-01-04,PRE_MARKET,1,2021
164,AVGO,0001193125-21-001276,2021-01-04,2021-01-04,2021-01-05,AFTER_HOURS,0,2021
165,AAPL,0001193125-21-001982,2021-01-05,2021-01-05,2021-01-06,AFTER_HOURS,0,2021
166,AMD,0000002488-21-000002,2021-01-06,2021-01-06,2021-01-07,AFTER_HOURS,1,2021
167,AVGO,0001193125-21-003380,2021-01-06,2021-01-06,2021-01-07,AFTER_HOURS,1,2021
168,QCOM,0001728949-21-000004,2021-01-08,2021-01-08,2021-01-11,AFTER_HOURS,1,2021
169,AMD,0000002488-21-000005,2021-01-12,2021-01-12,2021-01-13,AFTER_HOURS,0,2021
170,QCOM,0001728949-21-000009,2021-01-13,2021-01-12,2021-01-13,PRE_MARKET,1,2021
171,INTC,0001193125-21-009142,2021-01-14,2021-01-14,2021-01-15,AFTER_HOURS,0,2021
172,AVGO,0001193125-21-011422,2021-01-19,2021-01-19,2021-01-20,AFTER_HOURS,0,2021
173,NFLX,0001065280-21-000037,2021-01-19,2021-01-19,2021-01-20,AFTER_HOURS,1,2021
174,INTC,0000050863-21-000009,2021-01-21,2021-01-21,2021-01-22,AFTER_HOURS,0,2021
175,INTC,0001193125-21-014847,2021-01-22,2021-01-22,2021-01-25,AFTER_HOURS,0,2021
176,AMD,0000002488-21-000009,2021-01-26,2021-01-26,2021-01-27,AFTER_HOURS,0,2021
177,AMZN,0001193125-21-018066,2021-01-26,2021-01-26,2021-01-27,AFTER_HOURS,0,2021
178,MSFT,0001193125-21-017683,2021-01-26,2021-01-26,2021-01-27,AFTER_HOURS,0,2021
179,AAPL,0000320193-21-000009,2021-01-27,2021-01-27,2021-01-28,AFTER_HOURS,0,2021
180,ADBE,0000796343-21-000028,2021-01-27,2021-01-27,2021-01-28,AFTER_HOURS,1,2021
181,META,0001326801-21-000011,2021-01-27,2021-01-27,2021-01-28,AFTER_HOURS,0,2021
182,TSLA,0001564590-21-002645,2021-01-27,2021-01-27,2021-01-28,AFTER_HOURS,1,2021
183,AMZN,0001018724-21-000002,2021-02-02,2021-02-02,2021-02-03,AFTER_HOURS,0,2021
184,AVGO,0001193125-21-025889,2021-02-02,2021-02-02,2021-02-03,AFTER_HOURS,0,2021
185,GOOGL,0001652044-21-000006,2021-02-02,2021-02-02,2021-02-03,AFTER_HOURS,1,2021
186,QCOM,0001728949-21-000021,2021-02-03,2021-02-03,2021-02-04,AFTER_HOURS,0,2021
187,AAPL,0001193125-21-032394,2021-02-08,2021-02-08,2021-02-09,AFTER_HOURS,0,2021
188,MSFT,0001193125-21-044940,2021-02-16,2021-02-16,2021-02-17,AFTER_HOURS,1,2021
189,INTC,0001193125-21-047794,2021-02-18,2021-02-18,2021-02-19,AFTER_HOURS,1,2021
190,AMD,0000002488-21-000033,2021-02-22,2021-02-22,2021-02-23,AFTER_HOURS,1,2021
191,AAPL,0001193125-21-054710,2021-02-24,2021-02-24,2021-02-25,AFTER_HOURS,0,2021
192,NVDA,0001045810-21-000007,2021-02-24,2021-02-24,2021-02-25,AFTER_HOURS,0,2021
193,MSFT,0001193125-21-065751,2021-03-02,2021-03-02,2021-03-03,AFTER_HOURS,1,2021
194,AVGO,0001730168-21-000026,2021-03-04,2021-03-04,2021-03-05,AFTER_HOURS,0,2021
195,GOOGL,0001193125-21-069770,2021-03-04,2021-03-04,2021-03-05,AFTER_HOURS,1,2021
196,AMD,0001193125-21-073262,2021-03-08,2021-03-08,2021-03-09,AFTER_HOURS,1,2021
197,TSLA,0001564590-21-012981,2021-03-15,2021-03-12,2021-03-15,PRE_MARKET,1,2021
198,AVGO,0001193125-21-081796,2021-03-15,2021-03-15,2021-03-16,AFTER_HOURS,1,2021
199,QCOM,0001628280-21-004741,2021-03-15,2021-03-15,2021-03-16,AFTER_HOURS,1,2021
200,INTC,0001193125-21-082782,2021-03-16,2021-03-16,2021-03-17,AFTER_HOURS,1,2021
201,MSFT,0001193125-21-084239,2021-03-17,2021-03-17,2021-03-18,AFTER_HOURS,1,2021
202,NVDA,0001045810-21-000034,2021-03-18,2021-03-18,2021-03-19,AFTER_HOURS,1,2021
203,ADBE,0000796343-21-000063,2021-03-23,2021-03-23,2021-03-24,AFTER_HOURS,0,2021
204,INTC,0001193125-21-091374,2021-03-23,2021-03-23,2021-03-24,AFTER_HOURS,0,2021
205,AVGO,0001193125-21-098755,2021-03-29,2021-03-29,2021-03-30,AFTER_HOURS,0,2021
206,AVGO,0001193125-21-102518,2021-03-31,2021-03-31,2021-04-01,AFTER_HOURS,1,2021
207,TSLA,0001564590-21-017443,2021-04-02,2021-04-01,2021-04-05,NON_TRADING_DAY,0,2021
208,AVGO,0001730168-21-000071,2021-04-05,2021-04-05,2021-04-06,AFTER_HOURS,1,2021
209,AMD,0000002488-21-000046,2021-04-08,2021-04-08,2021-04-09,AFTER_HOURS,0,2021
210,GOOGL,0001193125-21-111624,2021-04-09,2021-04-09,2021-04-12,AFTER_HOURS,0,2021
211,AMZN,0001104659-21-050346,2021-04-14,2021-04-14,2021-04-15,AFTER_HOURS,0,2021
212,NFLX,0001065280-21-000143,2021-04-20,2021-04-20,2021-04-21,AFTER_HOURS,0,2021
213,ADBE,0000796343-21-000106,2021-04-22,2021-04-22,2021-04-23,AFTER_HOURS,1,2021
214,INTC,0000050863-21-000017,2021-04-22,2021-04-22,2021-04-23,AFTER_HOURS,0,2021
215,TSLA,0001564590-21-020558,2021-04-26,2021-04-26,2021-04-27,AFTER_HOURS,0,2021
216,AMD,0000002488-21-000054,2021-04-27,2021-04-27,2021-04-28,AFTER_HOURS,0,2021
217,GOOGL,0001652044-21-000018,2021-04-27,2021-04-27,2021-04-28,AFTER_HOURS,0,2021
218,MSFT,0001193125-21-134213,2021-04-27,2021-04-27,2021-04-28,AFTER_HOURS,0,2021
219,AAPL,0000320193-21-000055,2021-04-28,2021-04-28,2021-04-29,AFTER_HOURS,0,2021
220,META,0001326801-21-000031,2021-04-28,2021-04-28,2021-04-29,AFTER_HOURS,1,2021
221,QCOM,0001728949-21-000042,2021-04-28,2021-04-28,2021-04-29,AFTER_HOURS,0,2021
222,AMZN,0001018724-21-000008,2021-04-29,2021-04-29,2021-04-30,AFTER_HOURS,0,2021
223,AMZN,0001193125-21-159084,2021-05-12,2021-05-12,2021-05-13,AFTER_HOURS,0,2021
224,AMD,0000002488-21-000068,2021-05-13,2021-05-13,2021-05-14,AFTER_HOURS,0,2021
225,INTC,0001193125-21-166587,2021-05-19,2021-05-19,2021-05-20,AFTER_HOURS,0,2021
226,MSFT,0001193125-21-167940,2021-05-20,2021-05-20,2021-05-21,AFTER_HOURS,1,2021
227,NVDA,0001045810-21-000056,2021-05-21,2021-05-20,2021-05-21,PRE_MARKET,0,2021
228,AMD,0001193125-21-169293,2021-05-21,2021-05-21,2021-05-24,AFTER_HOURS,0,2021
229,QCOM,0001728949-21-000048,2021-05-21,2021-05-21,2021-05-24,AFTER_HOURS,1,2021
230,NVDA,0001045810-21-000063,2021-05-26,2021-05-26,2021-05-27,AFTER_HOURS,0,2021
231,META,0001326801-21-000040,2021-05-27,2021-05-27,2021-05-28,AFTER_HOURS,0,2021
232,ADBE,0000796343-21-000128,2021-05-28,2021-05-28,2021-06-01,AFTER_HOURS,0,2021
233,AMZN,0001018724-21-000012,2021-05-28,2021-05-28,2021-06-01,AFTER_HOURS,0,2021
234,ADBE,0000796343-21-000134,2021-06-02,2021-06-02,2021-06-03,AFTER_HOURS,1,2021
235,AVGO,0001730168-21-000110,2021-06-03,2021-06-03,2021-06-04,AFTER_HOURS,0,2021
236,GOOGL,0001193125-21-182989,2021-06-04,2021-06-04,2021-06-07,AFTER_HOURS,1,2021
237,NFLX,0001065280-21-000216,2021-06-04,2021-06-04,2021-06-07,AFTER_HOURS,0,2021
238,NVDA,0001045810-21-000075,2021-06-04,2021-06-04,2021-06-07,AFTER_HOURS,0,2021
239,TSLA,0001564590-21-031976,2021-06-07,2021-06-07,2021-06-08,AFTER_HOURS,0,2021
240,MSFT,0001193125-21-192783,2021-06-17,2021-06-16,2021-06-17,PRE_MARKET,1,2021
241,NVDA,0001193125-21-192149,2021-06-16,2021-06-16,2021-06-17,AFTER_HOURS,1,2021
242,ADBE,0000796343-21-000146,2021-06-17,2021-06-17,2021-06-18,AFTER_HOURS,0,2021
243,NFLX,0001193125-21-193187,2021-06-17,2021-06-17,2021-06-18,AFTER_HOURS,1,2021
244,INTC,0001193125-21-196285,2021-06-22,2021-06-22,2021-06-23,AFTER_HOURS,0,2021
245,AMD,0000002488-21-000103,2021-06-24,2021-06-24,2021-06-25,AFTER_HOURS,0,2021
246,NVDA,0001045810-21-000117,2021-06-28,2021-06-28,2021-06-29,AFTER_HOURS,1,2021
247,AMD,0000002488-21-000107,2021-06-30,2021-06-30,2021-07-01,AFTER_HOURS,0,2021
248,TSLA,0000950170-21-000423,2021-07-02,2021-07-01,2021-07-02,PRE_MARKET,0,2021
249,AMZN,0001018724-21-000016,2021-07-02,2021-07-02,2021-07-06,AFTER_HOURS,1,2021
250,GOOGL,0001193125-21-210942,2021-07-08,2021-07-08,2021-07-09,AFTER_HOURS,0,2021
251,MSFT,0001193125-21-210827,2021-07-08,2021-07-08,2021-07-09,AFTER_HOURS,1,2021
252,INTC,0001193125-21-214206,2021-07-13,2021-07-13,2021-07-14,AFTER_HOURS,0,2021
253,INTC,0001193125-21-218615,2021-07-19,2021-07-19,2021-07-20,AFTER_HOURS,0,2021
254,NFLX,0001065280-21-000249,2021-07-20,2021-07-20,2021-07-21,AFTER_HOURS,0,2021
255,INTC,0000050863-21-000029,2021-07-22,2021-07-22,2021-07-23,AFTER_HOURS,0,2021
256,QCOM,0001728949-21-000055,2021-07-23,2021-07-23,2021-07-26,AFTER_HOURS,0,2021
257,INTC,0001193125-21-224438,2021-07-26,2021-07-26,2021-07-27,AFTER_HOURS,1,2021
258,TSLA,0001564590-21-037953,2021-07-26,2021-07-26,2021-07-27,AFTER_HOURS,0,2021
259,AAPL,0000320193-21-000063,2021-07-27,2021-07-27,2021-07-28,AFTER_HOURS,1,2021
260,AMD,0000002488-21-000114,2021-07-27,2021-07-27,2021-07-28,AFTER_HOURS,1,2021
261,GOOGL,0001652044-21-000041,2021-07-27,2021-07-27,2021-07-28,AFTER_HOURS,0,2021
262,MSFT,0001193125-21-225746,2021-07-27,2021-07-27,2021-07-28,AFTER_HOURS,0,2021
263,META,0001326801-21-000047,2021-07-28,2021-07-28,2021-07-29,AFTER_HOURS,0,2021
264,QCOM,0001728949-21-000065,2021-07-28,2021-07-28,2021-07-29,AFTER_HOURS,1,2021
265,AMZN,0001018724-21-000018,2021-07-29,2021-07-29,2021-07-30,AFTER_HOURS,0,2021
266,AAPL,0001193125-21-237787,2021-08-05,2021-08-05,2021-08-06,AFTER_HOURS,0,2021
267,INTC,0001193125-21-244840,2021-08-12,2021-08-12,2021-08-13,AFTER_HOURS,0,2021
268,NVDA,0001045810-21-000128,2021-08-18,2021-08-18,2021-08-19,AFTER_HOURS,1,2021
269,TSLA,0001564590-21-046390,2021-08-30,2021-08-30,2021-08-31,AFTER_HOURS,1,2021
270,AVGO,0001730168-21-000121,2021-09-02,2021-09-02,2021-09-03,AFTER_HOURS,0,2021
271,NFLX,0001065280-21-000319,2021-09-10,2021-09-10,2021-09-13,AFTER_HOURS,0,2021
272,AVGO,0001193125-21-271676,2021-09-13,2021-09-13,2021-09-14,AFTER_HOURS,1,2021
273,AMZN,0001018724-21-000022,2021-09-20,2021-09-20,2021-09-21,AFTER_HOURS,0,2021
274,ADBE,0000796343-21-000198,2021-09-21,2021-09-21,2021-09-22,AFTER_HOURS,0,2021
275,META,0001326801-21-000053,2021-09-22,2021-09-22,2021-09-23,AFTER_HOURS,0,2021
276,AVGO,0001193125-21-284581,2021-09-27,2021-09-27,2021-09-28,AFTER_HOURS,1,2021
277,ADBE,0000796343-21-000213,2021-10-01,2021-09-30,2021-10-01,PRE_MARKET,0,2021
278,AVGO,0001193125-21-287948,2021-09-30,2021-09-30,2021-10-01,AFTER_HOURS,0,2021
279,TSLA,0001564590-21-049874,2021-10-04,2021-10-01,2021-10-04,PRE_MARKET,0,2021
280,QCOM,0001104659-21-122578,2021-10-04,2021-10-04,2021-10-05,AFTER_HOURS,1,2021
281,INTC,0001193125-21-293329,2021-10-06,2021-10-06,2021-10-07,AFTER_HOURS,0,2021
282,TSLA,0001564590-21-050737,2021-10-13,2021-10-13,2021-10-14,AFTER_HOURS,0,2021
283,NFLX,0001065280-21-000362,2021-10-19,2021-10-19,2021-10-20,AFTER_HOURS,1,2021
284,TSLA,0001564590-21-051307,2021-10-20,2021-10-20,2021-10-21,AFTER_HOURS,1,2021
285,INTC,0000050863-21-000037,2021-10-21,2021-10-21,2021-10-22,AFTER_HOURS,0,2021
286,ADBE,0000796343-21-000221,2021-10-22,2021-10-22,2021-10-25,AFTER_HOURS,0,2021
287,META,0001326801-21-000062,2021-10-25,2021-10-25,2021-10-26,AFTER_HOURS,0,2021
288,AMD,0000002488-21-000176,2021-10-26,2021-10-26,2021-10-27,AFTER_HOURS,1,2021
289,GOOGL,0001652044-21-000054,2021-10-26,2021-10-26,2021-10-27,AFTER_HOURS,1,2021
290,MSFT,0001193125-21-307941,2021-10-26,2021-10-26,2021-10-27,AFTER_HOURS,1,2021
291,AAPL,0000320193-21-000104,2021-10-28,2021-10-28,2021-10-29,AFTER_HOURS,1,2021
292,AMZN,0001018724-21-000026,2021-10-28,2021-10-28,2021-10-29,AFTER_HOURS,1,2021
293,META,0001326801-21-000071,2021-10-28,2021-10-28,2021-10-29,AFTER_HOURS,0,2021
294,QCOM,0001728949-21-000075,2021-11-03,2021-11-03,2021-11-04,AFTER_HOURS,0,2021
295,AMZN,0001018724-21-000030,2021-11-12,2021-11-11,2021-11-12,PRE_MARKET,1,2021
296,AAPL,0001193125-21-328151,2021-11-12,2021-11-12,2021-11-15,AFTER_HOURS,1,2021
297,NVDA,0001045810-21-000160,2021-11-17,2021-11-17,2021-11-18,AFTER_HOURS,0,2021
298,ADBE,0000796343-21-000237,2021-11-23,2021-11-23,2021-11-24,AFTER_HOURS,1,2021
299,MSFT,0001193125-21-343711,2021-11-30,2021-11-30,2021-12-01,AFTER_HOURS,1,2021
300,TSLA,0001564590-21-058953,2021-12-01,2021-12-01,2021-12-02,AFTER_HOURS,0,2021
301,INTC,0001193125-21-350395,2021-12-07,2021-12-07,2021-12-08,AFTER_HOURS,0,2021
302,AVGO,0001730168-21-000148,2021-12-09,2021-12-09,2021-12-10,AFTER_HOURS,1,2021
303,ADBE,0000796343-21-000249,2021-12-16,2021-12-15,2021-12-16,PRE_MARKET,1,2021
304,NFLX,0001065280-21-000445,2021-12-21,2021-12-21,2021-12-22,AFTER_HOURS,1,2021
305,AMD,0000002488-21-000205,2021-12-23,2021-12-23,2021-12-27,AFTER_HOURS,1,2021
306,INTC,0001193125-21-369552,2021-12-29,2021-12-29,2021-12-30,AFTER_HOURS,0,2021
307,TSLA,0001564590-22-000009,2022-01-03,2021-12-31,2022-01-03,PRE_MARKET,1,2022
308,GOOGL,0001652044-22-000009,2022-01-04,2022-01-04,2022-01-05,AFTER_HOURS,0,2022
309,ADBE,0000796343-22-000011,2022-01-10,2022-01-10,2022-01-11,AFTER_HOURS,0,2022
310,INTC,0001193125-22-005658,2022-01-10,2022-01-10,2022-01-11,AFTER_HOURS,0,2022
311,META,0001326801-22-000006,2022-01-11,2022-01-11,2022-01-12,AFTER_HOURS,0,2022
312,MSFT,0001193125-22-010667,2022-01-18,2022-01-14,2022-01-18,PRE_MARKET,1,2022
313,ADBE,0000796343-22-000027,2022-01-18,2022-01-18,2022-01-19,AFTER_HOURS,1,2022
314,NFLX,0001065280-22-000035,2022-01-20,2022-01-20,2022-01-21,AFTER_HOURS,1,2022
315,MSFT,0001193125-22-017041,2022-01-25,2022-01-25,2022-01-26,AFTER_HOURS,0,2022
316,AMD,0000002488-22-000009,2022-01-27,2022-01-26,2022-01-27,PRE_MARKET,0,2022
317,INTC,0000050863-22-000006,2022-01-26,2022-01-26,2022-01-27,AFTER_HOURS,0,2022
318,TSLA,0001564590-22-002476,2022-01-26,2022-01-26,2022-01-27,AFTER_HOURS,0,2022
319,AAPL,0000320193-22-000006,2022-01-27,2022-01-27,2022-01-28,AFTER_HOURS,1,2022
320,ADBE,0000796343-22-000056,2022-01-27,2022-01-27,2022-01-28,AFTER_HOURS,1,2022
321,AMD,0000002488-22-000014,2022-02-01,2022-02-01,2022-02-02,AFTER_HOURS,0,2022
322,GOOGL,0001652044-22-000015,2022-02-01,2022-02-01,2022-02-02,AFTER_HOURS,0,2022
323,META,0001326801-22-000015,2022-02-02,2022-02-02,2022-02-03,AFTER_HOURS,0,2022
324,QCOM,0001728949-22-000011,2022-02-02,2022-02-02,2022-02-03,AFTER_HOURS,1,2022
325,AMZN,0001018724-22-000002,2022-02-03,2022-02-03,2022-02-04,AFTER_HOURS,1,2022
326,NVDA,0001045810-22-000005,2022-02-08,2022-02-07,2022-02-08,PRE_MARKET,1,2022
327,AMD,0000002488-22-000026,2022-02-10,2022-02-09,2022-02-10,PRE_MARKET,0,2022
328,INTC,0001193125-22-032684,2022-02-09,2022-02-09,2022-02-10,AFTER_HOURS,0,2022
329,META,0001326801-22-000030,2022-02-10,2022-02-10,2022-02-11,AFTER_HOURS,0,2022
330,AMD,0000002488-22-000031,2022-02-14,2022-02-11,2022-02-14,PRE_MARKET,0,2022
331,NVDA,0001045810-22-000008,2022-02-16,2022-02-16,2022-02-17,AFTER_HOURS,0,2022
332,INTC,0001193125-22-045883,2022-02-18,2022-02-17,2022-02-18,PRE_MARKET,0,2022
333,AMD,0000002488-22-000054,2022-02-28,2022-02-28,2022-03-01,AFTER_HOURS,0,2022
334,AVGO,0001730168-22-000015,2022-03-03,2022-03-03,2022-03-04,AFTER_HOURS,1,2022
335,AAPL,0001193125-22-066169,2022-03-04,2022-03-04,2022-03-07,AFTER_HOURS,1,2022
336,AMZN,0001018724-22-000009,2022-03-09,2022-03-09,2022-03-10,AFTER_HOURS,1,2022
337,NVDA,0001045810-22-000023,2022-03-09,2022-03-09,2022-03-10,AFTER_HOURS,1,2022
338,QCOM,0001728949-22-000016,2022-03-14,2022-03-14,2022-03-15,AFTER_HOURS,0,2022
339,ADBE,0000796343-22-000085,2022-03-17,2022-03-17,2022-03-18,AFTER_HOURS,1,2022
340,ADBE,0000796343-22-000087,2022-03-22,2022-03-22,2022-03-23,AFTER_HOURS,0,2022
341,TSLA,0001564590-22-011875,2022-03-28,2022-03-25,2022-03-28,PRE_MARKET,1,2022
342,AVGO,0001193125-22-092425,2022-03-31,2022-03-31,2022-04-01,AFTER_HOURS,0,2022
343,TSLA,0001564590-22-013264,2022-04-04,2022-04-01,2022-04-04,PRE_MARKET,1,2022
344,AVGO,0001730168-22-000059,2022-04-04,2022-04-04,2022-04-05,AFTER_HOURS,0,2022
345,AMZN,0001104659-22-045579,2022-04-13,2022-04-13,2022-04-14,AFTER_HOURS,0,2022
346,AVGO,0001193125-22-105918,2022-04-14,2022-04-14,2022-04-18,AFTER_HOURS,1,2022
347,AVGO,0001193125-22-108067,2022-04-18,2022-04-18,2022-04-19,AFTER_HOURS,1,2022
348,ADBE,0000796343-22-000123,2022-04-19,2022-04-19,2022-04-20,AFTER_HOURS,0,2022
349,NFLX,0001065280-22-000144,2022-04-19,2022-04-19,2022-04-20,AFTER_HOURS,0,2022
350,TSLA,0001564590-22-014917,2022-04-20,2022-04-20,2022-04-21,AFTER_HOURS,0,2022
351,GOOGL,0001652044-22-000025,2022-04-26,2022-04-26,2022-04-27,AFTER_HOURS,0,2022
352,MSFT,0001193125-22-120207,2022-04-26,2022-04-26,2022-04-27,AFTER_HOURS,1,2022
353,META,0001326801-22-000054,2022-04-27,2022-04-27,2022-04-28,AFTER_HOURS,0,2022
354,QCOM,0001728949-22-000025,2022-04-27,2022-04-27,2022-04-28,AFTER_HOURS,1,2022
355,AAPL,0000320193-22-000058,2022-04-28,2022-04-28,2022-04-29,AFTER_HOURS,1,2022
356,AMZN,0001018724-22-000011,2022-04-28,2022-04-28,2022-04-29,AFTER_HOURS,0,2022
357,INTC,0000050863-22-000019,2022-04-28,2022-04-28,2022-04-29,AFTER_HOURS,1,2022
358,TSLA,0001564590-22-017214,2022-05-03,2022-05-02,2022-05-03,PRE_MARKET,1,2022
359,AMD,0000002488-22-000074,2022-05-03,2022-05-03,2022-05-04,AFTER_HOURS,0,2022
360,QCOM,0001104659-22-057562,2022-05-09,2022-05-09,2022-05-10,AFTER_HOURS,0,2022
361,INTC,0001193125-22-151752,2022-05-16,2022-05-16,2022-05-17,AFTER_HOURS,1,2022
362,AMD,0001193125-22-156161,2022-05-20,2022-05-20,2022-05-23,AFTER_HOURS,1,2022
363,AVGO,0001193125-22-160371,2022-05-26,2022-05-25,2022-05-26,PRE_MARKET,1,2022
364,NVDA,0001045810-22-000073,2022-05-25,2022-05-25,2022-05-26,AFTER_HOURS,1,2022
365,AVGO,0001193125-22-161016,2022-05-26,2022-05-26,2022-05-27,AFTER_HOURS,1,2022
366,META,0001326801-22-000066,2022-05-26,2022-05-26,2022-05-27,AFTER_HOURS,0,2022
367,AMZN,0001104659-22-065872,2022-05-27,2022-05-27,2022-05-31,AFTER_HOURS,1,2022
368,META,0001326801-22-000070,2022-05-31,2022-05-31,2022-06-01,AFTER_HOURS,0,2022
369,META,0001326801-22-000073,2022-06-01,2022-06-01,2022-06-02,AFTER_HOURS,1,2022
370,MSFT,0001193125-22-165839,2022-06-02,2022-06-01,2022-06-02,PRE_MARKET,1,2022
371,GOOGL,0001193125-22-167375,2022-06-03,2022-06-03,2022-06-06,AFTER_HOURS,1,2022
372,NVDA,0001045810-22-000088,2022-06-06,2022-06-06,2022-06-07,AFTER_HOURS,1,2022
373,AMD,0001193125-22-170212,2022-06-08,2022-06-08,2022-06-09,AFTER_HOURS,0,2022
374,NFLX,0001065280-22-000216,2022-06-08,2022-06-08,2022-06-09,AFTER_HOURS,0,2022
375,AMD,0001193125-22-171108,2022-06-09,2022-06-09,2022-06-10,AFTER_HOURS,0,2022
376,NFLX,0001065280-22-000217,2022-06-13,2022-06-13,2022-06-14,AFTER_HOURS,0,2022
377,ADBE,0000796343-22-000150,2022-06-16,2022-06-16,2022-06-17,AFTER_HOURS,1,2022
378,INTC,0001193125-22-178756,2022-06-22,2022-06-22,2022-06-23,AFTER_HOURS,0,2022
379,AMD,0000002488-22-000112,2022-06-28,2022-06-28,2022-06-29,AFTER_HOURS,0,2022
380,ADBE,0001193125-22-186450,2022-06-30,2022-06-30,2022-07-01,AFTER_HOURS,1,2022
381,TSLA,0001564590-22-025153,2022-07-05,2022-07-01,2022-07-05,PRE_MARKET,1,2022
382,AVGO,0001140361-22-025654,2022-07-11,2022-07-08,2022-07-11,PRE_MARKET,0,2022
383,GOOGL,0001193125-22-192153,2022-07-12,2022-07-12,2022-07-13,AFTER_HOURS,0,2022
384,GOOGL,0001193125-22-193655,2022-07-14,2022-07-14,2022-07-15,AFTER_HOURS,0,2022
385,NFLX,0001065280-22-000256,2022-07-19,2022-07-19,2022-07-20,AFTER_HOURS,1,2022
386,TSLA,0001564590-22-026048,2022-07-20,2022-07-20,2022-07-21,AFTER_HOURS,1,2022
387,GOOGL,0001652044-22-000068,2022-07-26,2022-07-26,2022-07-27,AFTER_HOURS,1,2022
388,MSFT,0001193125-22-202034,2022-07-26,2022-07-26,2022-07-27,AFTER_HOURS,1,2022
389,META,0001326801-22-000079,2022-07-27,2022-07-27,2022-07-28,AFTER_HOURS,0,2022
390,QCOM,0001728949-22-000039,2022-07-27,2022-07-27,2022-07-28,AFTER_HOURS,0,2022
391,AAPL,0000320193-22-000069,2022-07-28,2022-07-28,2022-07-29,AFTER_HOURS,0,2022
392,AMZN,0001018724-22-000017,2022-07-28,2022-07-28,2022-07-29,AFTER_HOURS,0,2022
393,INTC,0000050863-22-000029,2022-07-28,2022-07-28,2022-07-29,AFTER_HOURS,1,2022
394,META,0001326801-22-000085,2022-07-28,2022-07-28,2022-07-29,AFTER_HOURS,0,2022
395,AMD,0000002488-22-000120,2022-08-02,2022-08-02,2022-08-03,AFTER_HOURS,1,2022
396,META,0000950103-22-013666,2022-08-04,2022-08-03,2022-08-04,PRE_MARKET,1,2022
397,INTC,0001193125-22-213699,2022-08-05,2022-08-05,2022-08-08,AFTER_HOURS,1,2022
398,TSLA,0001564590-22-028207,2022-08-05,2022-08-05,2022-08-08,AFTER_HOURS,0,2022
399,AAPL,0001193125-22-214914,2022-08-08,2022-08-08,2022-08-09,AFTER_HOURS,1,2022
400,META,0000950103-22-013830,2022-08-09,2022-08-09,2022-08-10,AFTER_HOURS,1,2022
401,INTC,0001193125-22-218541,2022-08-11,2022-08-11,2022-08-12,AFTER_HOURS,0,2022
402,AAPL,0001193125-22-225365,2022-08-19,2022-08-19,2022-08-22,AFTER_HOURS,1,2022
403,INTC,0001193125-22-226986,2022-08-23,2022-08-22,2022-08-23,PRE_MARKET,0,2022
404,NVDA,0001045810-22-000136,2022-08-24,2022-08-24,2022-08-25,AFTER_HOURS,1,2022
405,NVDA,0001045810-22-000151,2022-09-01,2022-08-31,2022-09-01,PRE_MARKET,0,2022
406,AVGO,0001730168-22-000091,2022-09-01,2022-09-01,2022-09-02,AFTER_HOURS,0,2022
407,ADBE,0000796343-22-000183,2022-09-15,2022-09-14,2022-09-15,PRE_MARKET,0,2022
408,TSLA,0001564590-22-032575,2022-09-28,2022-09-28,2022-09-29,AFTER_HOURS,0,2022
409,META,0001326801-22-000094,2022-09-30,2022-09-30,2022-10-03,AFTER_HOURS,0,2022
410,TSLA,0001564590-22-033053,2022-10-03,2022-09-30,2022-10-03,PRE_MARKET,0,2022
411,AMD,0000002488-22-000163,2022-10-06,2022-10-06,2022-10-07,AFTER_HOURS,0,2022
412,NFLX,0001065280-22-000367,2022-10-18,2022-10-18,2022-10-19,AFTER_HOURS,1,2022
413,TSLA,0001564590-22-034639,2022-10-19,2022-10-19,2022-10-20,AFTER_HOURS,0,2022
414,NFLX,0001065280-22-000369,2022-10-21,2022-10-20,2022-10-21,PRE_MARKET,1,2022
415,GOOGL,0001652044-22-000085,2022-10-25,2022-10-25,2022-10-26,AFTER_HOURS,0,2022
416,MSFT,0001193125-22-268356,2022-10-25,2022-10-25,2022-10-26,AFTER_HOURS,1,2022
417,META,0001326801-22-000105,2022-10-26,2022-10-26,2022-10-27,AFTER_HOURS,1,2022
418,AAPL,0000320193-22-000107,2022-10-27,2022-10-27,2022-10-28,AFTER_HOURS,1,2022
419,AMZN,0001018724-22-000021,2022-10-27,2022-10-27,2022-10-28,AFTER_HOURS,1,2022
420,INTC,0000050863-22-000037,2022-10-27,2022-10-27,2022-10-28,AFTER_HOURS,0,2022
421,AMD,0000002488-22-000168,2022-11-01,2022-11-01,2022-11-02,AFTER_HOURS,0,2022
422,AVGO,0001730168-22-000101,2022-11-02,2022-11-02,2022-11-03,AFTER_HOURS,0,2022
423,QCOM,0000804328-22-000020,2022-11-02,2022-11-02,2022-11-03,AFTER_HOURS,1,2022
424,AAPL,0001193125-22-278435,2022-11-07,2022-11-04,2022-11-07,PRE_MARKET,1,2022
425,AMD,0000002488-22-000172,2022-11-08,2022-11-08,2022-11-09,AFTER_HOURS,0,2022
426,META,0001326801-22-000116,2022-11-09,2022-11-08,2022-11-09,PRE_MARKET,1,2022
427,QCOM,0001104659-22-116535,2022-11-09,2022-11-09,2022-11-10,AFTER_HOURS,1,2022
428,AMD,0000002488-22-000176,2022-11-16,2022-11-16,2022-11-17,AFTER_HOURS,1,2022
429,NVDA,0001045810-22-000163,2022-11-16,2022-11-16,2022-11-17,AFTER_HOURS,0,2022
430,AMZN,0001193125-22-289041,2022-11-18,2022-11-18,2022-11-21,AFTER_HOURS,0,2022
431,INTC,0001193125-22-290385,2022-11-22,2022-11-21,2022-11-22,PRE_MARKET,1,2022
432,INTC,0001193125-22-291100,2022-11-22,2022-11-22,2022-11-23,AFTER_HOURS,0,2022
433,AMZN,0001193125-22-296602,2022-12-01,2022-12-01,2022-12-02,AFTER_HOURS,0,2022
434,AVGO,0001730168-22-000110,2022-12-08,2022-12-08,2022-12-09,AFTER_HOURS,0,2022
435,QCOM,0001728949-22-000041,2022-12-08,2022-12-08,2022-12-09,AFTER_HOURS,0,2022
436,NFLX,0001065280-22-000444,2022-12-09,2022-12-09,2022-12-12,AFTER_HOURS,0,2022
437,ADBE,0000796343-22-000225,2022-12-15,2022-12-15,2022-12-16,AFTER_HOURS,0,2022
438,MSFT,0001193125-22-306591,2022-12-16,2022-12-15,2022-12-16,PRE_MARKET,0,2022
439,GOOGL,0001193125-22-310153,2022-12-21,2022-12-21,2022-12-22,AFTER_HOURS,1,2022
440,NFLX,0001065280-22-000445,2022-12-23,2022-12-23,2022-12-27,AFTER_HOURS,0,2022
441,TSLA,0001564590-23-000002,2023-01-03,2022-12-30,2023-01-03,PRE_MARKET,0,2023
442,AMZN,0001193125-23-000849,2023-01-03,2023-01-03,2023-01-04,AFTER_HOURS,0,2023
443,AMZN,0001193125-23-003621,2023-01-06,2023-01-06,2023-01-09,AFTER_HOURS,0,2023
444,NFLX,0001065280-23-000033,2023-01-09,2023-01-09,2023-01-10,AFTER_HOURS,1,2023
445,AMD,0000002488-23-000003,2023-01-11,2023-01-11,2023-01-12,AFTER_HOURS,1,2023
446,ADBE,0001193125-23-010953,2023-01-19,2023-01-19,2023-01-20,AFTER_HOURS,1,2023
447,GOOGL,0001193125-23-011424,2023-01-20,2023-01-19,2023-01-20,PRE_MARKET,1,2023
448,NFLX,0001065280-23-000034,2023-01-19,2023-01-19,2023-01-20,AFTER_HOURS,0,2023
449,GOOGL,0001652044-23-000005,2023-01-24,2023-01-24,2023-01-25,AFTER_HOURS,0,2023
450,MSFT,0001193125-23-014230,2023-01-24,2023-01-24,2023-01-25,AFTER_HOURS,1,2023
451,TSLA,0001564590-23-000799,2023-01-25,2023-01-25,2023-01-26,AFTER_HOURS,0,2023
452,ADBE,0000796343-23-000011,2023-01-26,2023-01-26,2023-01-27,AFTER_HOURS,1,2023
453,INTC,0000050863-23-000005,2023-01-26,2023-01-26,2023-01-27,AFTER_HOURS,1,2023
454,AMD,0000002488-23-000007,2023-01-31,2023-01-31,2023-02-01,AFTER_HOURS,1,2023
455,META,0001326801-23-000015,2023-02-01,2023-02-01,2023-02-02,AFTER_HOURS,1,2023
456,AAPL,0000320193-23-000005,2023-02-02,2023-02-02,2023-02-03,AFTER_HOURS,1,2023
457,AMZN,0001018724-23-000002,2023-02-02,2023-02-02,2023-02-03,AFTER_HOURS,0,2023
458,GOOGL,0001652044-23-000013,2023-02-02,2023-02-02,2023-02-03,AFTER_HOURS,1,2023
459,QCOM,0000804328-23-000005,2023-02-02,2023-02-02,2023-02-03,AFTER_HOURS,1,2023
460,INTC,0001193125-23-032608,2023-02-10,2023-02-10,2023-02-13,AFTER_HOURS,1,2023
461,META,0001326801-23-000019,2023-02-13,2023-02-13,2023-02-14,AFTER_HOURS,1,2023
462,META,0001326801-23-000023,2023-02-15,2023-02-15,2023-02-16,AFTER_HOURS,1,2023
463,AMD,0000002488-23-000040,2023-02-21,2023-02-21,2023-02-22,AFTER_HOURS,0,2023
464,NVDA,0001045810-23-000014,2023-02-22,2023-02-22,2023-02-23,AFTER_HOURS,1,2023
465,NFLX,0001065280-23-000062,2023-02-24,2023-02-24,2023-02-27,AFTER_HOURS,1,2023
466,AVGO,0001730168-23-000004,2023-03-02,2023-03-02,2023-03-03,AFTER_HOURS,1,2023
467,NVDA,0001045810-23-000039,2023-03-08,2023-03-08,2023-03-09,AFTER_HOURS,0,2023
468,QCOM,0000804328-23-000014,2023-03-09,2023-03-09,2023-03-10,AFTER_HOURS,0,2023
469,AAPL,0001140361-23-011192,2023-03-10,2023-03-10,2023-03-13,AFTER_HOURS,1,2023
470,ADBE,0000796343-23-000044,2023-03-15,2023-03-15,2023-03-16,AFTER_HOURS,0,2023
471,TSLA,0001564590-23-005126,2023-04-03,2023-03-31,2023-04-03,PRE_MARKET,0,2023
472,TSLA,0001564590-23-005462,2023-04-05,2023-04-05,2023-04-06,AFTER_HOURS,0,2023
473,AVGO,0001730168-23-000052,2023-04-06,2023-04-06,2023-04-10,AFTER_HOURS,1,2023
474,META,0001326801-23-000038,2023-04-10,2023-04-10,2023-04-11,AFTER_HOURS,0,2023
475,AMZN,0001104659-23-044715,2023-04-12,2023-04-12,2023-04-13,AFTER_HOURS,1,2023
476,NFLX,0001065280-23-000119,2023-04-18,2023-04-18,2023-04-19,AFTER_HOURS,0,2023
477,TSLA,0001564590-23-005959,2023-04-19,2023-04-19,2023-04-20,AFTER_HOURS,0,2023
478,GOOGL,0001652044-23-000034,2023-04-20,2023-04-20,2023-04-21,AFTER_HOURS,0,2023
479,GOOGL,0001193125-23-110657,2023-04-21,2023-04-21,2023-04-24,AFTER_HOURS,1,2023
480,ADBE,0000796343-23-000084,2023-04-24,2023-04-24,2023-04-25,AFTER_HOURS,1,2023
481,GOOGL,0001652044-23-000041,2023-04-25,2023-04-25,2023-04-26,AFTER_HOURS,0,2023
482,MSFT,0001193125-23-115280,2023-04-25,2023-04-25,2023-04-26,AFTER_HOURS,1,2023
483,META,0001326801-23-000063,2023-04-26,2023-04-26,2023-04-27,AFTER_HOURS,0,2023
484,AMZN,0001018724-23-000006,2023-04-27,2023-04-27,2023-04-28,AFTER_HOURS,0,2023
485,INTC,0000050863-23-000027,2023-04-27,2023-04-27,2023-04-28,AFTER_HOURS,0,2023
486,AMD,0000002488-23-000074,2023-05-02,2023-05-02,2023-05-03,AFTER_HOURS,0,2023
487,META,0001193125-23-134410,2023-05-03,2023-05-03,2023-05-04,AFTER_HOURS,0,2023
488,QCOM,0000804328-23-000022,2023-05-03,2023-05-03,2023-05-04,AFTER_HOURS,1,2023
489,AAPL,0000320193-23-000063,2023-05-04,2023-05-04,2023-05-05,AFTER_HOURS,1,2023
490,AAPL,0001140361-23-023909,2023-05-10,2023-05-10,2023-05-11,AFTER_HOURS,0,2023
491,INTC,0000050863-23-000057,2023-05-16,2023-05-16,2023-05-17,AFTER_HOURS,0,2023
492,AVGO,0001730168-23-000054,2023-05-23,2023-05-22,2023-05-23,PRE_MARKET,1,2023
493,TSLA,0001564590-23-007379,2023-05-22,2023-05-22,2023-05-23,AFTER_HOURS,1,2023
494,AMD,0001193125-23-151810,2023-05-23,2023-05-23,2023-05-24,AFTER_HOURS,1,2023
495,NVDA,0001045810-23-000087,2023-05-24,2023-05-24,2023-05-25,AFTER_HOURS,0,2023
496,AMZN,0001104659-23-065457,2023-05-26,2023-05-26,2023-05-30,AFTER_HOURS,1,2023
497,AVGO,0001730168-23-000062,2023-06-01,2023-06-01,2023-06-02,AFTER_HOURS,1,2023
498,META,0001326801-23-000083,2023-06-01,2023-06-01,2023-06-02,AFTER_HOURS,0,2023
499,NFLX,0001065280-23-000173,2023-06-06,2023-06-06,2023-06-07,AFTER_HOURS,0,2023
500,GOOGL,0001193125-23-163590,2023-06-08,2023-06-08,2023-06-09,AFTER_HOURS,1,2023
501,ADBE,0000796343-23-000133,2023-06-15,2023-06-15,2023-06-16,AFTER_HOURS,0,2023
502,NVDA,0001045810-23-000146,2023-06-27,2023-06-27,2023-06-28,AFTER_HOURS,1,2023
503,TSLA,0000950170-23-031241,2023-07-03,2023-06-30,2023-07-03,PRE_MARKET,1,2023
504,MSFT,0001193125-23-181341,2023-07-03,2023-07-03,2023-07-05,AFTER_HOURS,1,2023
505,AMD,0000002488-23-000123,2023-07-10,2023-07-10,2023-07-11,AFTER_HOURS,0,2023
506,NFLX,0001065280-23-000197,2023-07-19,2023-07-19,2023-07-20,AFTER_HOURS,0,2023
507,TSLA,0000950170-23-033544,2023-07-19,2023-07-19,2023-07-20,AFTER_HOURS,0,2023
508,TSLA,0000950170-23-033695,2023-07-20,2023-07-20,2023-07-21,AFTER_HOURS,0,2023
509,QCOM,0000804328-23-000033,2023-07-21,2023-07-21,2023-07-24,AFTER_HOURS,0,2023
510,NVDA,0001045810-23-000164,2023-07-24,2023-07-24,2023-07-25,AFTER_HOURS,1,2023
511,GOOGL,0001652044-23-000067,2023-07-25,2023-07-25,2023-07-26,AFTER_HOURS,0,2023
512,MSFT,0000950170-23-034400,2023-07-25,2023-07-25,2023-07-26,AFTER_HOURS,0,2023
513,META,0001326801-23-000089,2023-07-26,2023-07-26,2023-07-27,AFTER_HOURS,0,2023
514,INTC,0000050863-23-000068,2023-07-27,2023-07-27,2023-07-28,AFTER_HOURS,0,2023
515,AMD,0000002488-23-000135,2023-08-01,2023-08-01,2023-08-02,AFTER_HOURS,0,2023
516,QCOM,0000804328-23-000042,2023-08-02,2023-08-02,2023-08-03,AFTER_HOURS,1,2023
517,AAPL,0000320193-23-000075,2023-08-03,2023-08-03,2023-08-04,AFTER_HOURS,0,2023
518,AMZN,0001018724-23-000010,2023-08-03,2023-08-03,2023-08-04,AFTER_HOURS,0,2023
519,TSLA,0000950170-23-038779,2023-08-07,2023-08-04,2023-08-07,PRE_MARKET,0,2023
520,INTC,0000050863-23-000078,2023-08-16,2023-08-15,2023-08-16,PRE_MARKET,0,2023
521,AVGO,0001140361-23-040084,2023-08-16,2023-08-16,2023-08-17,AFTER_HOURS,1,2023
522,NVDA,0001045810-23-000171,2023-08-23,2023-08-23,2023-08-24,AFTER_HOURS,0,2023
523,AVGO,0001730168-23-000074,2023-08-31,2023-08-31,2023-09-01,AFTER_HOURS,0,2023
524,NFLX,0001065280-23-000236,2023-09-08,2023-09-08,2023-09-11,AFTER_HOURS,1,2023
525,AMZN,0001018724-23-000014,2023-09-13,2023-09-13,2023-09-14,AFTER_HOURS,0,2023
526,ADBE,0000796343-23-000198,2023-09-14,2023-09-14,2023-09-15,AFTER_HOURS,1,2023
527,TSLA,0000950170-23-050938,2023-10-02,2023-09-29,2023-10-02,PRE_MARKET,1,2023
528,INTC,0000050863-23-000092,2023-10-05,2023-10-05,2023-10-06,AFTER_HOURS,0,2023
529,MSFT,0001193125-23-254151,2023-10-11,2023-10-11,2023-10-12,AFTER_HOURS,1,2023
530,MSFT,0001193125-23-255762,2023-10-13,2023-10-12,2023-10-13,PRE_MARKET,1,2023
531,MSFT,0001104659-23-109428,2023-10-16,2023-10-16,2023-10-17,AFTER_HOURS,1,2023
532,NVDA,0001045810-23-000217,2023-10-17,2023-10-17,2023-10-18,AFTER_HOURS,0,2023
533,AVGO,0001140361-23-048712,2023-10-18,2023-10-18,2023-10-19,AFTER_HOURS,0,2023
534,NFLX,0001065280-23-000272,2023-10-18,2023-10-18,2023-10-19,AFTER_HOURS,1,2023
535,TSLA,0001628280-23-034588,2023-10-18,2023-10-18,2023-10-19,AFTER_HOURS,0,2023
536,NVDA,0001045810-23-000221,2023-10-24,2023-10-23,2023-10-24,PRE_MARKET,1,2023
537,GOOGL,0001652044-23-000088,2023-10-24,2023-10-24,2023-10-25,AFTER_HOURS,0,2023
538,MSFT,0000950170-23-054848,2023-10-24,2023-10-24,2023-10-25,AFTER_HOURS,1,2023
539,META,0001326801-23-000100,2023-10-25,2023-10-25,2023-10-26,AFTER_HOURS,0,2023
540,ADBE,0000796343-23-000226,2023-10-26,2023-10-26,2023-10-27,AFTER_HOURS,0,2023
541,AMZN,0001018724-23-000016,2023-10-26,2023-10-26,2023-10-27,AFTER_HOURS,1,2023
542,INTC,0000050863-23-000100,2023-10-26,2023-10-26,2023-10-27,AFTER_HOURS,1,2023
543,MSFT,0001193125-23-265616,2023-10-30,2023-10-27,2023-10-30,PRE_MARKET,1,2023
544,AVGO,0001140361-23-050217,2023-10-30,2023-10-30,2023-10-31,AFTER_HOURS,0,2023
545,INTC,0000050863-23-000109,2023-10-30,2023-10-30,2023-10-31,AFTER_HOURS,1,2023
546,AMD,0000002488-23-000192,2023-10-31,2023-10-31,2023-11-01,AFTER_HOURS,1,2023
547,AMZN,0001104659-23-113444,2023-11-01,2023-11-01,2023-11-02,AFTER_HOURS,0,2023
548,QCOM,0000804328-23-000054,2023-11-01,2023-11-01,2023-11-02,AFTER_HOURS,0,2023
549,AAPL,0000320193-23-000104,2023-11-02,2023-11-02,2023-11-03,AFTER_HOURS,1,2023
550,MSFT,0001193125-23-271376,2023-11-06,2023-11-06,2023-11-07,AFTER_HOURS,0,2023
551,AVGO,0001140361-23-054354,2023-11-22,2023-11-21,2023-11-22,PRE_MARKET,0,2023
552,NVDA,0001045810-23-000225,2023-11-21,2023-11-21,2023-11-22,AFTER_HOURS,0,2023
553,INTC,0000050863-23-000128,2023-12-05,2023-12-05,2023-12-06,AFTER_HOURS,0,2023
554,AVGO,0001730168-23-000093,2023-12-07,2023-12-07,2023-12-08,AFTER_HOURS,1,2023
555,MSFT,0001193125-23-291720,2023-12-08,2023-12-08,2023-12-11,AFTER_HOURS,0,2023
556,NFLX,0001065280-23-000334,2023-12-08,2023-12-08,2023-12-11,AFTER_HOURS,0,2023
557,ADBE,0000796343-23-000252,2023-12-13,2023-12-13,2023-12-14,AFTER_HOURS,0,2023
558,ADBE,0000796343-23-000254,2023-12-18,2023-12-15,2023-12-18,PRE_MARKET,1,2023
559,TSLA,0000950170-24-000282,2024-01-02,2024-01-02,2024-01-03,AFTER_HOURS,0,2024
560,INTC,0000050863-24-000003,2024-01-03,2024-01-03,2024-01-04,AFTER_HOURS,1,2024
561,META,0001326801-24-000003,2024-01-17,2024-01-17,2024-01-18,AFTER_HOURS,1,2024
562,MSFT,0001193125-24-011295,2024-01-19,2024-01-19,2024-01-22,AFTER_HOURS,0,2024
563,NFLX,0001065280-24-000029,2024-01-23,2024-01-23,2024-01-24,AFTER_HOURS,1,2024
564,QCOM,0000804328-24-000005,2024-01-23,2024-01-23,2024-01-24,AFTER_HOURS,1,2024
565,TSLA,0000950170-24-007073,2024-01-24,2024-01-24,2024-01-25,AFTER_HOURS,0,2024
566,INTC,0000050863-24-000008,2024-01-25,2024-01-25,2024-01-26,AFTER_HOURS,0,2024
567,ADBE,0000796343-24-000024,2024-01-26,2024-01-26,2024-01-29,AFTER_HOURS,1,2024
568,AMD,0000002488-24-000009,2024-01-30,2024-01-30,2024-01-31,AFTER_HOURS,1,2024
569,GOOGL,0001652044-24-000014,2024-01-30,2024-01-30,2024-01-31,AFTER_HOURS,0,2024
570,MSFT,0000950170-24-008809,2024-01-30,2024-01-30,2024-01-31,AFTER_HOURS,0,2024
571,QCOM,0000804328-24-000015,2024-01-31,2024-01-31,2024-02-01,AFTER_HOURS,0,2024
572,AAPL,0000320193-24-000005,2024-02-01,2024-02-01,2024-02-02,AFTER_HOURS,1,2024
573,AMZN,0001018724-24-000006,2024-02-01,2024-02-01,2024-02-02,AFTER_HOURS,1,2024
574,META,0001326801-24-000010,2024-02-01,2024-02-01,2024-02-02,AFTER_HOURS,1,2024
575,GOOGL,0001652044-24-000032,2024-02-08,2024-02-08,2024-02-09,AFTER_HOURS,1,2024
576,AVGO,0001140361-24-006724,2024-02-09,2024-02-09,2024-02-12,AFTER_HOURS,0,2024
577,META,0001326801-24-000019,2024-02-14,2024-02-14,2024-02-15,AFTER_HOURS,1,2024
578,INTC,0000050863-24-000033,2024-02-16,2024-02-16,2024-02-20,AFTER_HOURS,1,2024
579,AMD,0001628280-24-005593,2024-02-20,2024-02-20,2024-02-21,AFTER_HOURS,1,2024
580,INTC,0001193125-24-041435,2024-02-21,2024-02-21,2024-02-22,AFTER_HOURS,0,2024
581,NVDA,0001045810-24-000028,2024-02-21,2024-02-21,2024-02-22,AFTER_HOURS,1,2024
582,AAPL,0001140361-24-010155,2024-02-28,2024-02-28,2024-02-29,AFTER_HOURS,0,2024
583,AVGO,0001730168-24-000012,2024-03-07,2024-03-07,2024-03-08,AFTER_HOURS,0,2024
584,QCOM,0000804328-24-000020,2024-03-07,2024-03-07,2024-03-08,AFTER_HOURS,0,2024
585,INTC,0000050863-24-000036,2024-03-13,2024-03-13,2024-03-14,AFTER_HOURS,0,2024
586,ADBE,0000796343-24-000057,2024-03-14,2024-03-14,2024-03-15,AFTER_HOURS,0,2024
587,NVDA,0001045810-24-000069,2024-03-14,2024-03-14,2024-03-15,AFTER_HOURS,1,2024
588,INTC,0000050863-24-000068,2024-04-02,2024-04-02,2024-04-03,AFTER_HOURS,0,2024
589,TSLA,0000950170-24-040274,2024-04-02,2024-04-02,2024-04-03,AFTER_HOURS,1,2024
590,ADBE,0001193125-24-087244,2024-04-04,2024-04-04,2024-04-05,AFTER_HOURS,0,2024
591,AMZN,0001104659-24-045915,2024-04-10,2024-04-10,2024-04-11,AFTER_HOURS,1,2024
592,TSLA,0000950170-24-044588,2024-04-16,2024-04-15,2024-04-16,PRE_MARKET,1,2024
593,NFLX,0001065280-24-000127,2024-04-18,2024-04-18,2024-04-19,AFTER_HOURS,0,2024
594,ADBE,0000796343-24-000086,2024-04-19,2024-04-19,2024-04-22,AFTER_HOURS,0,2024
595,AVGO,0001730168-24-000055,2024-04-23,2024-04-23,2024-04-24,AFTER_HOURS,0,2024
596,TSLA,0000950170-24-046895,2024-04-23,2024-04-23,2024-04-24,AFTER_HOURS,0,2024
597,META,0001326801-24-000044,2024-04-24,2024-04-24,2024-04-25,AFTER_HOURS,1,2024
598,GOOGL,0001652044-24-000047,2024-04-25,2024-04-25,2024-04-26,AFTER_HOURS,0,2024
599,INTC,0000050863-24-000074,2024-04-25,2024-04-25,2024-04-26,AFTER_HOURS,0,2024
600,MSFT,0000950170-24-048268,2024-04-25,2024-04-25,2024-04-26,AFTER_HOURS,0,2024
601,AMD,0000002488-24-000054,2024-04-30,2024-04-30,2024-05-01,AFTER_HOURS,0,2024
602,AMZN,0001018724-24-000081,2024-04-30,2024-04-30,2024-05-01,AFTER_HOURS,0,2024
603,QCOM,0000804328-24-000038,2024-05-01,2024-05-01,2024-05-02,AFTER_HOURS,1,2024
604,AAPL,0000320193-24-000067,2024-05-02,2024-05-02,2024-05-03,AFTER_HOURS,0,2024
605,AAPL,0001140361-24-024352,2024-05-03,2024-05-03,2024-05-06,AFTER_HOURS,0,2024
606,AMZN,0001104659-24-057026,2024-05-03,2024-05-03,2024-05-06,AFTER_HOURS,1,2024
607,INTC,0000050863-24-000086,2024-05-08,2024-05-07,2024-05-08,PRE_MARKET,0,2024
608,QCOM,0000804328-24-000042,2024-05-09,2024-05-08,2024-05-09,PRE_MARKET,0,2024
609,INTC,0000050863-24-000093,2024-05-09,2024-05-09,2024-05-10,AFTER_HOURS,0,2024
610,AMD,0000002488-24-000076,2024-05-13,2024-05-13,2024-05-14,AFTER_HOURS,1,2024
611,AMZN,0001104659-24-061143,2024-05-14,2024-05-14,2024-05-15,AFTER_HOURS,0,2024
612,NVDA,0001045810-24-000113,2024-05-22,2024-05-22,2024-05-23,AFTER_HOURS,1,2024
613,AMZN,0001104659-24-065117,2024-05-24,2024-05-24,2024-05-28,AFTER_HOURS,1,2024
614,META,0001326801-24-000057,2024-05-31,2024-05-31,2024-06-03,AFTER_HOURS,1,2024
615,GOOGL,0001193125-24-154725,2024-06-05,2024-06-04,2024-06-05,PRE_MARKET,0,2024
616,INTC,0000050863-24-000103,2024-06-04,2024-06-04,2024-06-05,AFTER_HOURS,1,2024
617,GOOGL,0001193125-24-157498,2024-06-07,2024-06-07,2024-06-10,AFTER_HOURS,0,2024
618,NFLX,0001065280-24-000185,2024-06-07,2024-06-07,2024-06-10,AFTER_HOURS,0,2024
619,NVDA,0001045810-24-000144,2024-06-07,2024-06-07,2024-06-10,AFTER_HOURS,1,2024
620,AVGO,0001730168-24-000077,2024-06-12,2024-06-12,2024-06-13,AFTER_HOURS,0,2024
621,ADBE,0000796343-24-000140,2024-06-13,2024-06-13,2024-06-14,AFTER_HOURS,0,2024
622,GOOGL,0001193125-24-160721,2024-06-13,2024-06-13,2024-06-14,AFTER_HOURS,1,2024
623,TSLA,0001104659-24-071439,2024-06-14,2024-06-13,2024-06-14,PRE_MARKET,0,2024
624,INTC,0000050863-24-000110,2024-06-14,2024-06-14,2024-06-17,AFTER_HOURS,1,2024
625,AMD,0000002488-24-000109,2024-07-02,2024-07-02,2024-07-03,AFTER_HOURS,0,2024
626,NVDA,0001045810-24-000206,2024-07-02,2024-07-02,2024-07-03,AFTER_HOURS,1,2024
627,AVGO,0001140361-24-032566,2024-07-08,2024-07-05,2024-07-08,PRE_MARKET,1,2024
628,AVGO,0001140361-24-033072,2024-07-12,2024-07-12,2024-07-15,AFTER_HOURS,1,2024
629,ADBE,0000796343-24-000173,2024-07-18,2024-07-18,2024-07-19,AFTER_HOURS,0,2024
630,NFLX,0001065280-24-000199,2024-07-18,2024-07-18,2024-07-19,AFTER_HOURS,0,2024
631,AMD,0000002488-24-000115,2024-07-22,2024-07-22,2024-07-23,AFTER_HOURS,0,2024
632,GOOGL,0001652044-24-000076,2024-07-23,2024-07-23,2024-07-24,AFTER_HOURS,1,2024
633,TSLA,0001628280-24-032603,2024-07-23,2024-07-23,2024-07-24,AFTER_HOURS,0,2024
634,AMD,0000002488-24-000121,2024-07-30,2024-07-30,2024-07-31,AFTER_HOURS,0,2024
635,MSFT,0000950170-24-087835,2024-07-30,2024-07-30,2024-07-31,AFTER_HOURS,0,2024
636,META,0001326801-24-000065,2024-07-31,2024-07-31,2024-08-01,AFTER_HOURS,0,2024
637,QCOM,0000804328-24-000055,2024-07-31,2024-07-31,2024-08-01,AFTER_HOURS,0,2024
638,AAPL,0000320193-24-000080,2024-08-01,2024-08-01,2024-08-02,AFTER_HOURS,1,2024
639,AMZN,0001018724-24-000128,2024-08-01,2024-08-01,2024-08-02,AFTER_HOURS,1,2024
640,INTC,0000050863-24-000122,2024-08-01,2024-08-01,2024-08-02,AFTER_HOURS,0,2024
641,NFLX,0001140361-24-035325,2024-08-01,2024-08-01,2024-08-02,AFTER_HOURS,0,2024
642,GOOGL,0001652044-24-000085,2024-08-05,2024-08-05,2024-08-06,AFTER_HOURS,0,2024
643,ADBE,0000796343-24-000192,2024-08-08,2024-08-08,2024-08-09,AFTER_HOURS,1,2024
644,META,0001193125-24-197873,2024-08-09,2024-08-09,2024-08-12,AFTER_HOURS,0,2024
645,QCOM,0000804328-24-000061,2024-08-09,2024-08-09,2024-08-12,AFTER_HOURS,1,2024
646,AMD,0001193125-24-202457,2024-08-19,2024-08-16,2024-08-19,PRE_MARKET,1,2024
647,MSFT,0001193125-24-204403,2024-08-21,2024-08-21,2024-08-22,AFTER_HOURS,0,2024
648,INTC,0000050863-24-000134,2024-08-22,2024-08-22,2024-08-23,AFTER_HOURS,1,2024
649,AAPL,0001140361-24-038403,2024-08-23,2024-08-23,2024-08-26,AFTER_HOURS,1,2024
650,AAPL,0001140361-24-038601,2024-08-26,2024-08-26,2024-08-27,AFTER_HOURS,1,2024
651,NVDA,0001045810-24-000262,2024-08-28,2024-08-28,2024-08-29,AFTER_HOURS,0,2024
652,AVGO,0001730168-24-000095,2024-09-05,2024-09-05,2024-09-06,AFTER_HOURS,0,2024
653,AAPL,0001140361-24-040659,2024-09-10,2024-09-09,2024-09-10,PRE_MARKET,1,2024
654,META,0001326801-24-000072,2024-09-10,2024-09-10,2024-09-11,AFTER_HOURS,0,2024
655,ADBE,0000796343-24-000200,2024-09-12,2024-09-12,2024-09-13,AFTER_HOURS,1,2024
656,GOOGL,0001652044-24-000097,2024-09-24,2024-09-23,2024-09-24,PRE_MARKET,0,2024
657,TSLA,0001628280-24-041816,2024-10-02,2024-10-01,2024-10-02,PRE_MARKET,1,2024
658,AVGO,0001193125-24-231159,2024-10-02,2024-10-02,2024-10-03,AFTER_HOURS,1,2024
659,QCOM,0000804328-24-000064,2024-10-09,2024-10-09,2024-10-10,AFTER_HOURS,1,2024
660,NFLX,0001065280-24-000286,2024-10-17,2024-10-17,2024-10-18,AFTER_HOURS,1,2024
661,TSLA,0001628280-24-043432,2024-10-23,2024-10-23,2024-10-24,AFTER_HOURS,1,2024
662,AMD,0000002488-24-000161,2024-10-29,2024-10-29,2024-10-30,AFTER_HOURS,0,2024
663,GOOGL,0001652044-24-000115,2024-10-29,2024-10-29,2024-10-30,AFTER_HOURS,0,2024
664,META,0001326801-24-000077,2024-10-30,2024-10-30,2024-10-31,AFTER_HOURS,0,2024
665,MSFT,0000950170-24-118955,2024-10-30,2024-10-30,2024-10-31,AFTER_HOURS,0,2024
666,AAPL,0000320193-24-000120,2024-10-31,2024-10-31,2024-11-01,AFTER_HOURS,1,2024
667,AMZN,0001018724-24-000158,2024-10-31,2024-10-31,2024-11-01,AFTER_HOURS,0,2024
668,INTC,0000050863-24-000147,2024-10-31,2024-10-31,2024-11-01,AFTER_HOURS,1,2024
669,QCOM,0000804328-24-000074,2024-11-06,2024-11-06,2024-11-07,AFTER_HOURS,0,2024
670,NVDA,0001045810-24-000300,2024-11-07,2024-11-07,2024-11-08,AFTER_HOURS,0,2024
671,AMD,0000002488-24-000172,2024-11-18,2024-11-18,2024-11-19,AFTER_HOURS,1,2024
672,NVDA,0001045810-24-000315,2024-11-20,2024-11-20,2024-11-21,AFTER_HOURS,0,2024
673,INTC,0000050863-24-000169,2024-11-27,2024-11-27,2024-11-29,AFTER_HOURS,1,2024
674,INTC,0000050863-24-000173,2024-12-02,2024-12-02,2024-12-03,AFTER_HOURS,0,2024
675,MSFT,0000950170-24-132722,2024-12-03,2024-12-03,2024-12-04,AFTER_HOURS,1,2024
676,INTC,0000050863-24-000180,2024-12-05,2024-12-04,2024-12-05,PRE_MARKET,0,2024
677,ADBE,0000796343-24-000250,2024-12-11,2024-12-11,2024-12-12,AFTER_HOURS,0,2024
678,MSFT,0001193125-24-275524,2024-12-11,2024-12-11,2024-12-12,AFTER_HOURS,1,2024
679,AVGO,0001730168-24-000125,2024-12-12,2024-12-12,2024-12-13,AFTER_HOURS,1,2024
680,QCOM,0000804328-24-000079,2024-12-12,2024-12-12,2024-12-13,AFTER_HOURS,1,2024
681,TSLA,0001628280-25-000007,2025-01-02,2024-12-31,2025-01-02,PRE_MARKET,0,2025
682,AAPL,0001140361-25-000228,2025-01-03,2025-01-03,2025-01-06,AFTER_HOURS,1,2025
683,META,0001326801-25-000005,2025-01-06,2025-01-06,2025-01-07,AFTER_HOURS,0,2025
684,AVGO,0001193125-25-004476,2025-01-10,2025-01-10,2025-01-13,AFTER_HOURS,1,2025
685,AVGO,0001193125-25-005318,2025-01-13,2025-01-13,2025-01-14,AFTER_HOURS,0,2025
686,ADBE,0001193125-25-008409,2025-01-17,2025-01-17,2025-01-21,AFTER_HOURS,1,2025
687,NVDA,0001045810-25-000007,2025-01-17,2025-01-17,2025-01-21,AFTER_HOURS,1,2025
688,NFLX,0001065280-25-000033,2025-01-21,2025-01-21,2025-01-22,AFTER_HOURS,0,2025
689,MSFT,0001193125-25-010492,2025-01-22,2025-01-22,2025-01-23,AFTER_HOURS,1,2025
690,META,0001326801-25-000014,2025-01-29,2025-01-29,2025-01-30,AFTER_HOURS,0,2025
691,MSFT,0000950170-25-010484,2025-01-29,2025-01-29,2025-01-30,AFTER_HOURS,0,2025
692,TSLA,0001628280-25-002993,2025-01-29,2025-01-29,2025-01-30,AFTER_HOURS,0,2025
693,AAPL,0000320193-25-000007,2025-01-30,2025-01-30,2025-01-31,AFTER_HOURS,0,2025
694,ADBE,0000796343-25-000036,2025-01-30,2025-01-30,2025-01-31,AFTER_HOURS,0,2025
695,INTC,0000050863-25-000004,2025-01-30,2025-01-30,2025-01-31,AFTER_HOURS,0,2025
696,AMD,0000002488-25-000009,2025-02-04,2025-02-04,2025-02-05,AFTER_HOURS,1,2025
697,GOOGL,0001652044-25-000010,2025-02-04,2025-02-04,2025-02-05,AFTER_HOURS,0,2025
698,QCOM,0000804328-25-000010,2025-02-05,2025-02-05,2025-02-06,AFTER_HOURS,1,2025
699,AMZN,0001018724-25-000002,2025-02-06,2025-02-06,2025-02-07,AFTER_HOURS,0,2025
700,META,0001326801-25-000021,2025-02-20,2025-02-20,2025-02-21,AFTER_HOURS,1,2025
701,AMD,0000002488-25-000026,2025-02-24,2025-02-24,2025-02-25,AFTER_HOURS,0,2025
702,AAPL,0001140361-25-005876,2025-02-25,2025-02-25,2025-02-26,AFTER_HOURS,0,2025
703,NVDA,0001045810-25-000021,2025-02-26,2025-02-26,2025-02-27,AFTER_HOURS,0,2025
704,INTC,0000050863-25-000024,2025-02-28,2025-02-28,2025-03-03,AFTER_HOURS,0,2025
705,AVGO,0001730168-25-000009,2025-03-06,2025-03-06,2025-03-07,AFTER_HOURS,1,2025
706,NVDA,0001045810-25-000039,2025-03-07,2025-03-07,2025-03-10,AFTER_HOURS,0,2025
707,AMD,0001193125-25-052173,2025-03-11,2025-03-11,2025-03-12,AFTER_HOURS,1,2025
708,ADBE,0000796343-25-000052,2025-03-12,2025-03-12,2025-03-13,AFTER_HOURS,0,2025
709,INTC,0000050863-25-000036,2025-03-14,2025-03-14,2025-03-17,AFTER_HOURS,1,2025
710,GOOGL,0001652044-25-000027,2025-03-18,2025-03-17,2025-03-18,PRE_MARKET,0,2025
711,QCOM,0000804328-25-000018,2025-03-20,2025-03-20,2025-03-21,AFTER_HOURS,0,2025
712,AMD,0001193125-25-061366,2025-03-24,2025-03-24,2025-03-25,AFTER_HOURS,1,2025
713,INTC,0000050863-25-000060,2025-03-27,2025-03-27,2025-03-28,AFTER_HOURS,0,2025
714,AMD,0001193125-25-067902,2025-03-31,2025-03-28,2025-03-31,PRE_MARKET,1,2025
715,TSLA,0001628280-25-016070,2025-04-02,2025-04-01,2025-04-02,PRE_MARKET,1,2025
716,AMZN,0001104659-25-033450,2025-04-09,2025-04-09,2025-04-10,AFTER_HOURS,0,2025
717,INTC,0001193125-25-079727,2025-04-14,2025-04-11,2025-04-14,PRE_MARKET,1,2025
718,META,0001326801-25-000027,2025-04-11,2025-04-11,2025-04-14,AFTER_HOURS,0,2025
719,AMD,0000002488-25-000039,2025-04-16,2025-04-15,2025-04-16,PRE_MARKET,1,2025
720,NVDA,0001045810-25-000082,2025-04-15,2025-04-15,2025-04-16,AFTER_HOURS,1,2025
721,GOOGL,0001652044-25-000033,2025-04-17,2025-04-17,2025-04-21,AFTER_HOURS,1,2025
722,INTC,0000050863-25-000063,2025-04-17,2025-04-17,2025-04-21,AFTER_HOURS,1,2025
723,NFLX,0001065280-25-000175,2025-04-17,2025-04-17,2025-04-21,AFTER_HOURS,1,2025
724,AVGO,0001730168-25-000037,2025-04-22,2025-04-22,2025-04-23,AFTER_HOURS,1,2025
725,TSLA,0001628280-25-018851,2025-04-22,2025-04-22,2025-04-23,AFTER_HOURS,0,2025
726,ADBE,0001628280-25-019665,2025-04-24,2025-04-24,2025-04-25,AFTER_HOURS,1,2025
727,GOOGL,0001652044-25-000040,2025-04-24,2025-04-24,2025-04-25,AFTER_HOURS,0,2025
728,INTC,0000050863-25-000070,2025-04-24,2025-04-24,2025-04-25,AFTER_HOURS,1,2025
729,INTC,0000050863-25-000079,2025-04-30,2025-04-29,2025-04-30,PRE_MARKET,1,2025
730,META,0001326801-25-000050,2025-04-30,2025-04-30,2025-05-01,AFTER_HOURS,0,2025
731,MSFT,0000950170-25-061032,2025-04-30,2025-04-30,2025-05-01,AFTER_HOURS,0,2025
732,QCOM,0000804328-25-000029,2025-04-30,2025-04-30,2025-05-01,AFTER_HOURS,0,2025
733,AAPL,0000320193-25-000055,2025-05-01,2025-05-01,2025-05-02,AFTER_HOURS,0,2025
734,AMZN,0001018724-25-000034,2025-05-01,2025-05-01,2025-05-02,AFTER_HOURS,0,2025
735,GOOGL,0001193125-25-110020,2025-05-01,2025-05-01,2025-05-02,AFTER_HOURS,0,2025
736,AMD,0000002488-25-000045,2025-05-06,2025-05-06,2025-05-07,AFTER_HOURS,0,2025
737,GOOGL,0001193125-25-113864,2025-05-06,2025-05-06,2025-05-07,AFTER_HOURS,0,2025
738,INTC,0000050863-25-000084,2025-05-09,2025-05-09,2025-05-12,AFTER_HOURS,0,2025
739,AAPL,0001140361-25-018400,2025-05-12,2025-05-12,2025-05-13,AFTER_HOURS,0,2025
740,QCOM,0000804328-25-000034,2025-05-13,2025-05-13,2025-05-14,AFTER_HOURS,1,2025
741,TSLA,0001628280-25-026148,2025-05-16,2025-05-15,2025-05-16,PRE_MARKET,1,2025
742,AMD,0001193125-25-122121,2025-05-19,2025-05-16,2025-05-19,PRE_MARKET,0,2025
743,TSLA,0001104659-25-050072,2025-05-16,2025-05-16,2025-05-19,AFTER_HOURS,1,2025
744,AMZN,0001104659-25-052014,2025-05-22,2025-05-22,2025-05-23,AFTER_HOURS,1,2025
745,QCOM,0001104659-25-051981,2025-05-22,2025-05-22,2025-05-23,AFTER_HOURS,1,2025
746,NVDA,0001045810-25-000115,2025-05-28,2025-05-28,2025-05-29,AFTER_HOURS,0,2025
747,META,0001326801-25-000090,2025-05-30,2025-05-30,2025-06-02,AFTER_HOURS,1,2025
748,AVGO,0001730168-25-000061,2025-06-05,2025-06-05,2025-06-06,AFTER_HOURS,0,2025
749,NFLX,0001065280-25-000286,2025-06-06,2025-06-06,2025-06-09,AFTER_HOURS,0,2025
750,QCOM,0001104659-25-057814,2025-06-09,2025-06-09,2025-06-10,AFTER_HOURS,1,2025
751,ADBE,0000796343-25-000064,2025-06-12,2025-06-12,2025-06-13,AFTER_HOURS,0,2025
752,GOOGL,0001193125-25-139948,2025-06-12,2025-06-12,2025-06-13,AFTER_HOURS,1,2025
753,NFLX,0001065280-25-000287,2025-06-24,2025-06-24,2025-06-25,AFTER_HOURS,0,2025
754,NVDA,0001045810-25-000179,2025-06-30,2025-06-30,2025-07-01,AFTER_HOURS,0,2025
755,MSFT,0001193125-25-154103,2025-07-01,2025-07-01,2025-07-02,AFTER_HOURS,0,2025
756,TSLA,0001628280-25-033842,2025-07-02,2025-07-01,2025-07-02,PRE_MARKET,1,2025
757,AMD,0000002488-25-000099,2025-07-02,2025-07-02,2025-07-03,AFTER_HOURS,0,2025
758,AAPL,0001140361-25-025275,2025-07-08,2025-07-08,2025-07-09,AFTER_HOURS,1,2025
759,TSLA,0001628280-25-034692,2025-07-09,2025-07-09,2025-07-10,AFTER_HOURS,1,2025
760,AVGO,0001193125-25-158202,2025-07-11,2025-07-11,2025-07-14,AFTER_HOURS,1,2025
761,NFLX,0001065280-25-000322,2025-07-17,2025-07-17,2025-07-18,AFTER_HOURS,0,2025
762,GOOGL,0001193125-25-161225,2025-07-18,2025-07-18,2025-07-21,AFTER_HOURS,1,2025
763,GOOGL,0001652044-25-000056,2025-07-23,2025-07-23,2025-07-24,AFTER_HOURS,0,2025
764,TSLA,0001628280-25-035738,2025-07-23,2025-07-23,2025-07-24,AFTER_HOURS,0,2025
765,INTC,0000050863-25-000107,2025-07-24,2025-07-24,2025-07-25,AFTER_HOURS,0,2025
766,AAPL,0001140361-25-027340,2025-07-25,2025-07-25,2025-07-28,AFTER_HOURS,0,2025
767,META,0001628280-25-036719,2025-07-30,2025-07-30,2025-07-31,AFTER_HOURS,1,2025
768,MSFT,0000950170-25-100226,2025-07-30,2025-07-30,2025-07-31,AFTER_HOURS,0,2025
769,QCOM,0000804328-25-000044,2025-07-30,2025-07-30,2025-07-31,AFTER_HOURS,0,2025
770,AAPL,0000320193-25-000071,2025-07-31,2025-07-31,2025-08-01,AFTER_HOURS,0,2025
771,AMZN,0001018724-25-000084,2025-07-31,2025-07-31,2025-08-01,AFTER_HOURS,0,2025
772,TSLA,0001104659-25-073263,2025-08-04,2025-08-01,2025-08-04,PRE_MARKET,0,2025
773,AMD,0000002488-25-000106,2025-08-05,2025-08-05,2025-08-06,AFTER_HOURS,0,2025
774,NVDA,0001045810-25-000197,2025-08-05,2025-08-05,2025-08-06,AFTER_HOURS,1,2025
775,INTC,0000050863-25-000123,2025-08-14,2025-08-14,2025-08-15,AFTER_HOURS,0,2025
776,INTC,0000050863-25-000126,2025-08-21,2025-08-21,2025-08-22,AFTER_HOURS,1,2025
777,INTC,0000050863-25-000129,2025-08-25,2025-08-22,2025-08-25,PRE_MARKET,0,2025
778,AMD,0000002488-25-000147,2025-08-25,2025-08-25,2025-08-26,AFTER_HOURS,0,2025
779,QCOM,0000804328-25-000049,2025-08-25,2025-08-25,2025-08-26,AFTER_HOURS,1,2025
780,NVDA,0001045810-25-000207,2025-08-27,2025-08-27,2025-08-28,AFTER_HOURS,0,2025
781,INTC,0000050863-25-000135,2025-08-29,2025-08-29,2025-09-02,AFTER_HOURS,1,2025
782,QCOM,0000804328-25-000054,2025-09-02,2025-09-02,2025-09-03,AFTER_HOURS,0,2025
783,GOOGL,0001652044-25-000067,2025-09-03,2025-09-03,2025-09-04,AFTER_HOURS,1,2025
784,AVGO,0001730168-25-000094,2025-09-04,2025-09-04,2025-09-05,AFTER_HOURS,0,2025
785,GOOGL,0001652044-25-000074,2025-09-05,2025-09-05,2025-09-08,AFTER_HOURS,0,2025
786,INTC,0000050863-25-000147,2025-09-05,2025-09-05,2025-09-08,AFTER_HOURS,0,2025
787,TSLA,0001104659-25-087862,2025-09-05,2025-09-05,2025-09-08,AFTER_HOURS,0,2025
788,INTC,0000050863-25-000149,2025-09-08,2025-09-08,2025-09-09,AFTER_HOURS,0,2025
789,AVGO,0001193125-25-199281,2025-09-09,2025-09-09,2025-09-10,AFTER_HOURS,1,2025
790,AVGO,0001193125-25-200108,2025-09-10,2025-09-10,2025-09-11,AFTER_HOURS,0,2025
791,ADBE,0000796343-25-000102,2025-09-11,2025-09-11,2025-09-12,AFTER_HOURS,0,2025
792,INTC,0000050863-25-000153,2025-09-15,2025-09-12,2025-09-15,PRE_MARKET,1,2025
793,INTC,0000050863-25-000155,2025-09-18,2025-09-18,2025-09-19,AFTER_HOURS,0,2025
794,AVGO,0001193125-25-223202,2025-09-29,2025-09-29,2025-09-30,AFTER_HOURS,0,2025
795,INTC,0000050863-25-000159,2025-09-29,2025-09-29,2025-09-30,AFTER_HOURS,0,2025
796,MSFT,0001193125-25-225125,2025-09-30,2025-09-30,2025-10-01,AFTER_HOURS,0,2025
797,TSLA,0001628280-25-043530,2025-10-02,2025-10-01,2025-10-02,PRE_MARKET,0,2025
798,AMD,0001193125-25-230895,2025-10-06,2025-10-03,2025-10-06,PRE_MARKET,0,2025
799,NFLX,0001065280-25-000404,2025-10-21,2025-10-21,2025-10-22,AFTER_HOURS,0,2025
800,TSLA,0001628280-25-045861,2025-10-22,2025-10-22,2025-10-23,AFTER_HOURS,1,2025
801,INTC,0000050863-25-000169,2025-10-23,2025-10-23,2025-10-24,AFTER_HOURS,0,2025
802,AMD,0001193125-25-250803,2025-10-27,2025-10-24,2025-10-27,PRE_MARKET,1,2025
803,GOOGL,0001652044-25-000087,2025-10-29,2025-10-29,2025-10-30,AFTER_HOURS,0,2025
804,META,0001628280-25-047114,2025-10-29,2025-10-29,2025-10-30,AFTER_HOURS,1,2025
805,MSFT,0001193125-25-256310,2025-10-29,2025-10-29,2025-10-30,AFTER_HOURS,1,2025
806,AAPL,0000320193-25-000077,2025-10-30,2025-10-30,2025-10-31,AFTER_HOURS,0,2025
807,AMZN,0001018724-25-000121,2025-10-30,2025-10-30,2025-10-31,AFTER_HOURS,0,2025
808,NFLX,0001065280-25-000407,2025-10-30,2025-10-30,2025-10-31,AFTER_HOURS,1,2025
809,META,0001193125-25-262593,2025-11-03,2025-11-03,2025-11-04,AFTER_HOURS,1,2025
810,AMD,0000002488-25-000163,2025-11-04,2025-11-04,2025-11-05,AFTER_HOURS,1,2025
811,NFLX,0001065280-25-000408,2025-11-04,2025-11-04,2025-11-05,AFTER_HOURS,1,2025
812,QCOM,0000804328-25-000084,2025-11-05,2025-11-05,2025-11-06,AFTER_HOURS,0,2025
813,GOOGL,0001193125-25-269979,2025-11-06,2025-11-06,2025-11-07,AFTER_HOURS,0,2025
814,TSLA,0001104659-25-108507,2025-11-07,2025-11-07,2025-11-10,AFTER_HOURS,1,2025
815,INTC,0000050863-25-000194,2025-11-12,2025-11-12,2025-11-13,AFTER_HOURS,0,2025
816,NFLX,0001065280-25-000450,2025-11-14,2025-11-14,2025-11-17,AFTER_HOURS,1,2025
817,NVDA,0001045810-25-000228,2025-11-19,2025-11-19,2025-11-20,AFTER_HOURS,0,2025
818,AMZN,0001104659-25-114647,2025-11-20,2025-11-20,2025-11-21,AFTER_HOURS,1,2025
819,NFLX,0001193125-25-308651,2025-12-05,2025-12-04,2025-12-05,PRE_MARKET,1,2025
820,AAPL,0001140361-25-044561,2025-12-05,2025-12-05,2025-12-08,AFTER_HOURS,1,2025
821,MSFT,0001193125-25-311196,2025-12-08,2025-12-08,2025-12-09,AFTER_HOURS,1,2025
822,ADBE,0000796343-25-000135,2025-12-10,2025-12-10,2025-12-11,AFTER_HOURS,1,2025
823,QCOM,0000804328-25-000096,2025-12-10,2025-12-10,2025-12-11,AFTER_HOURS,0,2025
824,AVGO,0001730168-25-000116,2025-12-11,2025-12-11,2025-12-12,AFTER_HOURS,0,2025
825,META,0001628280-25-056768,2025-12-12,2025-12-12,2025-12-15,AFTER_HOURS,1,2025
826,AMD,0000002488-25-000182,2025-12-15,2025-12-15,2025-12-16,AFTER_HOURS,1,2025
827,QCOM,0000804328-25-000098,2025-12-16,2025-12-16,2025-12-17,AFTER_HOURS,0,2025
828,META,0001628280-25-058337,2025-12-19,2025-12-19,2025-12-22,AFTER_HOURS,1,2025
829,NFLX,0001193125-25-327462,2025-12-22,2025-12-19,2025-12-22,PRE_MARKET,0,2025
830,INTC,0000050863-25-000204,2025-12-29,2025-12-26,2025-12-29,PRE_MARKET,1,2025
831,AAPL,0001140361-26-000199,2026-01-02,2026-01-02,2026-01-05,AFTER_HOURS,0,2026
832,AVGO,0001193125-26-011731,2026-01-13,2026-01-13,2026-01-14,AFTER_HOURS,0,2026
833,META,0001628280-26-002429,2026-01-16,2026-01-16,2026-01-20,AFTER_HOURS,0,2026
834,NFLX,0001193125-26-015951,2026-01-20,2026-01-16,2026-01-20,PRE_MARKET,0,2026
835,QCOM,0000804328-26-000008,2026-01-16,2026-01-16,2026-01-20,AFTER_HOURS,0,2026
836,AMD,0000002488-26-000002,2026-01-20,2026-01-20,2026-01-21,AFTER_HOURS,1,2026
837,NFLX,0001065280-26-000033,2026-01-20,2026-01-20,2026-01-21,AFTER_HOURS,1,2026
838,INTC,0000050863-26-000009,2026-01-22,2026-01-22,2026-01-23,AFTER_HOURS,0,2026
839,INTC,0000050863-26-000031,2026-01-23,2026-01-23,2026-01-26,AFTER_HOURS,0,2026
840,NVDA,0001045810-26-000003,2026-01-23,2026-01-23,2026-01-26,AFTER_HOURS,0,2026
841,ADBE,0000796343-26-000019,2026-01-27,2026-01-27,2026-01-28,AFTER_HOURS,1,2026
842,META,0001628280-26-003832,2026-01-28,2026-01-28,2026-01-29,AFTER_HOURS,1,2026
843,MSFT,0001193125-26-027198,2026-01-28,2026-01-28,2026-01-29,AFTER_HOURS,0,2026
844,TSLA,0001628280-26-003837,2026-01-28,2026-01-28,2026-01-29,AFTER_HOURS,0,2026
845,AAPL,0000320193-26-000005,2026-01-29,2026-01-29,2026-01-30,AFTER_HOURS,1,2026
846,AMD,0000002488-26-000014,2026-02-03,2026-02-03,2026-02-04,AFTER_HOURS,0,2026
847,GOOGL,0001652044-26-000012,2026-02-04,2026-02-04,2026-02-05,AFTER_HOURS,1,2026
848,QCOM,0000804328-26-000016,2026-02-04,2026-02-04,2026-02-05,AFTER_HOURS,1,2026
849,AMZN,0001018724-26-000002,2026-02-05,2026-02-05,2026-02-06,AFTER_HOURS,1,2026
850,GOOGL,0001193125-26-051423,2026-02-13,2026-02-13,2026-02-17,AFTER_HOURS,1,2026
851,AMD,0000002488-26-000029,2026-02-17,2026-02-17,2026-02-18,AFTER_HOURS,1,2026
852,AMD,0000002488-26-000045,2026-02-24,2026-02-23,2026-02-24,PRE_MARKET,1,2026
853,AAPL,0001140361-26-006577,2026-02-24,2026-02-24,2026-02-25,AFTER_HOURS,0,2026
854,NVDA,0001045810-26-000019,2026-02-25,2026-02-25,2026-02-26,AFTER_HOURS,0,2026
855,AMZN,0001104659-26-021050,2026-02-27,2026-02-26,2026-02-27,PRE_MARKET,1,2026
856,AVGO,0001193125-26-085656,2026-03-02,2026-03-02,2026-03-03,AFTER_HOURS,0,2026
857,INTC,0000050863-26-000044,2026-03-03,2026-03-03,2026-03-04,AFTER_HOURS,1,2026
858,AVGO,0001730168-26-000011,2026-03-04,2026-03-04,2026-03-05,AFTER_HOURS,1,2026
859,GOOGL,0001652044-26-000026,2026-03-06,2026-03-06,2026-03-09,AFTER_HOURS,1,2026
860,NVDA,0001045810-26-000024,2026-03-06,2026-03-06,2026-03-09,AFTER_HOURS,1,2026
861,ADBE,0000796343-26-000048,2026-03-12,2026-03-12,2026-03-13,AFTER_HOURS,1,2026
862,AMZN,0001104659-26-027729,2026-03-13,2026-03-13,2026-03-16,AFTER_HOURS,1,2026
863,AMZN,0001104659-26-028556,2026-03-16,2026-03-16,2026-03-17,AFTER_HOURS,1,2026
864,QCOM,0000804328-26-000041,2026-03-19,2026-03-19,2026-03-20,AFTER_HOURS,1,2026
865,TSLA,0001628280-26-022956,2026-04-02,2026-04-01,2026-04-02,PRE_MARKET,0,2026
866,AVGO,0001193125-26-140574,2026-04-02,2026-04-02,2026-04-06,AFTER_HOURS,0,2026
867,GOOGL,0001652044-26-000031,2026-04-02,2026-04-02,2026-04-06,AFTER_HOURS,1,2026
868,INTC,0000050863-26-000069,2026-04-03,2026-04-02,2026-04-06,NON_TRADING_DAY,0,2026
869,AVGO,0001193125-26-144028,2026-04-06,2026-04-06,2026-04-07,AFTER_HOURS,1,2026
870,AMZN,0001104659-26-041034,2026-04-08,2026-04-08,2026-04-09,AFTER_HOURS,1,2026
871,INTC,0000050863-26-000072,2026-04-08,2026-04-08,2026-04-09,AFTER_HOURS,1,2026
872,GOOGL,0001652044-26-000034,2026-04-10,2026-04-10,2026-04-13,AFTER_HOURS,1,2026
873,AMZN,0001104659-26-042880,2026-04-14,2026-04-13,2026-04-14,PRE_MARKET,1,2026
874,META,0001628280-26-025108,2026-04-14,2026-04-14,2026-04-15,AFTER_HOURS,0,2026
875,NFLX,0001065280-26-000137,2026-04-16,2026-04-16,2026-04-17,AFTER_HOURS,1,2026
876,AAPL,0001140361-26-015711,2026-04-20,2026-04-20,2026-04-21,AFTER_HOURS,0,2026
877,ADBE,0000796343-26-000101,2026-04-21,2026-04-21,2026-04-22,AFTER_HOURS,0,2026
878,AVGO,0001730168-26-000039,2026-04-21,2026-04-21,2026-04-22,AFTER_HOURS,1,2026
879,NFLX,0001065280-26-000139,2026-04-22,2026-04-22,2026-04-23,AFTER_HOURS,0,2026
880,TSLA,0001628280-26-026551,2026-04-22,2026-04-22,2026-04-23,AFTER_HOURS,0,2026
881,INTC,0000050863-26-000077,2026-04-23,2026-04-23,2026-04-24,AFTER_HOURS,0,2026
882,INTC,0000050863-26-000083,2026-04-24,2026-04-24,2026-04-27,AFTER_HOURS,1,2026
883,NVDA,0001045810-26-000026,2026-04-27,2026-04-27,2026-04-28,AFTER_HOURS,1,2026
884,AMZN,0001018724-26-000012,2026-04-29,2026-04-29,2026-04-30,AFTER_HOURS,0,2026
885,GOOGL,0001652044-26-000043,2026-04-29,2026-04-29,2026-04-30,AFTER_HOURS,1,2026
886,META,0001628280-26-028364,2026-04-29,2026-04-29,2026-04-30,AFTER_HOURS,0,2026
887,MSFT,0001193125-26-191457,2026-04-29,2026-04-29,2026-04-30,AFTER_HOURS,0,2026
888,QCOM,0000804328-26-000060,2026-04-29,2026-04-29,2026-04-30,AFTER_HOURS,1,2026
889,AAPL,0000320193-26-000011,2026-04-30,2026-04-30,2026-05-01,AFTER_HOURS,0,2026
890,INTC,0001193125-26-197845,2026-04-30,2026-04-30,2026-05-01,AFTER_HOURS,1,2026
891,META,0001193125-26-204128,2026-05-04,2026-05-04,2026-05-05,AFTER_HOURS,0,2026
892,AMD,0000002488-26-000072,2026-05-05,2026-05-05,2026-05-06,AFTER_HOURS,1,2026
893,NVDA,0001045810-26-000028,2026-05-08,2026-05-08,2026-05-11,AFTER_HOURS,1,2026
894,GOOGL,0001193125-26-216986,2026-05-11,2026-05-11,2026-05-12,AFTER_HOURS,1,2026
895,MSFT,0001193125-26-224155,2026-05-14,2026-05-14,2026-05-15,AFTER_HOURS,1,2026
896,AMD,0001193125-26-226746,2026-05-15,2026-05-15,2026-05-18,AFTER_HOURS,0,2026
897,INTC,0000050863-26-000118,2026-05-15,2026-05-15,2026-05-18,AFTER_HOURS,0,2026
898,NVDA,0001045810-26-000051,2026-05-20,2026-05-20,2026-05-21,AFTER_HOURS,0,2026
899,GOOGL,0001193125-26-234488,2026-05-21,2026-05-21,2026-05-22,AFTER_HOURS,0,2026
900,AMZN,0001104659-26-065717,2026-05-22,2026-05-22,2026-05-26,AFTER_HOURS,0,2026
901,META,0001628280-26-039193,2026-05-29,2026-05-29,2026-06-01,AFTER_HOURS,0,2026
902,AVGO,0001730168-26-000051,2026-06-03,2026-06-03,2026-06-04,AFTER_HOURS,1,2026
903,GOOGL,0001193125-26-257724,2026-06-04,2026-06-04,2026-06-05,AFTER_HOURS,1,2026
904,GOOGL,0001193125-26-259830,2026-06-05,2026-06-05,2026-06-08,AFTER_HOURS,0,2026
905,NFLX,0001065280-26-000189,2026-06-05,2026-06-05,2026-06-08,AFTER_HOURS,1,2026
906,AMZN,0001104659-26-072140,2026-06-10,2026-06-09,2026-06-10,PRE_MARKET,0,2026
907,AVGO,0001193125-26-266777,2026-06-11,2026-06-10,2026-06-11,PRE_MARKET,1,2026
908,ADBE,0000796343-26-000109,2026-06-11,2026-06-11,2026-06-12,AFTER_HOURS,1,2026
909,GOOGL,0001193125-26-267578,2026-06-11,2026-06-11,2026-06-12,AFTER_HOURS,0,2026
910,AMZN,0001104659-26-073562,2026-06-12,2026-06-12,2026-06-15,AFTER_HOURS,0,2026
911,AVGO,0001193125-26-275077,2026-06-18,2026-06-17,2026-06-18,PRE_MARKET,0,2026
912,NVDA,0001193125-26-275783,2026-06-18,2026-06-18,2026-06-22,AFTER_HOURS,0,2026
913,QCOM,0001104659-26-077071,2026-06-24,2026-06-23,2026-06-24,PRE_MARKET,0,2026
914,NVDA,0001045810-26-000056,2026-06-30,2026-06-30,2026-07-01,AFTER_HOURS,1,2026
915,AMD,0000002488-26-000115,2026-07-01,2026-07-01,2026-07-02,AFTER_HOURS,0,2026
916,TSLA,0001628280-26-046717,2026-07-02,2026-07-01,2026-07-02,PRE_MARKET,0,2026
917,AVGO,0001193125-26-295589,2026-07-06,2026-07-02,2026-07-06,PRE_MARKET,0,2026
918,AMZN,0001104659-26-082293,2026-07-09,2026-07-09,2026-07-10,AFTER_HOURS,0,2026
919,NFLX,0001065280-26-000211,2026-07-16,2026-07-16,2026-07-17,AFTER_HOURS,1,2026
920,ADBE,0000796343-26-000120,2026-07-17,2026-07-17,2026-07-20,AFTER_HOURS,1,2026
921,GOOGL,0001652044-26-000066,2026-07-22,2026-07-22,2026-07-23,AFTER_HOURS,0,2026
922,NFLX,0001193125-26-312575,2026-07-22,2026-07-22,2026-07-23,AFTER_HOURS,1,2026
923,TSLA,0001628280-26-049213,2026-07-22,2026-07-22,2026-07-23,AFTER_HOURS,0,2026
924,INTC,0000050863-26-000155,2026-07-23,2026-07-23,2026-07-24,AFTER_HOURS,0,2026
925,META,0001628280-26-050596,2026-07-29,2026-07-29,2026-07-30,AFTER_HOURS,1,2026
926,MSFT,0001193125-26-323632,2026-07-29,2026-07-29,2026-07-30,AFTER_HOURS,1,2026
927,QCOM,0000804328-26-000085,2026-07-29,2026-07-29,2026-07-30,AFTER_HOURS,1,2026
928,AAPL,0000320193-26-000018,2026-07-30,2026-07-30,2026-07-31,AFTER_HOURS,1,2026
929,AMZN,0001018724-26-000024,2026-07-30,2026-07-30,2026-07-31,AFTER_HOURS,1,2026
930,NFLX,0001065280-26-000214,2026-07-30,2026-07-30,2026-07-31,AFTER_HOURS,1,2026
931,QCOM,0001104659-26-089234,2026-07-31,2026-07-31,2026-08-03,AFTER_HOURS,1,2026
932,AMD,0000002488-26-000121,2026-08-04,2026-08-04,2026-08-05,AFTER_HOURS,1,2026
933,GOOGL,0001193125-26-342390,2026-08-10,2026-08-10,2026-08-11,AFTER_HOURS,0,2026
934,INTC,0001193125-26-346806,2026-08-12,2026-08-12,2026-08-13,AFTER_HOURS,1,2026
