Variant,Test_Year,Feature,Coefficient_Log_Odds,Abs_Coefficient,Odds_Ratio_Per_Model_Unit,Direction,Rank
A,2023,categorical__Ticker_INTC,-0.8507869605830867,0.8507869605830867,0.4270787055604699,toward_class_0,1
A,2023,categorical__Ticker_META,-0.6601676713485177,0.6601676713485177,0.5167646805963526,toward_class_0,2
A,2023,numeric__QQQ_Log_Return_1D,-0.6007285012454364,0.6007285012454364,0.5484119717292913,toward_class_0,3
A,2023,categorical__Ticker_AMD,-0.5917806497473526,0.5917806497473526,0.5533411002801194,toward_class_0,4
A,2023,categorical__Ticker_AMZN,-0.5621467014838561,0.5621467014838561,0.5699841637217138,toward_class_0,5
A,2023,categorical__Ticker_AVGO,-0.4697419505094165,0.4697419505094165,0.6251635706107413,toward_class_0,6
A,2023,categorical__Ticker_GOOGL,-0.44965454083590783,0.44965454083590783,0.6378484641623362,toward_class_0,7
A,2023,categorical__Ticker_MSFT,0.43162171195447635,0.43162171195447635,1.539752534999464,toward_class_1,8
A,2023,numeric__Intraday_Return,0.4131776528961598,0.4131776528961598,1.5116135446058012,toward_class_1,9
A,2023,categorical__Ticker_NFLX,-0.29881364083817674,0.29881364083817674,0.7416976187028766,toward_class_0,10
A,2023,numeric__RSI_14,0.2643269939631616,0.2643269939631616,1.302554053982998,toward_class_1,11
A,2023,numeric__Stock_vs_QQQ_1D,-0.21377265022328104,0.21377265022328104,0.8075319563644119,toward_class_0,12
A,2023,numeric__Stock_vs_QQQ_5D,-0.20421018545189656,0.20421018545189656,0.8152909908717555,toward_class_0,13
A,2023,categorical__Ticker_TSLA,-0.15908115003058607,0.15908115003058607,0.8529271410970656,toward_class_0,14
A,2023,numeric__Daily_Range,-0.1400347553377194,0.1400347553377194,0.8693280210847928,toward_class_0,15
A,2023,numeric__Volatility_14D,0.1350464845825441,0.1350464845825441,1.1445899889025275,toward_class_1,16
A,2023,numeric__Price_to_SMA20,-0.12161241621450736,0.12161241621450736,0.8854915041506252,toward_class_0,17
A,2023,categorical__Ticker_ADBE,-0.11818008485225837,0.11818008485225837,0.8885360263268673,toward_class_0,18
A,2023,categorical__Ticker_QCOM,0.10345059322815385,0.10345059322815385,1.1089910003461723,toward_class_1,19
A,2023,numeric__QQQ_Log_Return_5D,0.0818928985106277,0.0818928985106277,1.085339562120931,toward_class_1,20
A,2023,categorical__Ticker_NVDA,-0.0615818424262864,0.0615818424262864,0.9402759881220258,toward_class_0,21
A,2023,numeric__Relative_Volume_20D,-0.05382378710968592,0.05382378710968592,0.9475990709618743,toward_class_0,22
A,2023,numeric__QQQ_Volatility_14D,0.03326715260715708,0.03326715260715708,1.0338266918482943,toward_class_1,23
A,2023,numeric__Stock_vs_QQQ_3D,0.02481135137544064,0.02481135137544064,1.0251217144806677,toward_class_1,24
A,2023,numeric__QQQ_Log_Return_3D,0.022040886232328975,0.022040886232328975,1.0222855810217528,toward_class_1,25
B,2023,categorical__Ticker_INTC,-1.007716968763393,1.007716968763393,0.36505145279845375,toward_class_0,1
B,2023,categorical__Ticker_AMD,-0.7392402468534617,0.7392402468534617,0.4774765420554909,toward_class_0,2
B,2023,binary__Has_Item_5_03,0.7321991919123136,0.7321991919123136,2.079649129851146,toward_class_1,3
B,2023,categorical__Ticker_AMZN,-0.6613220292513099,0.6613220292513099,0.5161684933763405,toward_class_0,4
B,2023,categorical__Ticker_META,-0.6274288545939348,0.6274288545939348,0.5339629339050344,toward_class_0,5
B,2023,numeric__QQQ_Log_Return_1D,-0.6103320492577752,0.6103320492577752,0.5431704797724365,toward_class_0,6
B,2023,binary__Has_Item_7_01,0.5016743530320183,0.5016743530320183,1.6514841245095424,toward_class_1,7
B,2023,binary__Has_Item_1_02,-0.48048200028059823,0.48048200028059823,0.6184852099053136,toward_class_0,8
B,2023,binary__Has_Event_Earnings,-0.47013162471689657,0.47013162471689657,0.6249200079499436,toward_class_0,9
B,2023,categorical__Ticker_MSFT,0.4531274055455258,0.4531274055455258,1.5732246112861257,toward_class_1,10
B,2023,categorical__Ticker_GOOGL,-0.4376099318790866,0.4376099318790866,0.6455775529733464,toward_class_0,11
B,2023,categorical__Ticker_AVGO,-0.4367217373225443,0.4367217373225443,0.6461512061618305,toward_class_0,12
B,2023,categorical__Ticker_NFLX,-0.4347709020512065,0.4347709020512065,0.6474129710730105,toward_class_0,13
B,2023,binary__Has_Item_1_01,0.40775065256823356,0.40775065256823356,1.5034322374616766,toward_class_1,14
B,2023,numeric__Intraday_Return,0.4014999026676972,0.4014999026676972,1.4940639684092896,toward_class_1,15
B,2023,binary__Has_Item_5_07,-0.38050036821323546,0.38050036821323546,0.6835193122952767,toward_class_0,16
B,2023,numeric__RSI_14,0.29377077565983767,0.29377077565983767,1.3414763693855307,toward_class_1,17
B,2023,binary__Has_EX99,-0.2854087164615341,0.2854087164615341,0.7517069565174469,toward_class_0,18
B,2023,numeric__Daily_Range,-0.21357729100347297,0.21357729100347297,0.8076897305882001,toward_class_0,19
B,2023,binary__Has_Event_Buyback,0.20492813922273356,0.20492813922273356,1.2274368572272716,toward_class_1,20
B,2023,binary__Has_Event_Guidance,0.20158929213733354,0.20158929213733354,1.22334546731751,toward_class_1,21
B,2023,numeric__Stock_vs_QQQ_1D,-0.1988523072824751,0.1988523072824751,0.8196709438227371,toward_class_0,22
B,2023,numeric__Stock_vs_QQQ_5D,-0.1903761417658893,0.1903761417658893,0.8266481385672443,toward_class_0,23
B,2023,numeric__Price_to_SMA20,-0.1440864565231987,0.1440864565231987,0.865812889651073,toward_class_0,24
B,2023,binary__Has_Item_8_01,-0.13153107097015676,0.13153107097015676,0.8767520331783242,toward_class_0,25
B,2023,numeric__Volatility_14D,0.11949346186166307,0.11949346186166307,1.1269258760458463,toward_class_1,26
B,2023,categorical__Ticker_NVDA,-0.10126893754718481,0.10126893754718481,0.903689964039815,toward_class_0,27
B,2023,categorical__Ticker_QCOM,0.08501366307503015,0.08501366307503015,1.0887319420229886,toward_class_1,28
B,2023,numeric__QQQ_Volatility_14D,0.07743321649543213,0.07743321649543213,1.080510069799767,toward_class_1,29
B,2023,numeric__QQQ_Log_Return_5D,0.07247798503463002,0.07247798503463002,1.0751691360183118,toward_class_1,30
B,2023,numeric__Relative_Volume_20D,0.06561995988298659,0.06561995988298659,1.0678208252918877,toward_class_1,31
B,2023,binary__Has_Item_2_02,0.05499276695542201,0.05499276695542201,1.0565329726977672,toward_class_1,32
B,2023,binary__Has_Item_2_03,-0.03922539949043254,0.03922539949043254,0.9615339554556054,toward_class_0,33
B,2023,numeric__QQQ_Log_Return_3D,0.03217299566183126,0.03217299566183126,1.0326961418055254,toward_class_1,34
B,2023,categorical__Ticker_ADBE,-0.026321713018322108,0.026321713018322108,0.9740216837422909,toward_class_0,35
B,2023,categorical__Ticker_TSLA,-0.02157336978710224,0.02157336978710224,0.9786576709300024,toward_class_0,36
B,2023,binary__Has_Item_5_02,0.012315683562688185,0.012315683562688185,1.0123918338868265,toward_class_1,37
B,2023,numeric__Stock_vs_QQQ_3D,-0.00268295455631157,0.00268295455631157,0.997320641349661,toward_class_0,38
C,2023,categorical__Ticker_INTC,-1.0051680080202867,1.0051680080202867,0.36598314153541117,toward_class_0,1
C,2023,categorical__Ticker_AMD,-0.7563386796002778,0.7563386796002778,0.4693818420651544,toward_class_0,2
C,2023,binary__Has_Item_5_03,0.7425607112319598,0.7425607112319598,2.101309477755304,toward_class_1,3
C,2023,categorical__Ticker_AMZN,-0.6729154676193628,0.6729154676193628,0.5102188806345562,toward_class_0,4
C,2023,categorical__Ticker_META,-0.6453378413303086,0.6453378413303086,0.5244853193536755,toward_class_0,5
C,2023,numeric__QQQ_Log_Return_1D,-0.6133701730763048,0.6133701730763048,0.5415227648486898,toward_class_0,6
C,2023,binary__Has_Sentiment_History,-0.5133548969374556,0.5133548969374556,0.598484353646944,toward_class_0,7
C,2023,binary__Has_Item_7_01,0.48897962063404604,0.48897962063404604,1.6306514876395166,toward_class_1,8
C,2023,categorical__Ticker_AVGO,-0.48343662293734024,0.48343662293734024,0.6166605164589997,toward_class_0,9
C,2023,binary__Has_Item_1_02,-0.4731921850884429,0.4731921850884429,0.6230103263767683,toward_class_0,10
C,2023,categorical__Ticker_MSFT,0.46417530350824493,0.46417530350824493,1.5907018016056773,toward_class_1,11
C,2023,categorical__Ticker_NFLX,-0.46068285332129316,0.46068285332129316,0.6308527185196204,toward_class_0,12
C,2023,binary__Has_Event_Earnings,-0.4559278416344663,0.4559278416344663,0.6338595737192068,toward_class_0,13
C,2023,categorical__Ticker_GOOGL,-0.4531038178145699,0.4531038178145699,0.6356521381849093,toward_class_0,14
C,2023,numeric__Intraday_Return,0.40590193696305676,0.40590193696305676,1.500655386417766,toward_class_1,15
C,2023,binary__Has_Item_1_01,0.39253465564379425,0.39253465564379425,1.48072918001488,toward_class_1,16
C,2023,binary__Has_Item_5_07,-0.37257501516834024,0.37257501516834024,0.6889579673214563,toward_class_0,17
C,2023,binary__Has_EX99,-0.27149752724625026,0.27149752724625026,0.7622371682905248,toward_class_0,18
C,2023,numeric__RSI_14,0.26218645129274454,0.26218645129274454,1.299768863423003,toward_class_1,19
C,2023,binary__Has_Event_Buyback,0.21844855333895566,0.21844855333895566,1.244145007874152,toward_class_1,20
C,2023,numeric__Daily_Range,-0.2073321949356272,0.2073321949356272,0.8127496138320847,toward_class_0,21
C,2023,numeric__Stock_vs_QQQ_1D,-0.2033683230532639,0.2033683230532639,0.8159776426935349,toward_class_0,22
C,2023,numeric__Stock_vs_QQQ_5D,-0.18910206533392268,0.18910206533392268,0.827702022700028,toward_class_0,23
C,2023,binary__Has_Event_Guidance,0.17895839113164913,0.17895839113164913,1.1959709801335143,toward_class_1,24
C,2023,binary__Has_Item_8_01,-0.14447479366682667,0.14447479366682667,0.865476727622915,toward_class_0,25
C,2023,categorical__Ticker_NVDA,-0.1208883835643644,0.1208883835643644,0.8861328610647097,toward_class_0,26
C,2023,numeric__Price_to_SMA20,-0.11957735121538936,0.11957735121538936,0.8872953717891273,toward_class_0,27
C,2023,numeric__Volatility_14D,0.11417474818266957,0.11417474818266957,1.1209479913943594,toward_class_1,28
C,2023,numeric__QQQ_Volatility_14D,0.08232085814386864,0.08232085814386864,1.0858041430457286,toward_class_1,29
C,2023,numeric__QQQ_Log_Return_5D,0.0771639866077358,0.0771639866077358,1.0802192033517475,toward_class_1,30
C,2023,sentiment__Sentiment_Momentum_3,0.06918819197202203,0.06918819197202203,1.0716378638157413,toward_class_1,31
C,2023,sentiment__Mean_Net_Sentiment,-0.06856622754289507,0.06856622754289507,0.9337316193048933,toward_class_0,32
C,2023,numeric__Relative_Volume_20D,0.0601368554310435,0.0601368554310435,1.061981874587874,toward_class_1,33
C,2023,categorical__Ticker_QCOM,0.05825458138693871,0.05825458138693871,1.0599848137675256,toward_class_1,34
C,2023,categorical__Ticker_ADBE,-0.03593741596332049,0.03593741596332049,0.9647006664558053,toward_class_0,35
C,2023,categorical__Ticker_TSLA,-0.034399502281051215,0.034399502281051215,0.9661854342397419,toward_class_0,36
C,2023,binary__Has_Item_2_02,0.03343365889771933,0.03343365889771933,1.0339988448277175,toward_class_1,37
C,2023,binary__Has_Item_2_03,-0.028959562186571527,0.028959562186571527,0.9714557472186052,toward_class_0,38
C,2023,numeric__QQQ_Log_Return_3D,0.02599127827659344,0.02599127827659344,1.0263319970506046,toward_class_1,39
C,2023,binary__Has_Item_5_02,0.014672163918694674,0.014672163918694674,1.0147803284709704,toward_class_1,40
C,2023,numeric__Stock_vs_QQQ_3D,0.0031444184418392067,0.0031444184418392067,1.003149367311254,toward_class_1,41
A,2024,categorical__Ticker_INTC,-0.8408571901528558,0.8408571901528558,0.43134062397924444,toward_class_0,1
A,2024,categorical__Ticker_META,-0.7353150955699482,0.7353150955699482,0.4793543927304072,toward_class_0,2
A,2024,categorical__Ticker_AMZN,-0.6274097240108858,0.6274097240108858,0.5339731490249968,toward_class_0,3
A,2024,categorical__Ticker_AMD,-0.5010502739114447,0.5010502739114447,0.6058939707916539,toward_class_0,4
A,2024,categorical__Ticker_MSFT,0.46555648037242325,0.46555648037242325,1.5929003600814058,toward_class_1,5
A,2024,categorical__Ticker_GOOGL,-0.45946259884393625,0.45946259884393625,0.6316229892415163,toward_class_0,6
A,2024,numeric__QQQ_Log_Return_1D,-0.4288131868508636,0.4288131868508636,0.6512815857811667,toward_class_0,7
A,2024,categorical__Ticker_TSLA,-0.39725552815668763,0.39725552815668763,0.6721622473064433,toward_class_0,8
A,2024,categorical__Ticker_AVGO,-0.3842879971509262,0.3842879971509262,0.6809352915137252,toward_class_0,9
A,2024,numeric__Intraday_Return,0.3218591447478143,0.3218591447478143,1.3796904256270954,toward_class_1,10
A,2024,categorical__Ticker_NFLX,-0.3217679391591231,0.3217679391591231,0.7248663839161505,toward_class_0,11
A,2024,numeric__Stock_vs_QQQ_5D,-0.26262378519627316,0.26262378519627316,0.7690311638029302,toward_class_0,12
A,2024,categorical__Ticker_NVDA,-0.20024361130813748,0.20024361130813748,0.8185313253006293,toward_class_0,13
A,2024,numeric__Daily_Range,-0.17589361471292062,0.17589361471292062,0.8387072046978171,toward_class_0,14
A,2024,numeric__RSI_14,0.16847222122743205,0.16847222122743205,1.183495350340054,toward_class_1,15
A,2024,numeric__Stock_vs_QQQ_1D,-0.11767709119131428,0.11767709119131428,0.8889830667354508,toward_class_0,16
A,2024,numeric__Volatility_14D,0.11323742680589434,0.11323742680589434,1.11989779514236,toward_class_1,17
A,2024,categorical__Ticker_ADBE,-0.10371915795450994,0.10371915795450994,0.9014784349213428,toward_class_0,18
A,2024,numeric__Relative_Volume_20D,-0.0833449991623457,0.0833449991623457,0.9200336816111033,toward_class_0,19
A,2024,numeric__QQQ_Volatility_14D,0.07066228359610663,0.07066228359610663,1.0732187210928197,toward_class_1,20
A,2024,numeric__QQQ_Log_Return_5D,0.06785504428944857,0.06785504428944857,1.0702101641597335,toward_class_1,21
A,2024,categorical__Ticker_QCOM,0.05504895891957431,0.05504895891957431,1.056592343028747,toward_class_1,22
A,2024,numeric__QQQ_Log_Return_3D,-0.035436630626438405,0.035436630626438405,0.9651838953909304,toward_class_0,23
A,2024,numeric__Price_to_SMA20,0.019454166015658678,0.019454166015658678,1.0196446314135608,toward_class_1,24
A,2024,numeric__Stock_vs_QQQ_3D,0.010292022185947027,0.010292022185947027,1.010345167213071,toward_class_1,25
B,2024,categorical__Ticker_INTC,-1.0843750399187697,1.0843750399187697,0.33811302702403484,toward_class_0,1
B,2024,categorical__Ticker_AMZN,-0.7758369538037375,0.7758369538037375,0.46031835453163544,toward_class_0,2
B,2024,categorical__Ticker_AMD,-0.7550306902164364,0.7550306902164364,0.4699961902243912,toward_class_0,3
B,2024,categorical__Ticker_META,-0.7364116424824055,0.7364116424824055,0.47882904623726374,toward_class_0,4
B,2024,binary__Has_Item_7_01,0.7046664882085591,0.7046664882085591,2.0231718207326956,toward_class_1,5
B,2024,binary__Has_Item_1_01,0.5846538371997928,0.5846538371997928,1.79436973406726,toward_class_1,6
B,2024,binary__Has_Item_1_02,-0.49333840461384787,0.49333840461384787,0.61058460945159,toward_class_0,7
B,2024,categorical__Ticker_MSFT,0.4710512251682299,0.4710512251682299,1.6016770317484292,toward_class_1,8
B,2024,categorical__Ticker_NFLX,-0.44867046651881065,0.44867046651881065,0.6384764634024003,toward_class_0,9
B,2024,numeric__QQQ_Log_Return_1D,-0.4453110794242969,0.4453110794242969,0.6406249597886536,toward_class_0,10
B,2024,categorical__Ticker_GOOGL,-0.43974779210518794,0.43974779210518794,0.6441988726380062,toward_class_0,11
B,2024,binary__Has_EX99,-0.4165027775346401,0.4165027775346401,0.6593486814290931,toward_class_0,12
B,2024,binary__Has_Event_Earnings,-0.4082507900548782,0.4082507900548782,0.6648121296432811,toward_class_0,13
B,2024,categorical__Ticker_AVGO,-0.38805948572787063,0.38805948572787063,0.6783719886123434,toward_class_0,14
B,2024,numeric__Intraday_Return,0.3320984985386132,0.3320984985386132,1.3938901378925737,toward_class_1,15
B,2024,binary__Has_Event_Guidance,0.29602704010546393,0.29602704010546393,1.3445065119384074,toward_class_1,16
B,2024,categorical__Ticker_TSLA,-0.2915674068031614,0.2915674068031614,0.7470916528456738,toward_class_0,17
B,2024,binary__Has_Item_5_03,0.28287092010090287,0.28287092010090287,1.326933870272164,toward_class_1,18
B,2024,numeric__Stock_vs_QQQ_5D,-0.26999479694341905,0.26999479694341905,0.763383466253888,toward_class_0,19
B,2024,categorical__Ticker_NVDA,-0.23168150354376985,0.23168150354376985,0.7931987140594329,toward_class_0,20
B,2024,numeric__Daily_Range,-0.23085527270236736,0.23085527270236736,0.7938543501164171,toward_class_0,21
B,2024,binary__Has_Item_2_01,-0.20916659794351478,0.20916659794351478,0.8112600701252368,toward_class_0,22
B,2024,binary__Has_Item_2_02,0.20693739056662558,0.20693739056662558,1.2299055656795526,toward_class_1,23
B,2024,binary__Has_Item_2_03,-0.19366673907299983,0.19366673907299983,0.823932443009261,toward_class_0,24
B,2024,numeric__RSI_14,0.16461890626927542,0.16461890626927542,1.178943745019977,toward_class_1,25
B,2024,binary__Has_Event_Buyback,0.1281636020859524,0.1281636020859524,1.1367389603502123,toward_class_1,26
B,2024,numeric__Stock_vs_QQQ_1D,-0.12607313574877016,0.12607313574877016,0.8815503715792196,toward_class_0,27
B,2024,binary__Has_Item_5_07,-0.11764023835138221,0.11764023835138221,0.8890158288897971,toward_class_0,28
B,2024,numeric__QQQ_Volatility_14D,0.1138222668379208,0.1138222668379208,1.1205529477658043,toward_class_1,29
B,2024,binary__Has_Item_5_02,0.0790776097113807,0.0790776097113807,1.082288314894693,toward_class_1,30
B,2024,numeric__Volatility_14D,0.07785345106168298,0.07785345106168298,1.0809642329011122,toward_class_1,31
B,2024,categorical__Ticker_ADBE,-0.04710773779090081,0.04710773779090081,0.9539846118588817,toward_class_0,32
B,2024,numeric__QQQ_Log_Return_5D,0.044666607495671876,0.044666607495671876,1.0456791801877374,toward_class_1,33
B,2024,binary__Has_Item_8_01,-0.03792027055794102,0.03792027055794102,0.9627897005168001,toward_class_0,34
B,2024,numeric__Price_to_SMA20,0.02757197814877179,0.02757197814877179,1.0279556027857808,toward_class_1,35
B,2024,numeric__Relative_Volume_20D,0.011627485702150525,0.011627485702150525,1.0116953476803674,toward_class_1,36
B,2024,categorical__Ticker_QCOM,-0.009751666744256381,0.009751666744256381,0.9902957265781511,toward_class_0,37
B,2024,numeric__Stock_vs_QQQ_3D,-0.006398050334757629,0.006398050334757629,0.9936223736082664,toward_class_0,38
B,2024,numeric__QQQ_Log_Return_3D,-0.0033605358699749493,0.0033605358699749493,0.9966451044108008,toward_class_0,39
C,2024,categorical__Ticker_INTC,-1.0872029305573587,1.0872029305573587,0.3371582310257504,toward_class_0,1
C,2024,categorical__Ticker_AMZN,-0.7648610814709279,0.7648610814709279,0.46539857896982995,toward_class_0,2
C,2024,categorical__Ticker_AMD,-0.7478201879032024,0.7478201879032024,0.4733973461265896,toward_class_0,3
C,2024,categorical__Ticker_META,-0.7279436740337876,0.7279436740337876,0.48290097162902673,toward_class_0,4
C,2024,binary__Has_Item_7_01,0.6855120770518484,0.6855120770518484,1.9847879397098525,toward_class_1,5
C,2024,binary__Has_Item_1_01,0.5841544418186021,0.5841544418186021,1.7934738578267657,toward_class_1,6
C,2024,binary__Has_Item_1_02,-0.49090390521378097,0.49090390521378097,0.6120728881887771,toward_class_0,7
C,2024,categorical__Ticker_MSFT,0.47371201983617056,0.47371201983617056,1.6059444402854994,toward_class_1,8
C,2024,numeric__QQQ_Log_Return_1D,-0.4542293509206968,0.4542293509206968,0.6349370931383244,toward_class_0,9
C,2024,binary__Has_EX99,-0.4341212565564967,0.4341212565564967,0.6478336966393223,toward_class_0,10
C,2024,categorical__Ticker_NFLX,-0.42731390889314746,0.42731390889314746,0.6522587702595236,toward_class_0,11
C,2024,binary__Has_Event_Earnings,-0.41335741105858204,0.41335741105858204,0.6614258396671362,toward_class_0,12
C,2024,categorical__Ticker_GOOGL,-0.39556209255399644,0.39556209255399644,0.6733014751190364,toward_class_0,13
C,2024,binary__Has_Sentiment_History,-0.3888484012624004,0.3888484012624004,0.6778370214620314,toward_class_0,14
C,2024,numeric__Intraday_Return,0.3468033803083135,0.3468033803083135,1.4145385718882155,toward_class_1,15
C,2024,categorical__Ticker_AVGO,-0.34173600741340077,0.34173600741340077,0.7105357561241269,toward_class_0,16
C,2024,binary__Has_Event_Guidance,0.3056600150581996,0.3056600150581996,1.357520691487966,toward_class_1,17
C,2024,binary__Has_Item_5_03,0.281254507516045,0.281254507516045,1.3247907302308801,toward_class_1,18
C,2024,categorical__Ticker_TSLA,-0.27236135765768144,0.27236135765768144,0.7615790089537843,toward_class_0,19
C,2024,numeric__Stock_vs_QQQ_5D,-0.26644717592935185,0.26644717592935185,0.7660964709914688,toward_class_0,20
C,2024,categorical__Ticker_NVDA,-0.22243899037573958,0.22243899037573958,0.8005638473598639,toward_class_0,21
C,2024,numeric__Daily_Range,-0.22216967997692325,0.22216967997692325,0.8007794765631644,toward_class_0,22
C,2024,binary__Has_Item_2_01,-0.22141735527868808,0.22141735527868808,0.8013821494156329,toward_class_0,23
C,2024,binary__Has_Item_2_03,-0.18889920360449713,0.18889920360449713,0.8278699487961153,toward_class_0,24
C,2024,binary__Has_Item_2_02,0.17095916788629759,0.17095916788629759,1.1864423030856226,toward_class_1,25
C,2024,numeric__RSI_14,0.15324403046182494,0.15324403046182494,1.165609388436404,toward_class_1,26
C,2024,numeric__Stock_vs_QQQ_1D,-0.1389248750102948,0.1389248750102948,0.870293406785673,toward_class_0,27
C,2024,binary__Has_Event_Buyback,0.13844527135716003,0.13844527135716003,1.1484868247249227,toward_class_1,28
C,2024,binary__Has_Item_5_07,-0.12360131840676315,0.12360131840676315,0.8837320983797715,toward_class_0,29
C,2024,numeric__QQQ_Volatility_14D,0.11467416242206623,0.11467416242206623,1.1215079485965467,toward_class_1,30
C,2024,numeric__Volatility_14D,0.08159527751594428,0.08159527751594428,1.0850165903448579,toward_class_1,31
C,2024,sentiment__Mean_Net_Sentiment,0.07900917468666578,0.07900917468666578,1.0822142510014254,toward_class_1,32
C,2024,binary__Has_Item_5_02,0.07831305246904545,0.07831305246904545,1.0814611597692587,toward_class_1,33
C,2024,numeric__QQQ_Log_Return_5D,0.05008479170539029,0.05008479170539029,1.0513602392243468,toward_class_1,34
C,2024,categorical__Ticker_ADBE,-0.049637219467024686,0.049637219467024686,0.9515745746214032,toward_class_0,35
C,2024,sentiment__Sentiment_Momentum_3,-0.04684182895589259,0.04684182895589259,0.9542383185255641,toward_class_0,36
C,2024,binary__Has_Item_8_01,-0.038174426407255886,0.038174426407255886,0.9625450329759141,toward_class_0,37
C,2024,numeric__Price_to_SMA20,0.03306123000898721,0.03306123000898721,1.0336138254876008,toward_class_1,38
C,2024,categorical__Ticker_QCOM,0.015838693910335537,0.015838693910335537,1.015964790880204,toward_class_1,39
C,2024,numeric__Stock_vs_QQQ_3D,-0.005882986391806093,0.005882986391806093,0.9941342844879228,toward_class_0,40
C,2024,numeric__QQQ_Log_Return_3D,-0.0025805788087157567,0.0025805788087157567,0.9974227480224462,toward_class_0,41
C,2024,numeric__Relative_Volume_20D,0.0022108095691164616,0.0022108095691164616,1.0022132552105423,toward_class_1,42
A,2025,categorical__Ticker_INTC,-0.8100179913977058,0.8100179913977058,0.4448500626765468,toward_class_0,1
A,2025,categorical__Ticker_GOOGL,-0.6383713313367223,0.6383713313367223,0.5281519084081109,toward_class_0,2
A,2025,categorical__Ticker_META,-0.5899725429069651,0.5899725429069651,0.5543425051592892,toward_class_0,3
A,2025,categorical__Ticker_AMD,-0.5483112222753114,0.5483112222753114,0.5779249735536817,toward_class_0,4
A,2025,categorical__Ticker_TSLA,-0.5332911224161976,0.5332911224161976,0.5866709829076308,toward_class_0,5
A,2025,categorical__Ticker_AMZN,-0.5009043440129847,0.5009043440129847,0.6059823952890211,toward_class_0,6
A,2025,categorical__Ticker_AVGO,-0.4614567806512983,0.4614567806512983,0.6303646732397004,toward_class_0,7
A,2025,numeric__QQQ_Log_Return_1D,-0.38906583746249945,0.38906583746249945,0.6776896511781961,toward_class_0,8
A,2025,categorical__Ticker_NFLX,-0.38000621751425834,0.38000621751425834,0.6838571573075115,toward_class_0,9
A,2025,numeric__Intraday_Return,0.2934510496635153,0.2934510496635153,1.3410475330754976,toward_class_1,10
A,2025,categorical__Ticker_NVDA,-0.2534485575962176,0.2534485575962176,0.7761196693596382,toward_class_0,11
A,2025,numeric__Stock_vs_QQQ_5D,-0.24036126393466986,0.24036126393466986,0.786343732116205,toward_class_0,12
A,2025,categorical__Ticker_ADBE,-0.23542730868031625,0.23542730868031625,0.7902331040082411,toward_class_0,13
A,2025,numeric__RSI_14,0.20643212489662371,0.20643212489662371,1.2292842935868176,toward_class_1,14
A,2025,numeric__Stock_vs_QQQ_1D,-0.17858440577034812,0.17858440577034812,0.8364534523997116,toward_class_0,15
A,2025,numeric__Relative_Volume_20D,-0.16978742073493613,0.16978742073493613,0.8438441813069897,toward_class_0,16
A,2025,categorical__Ticker_MSFT,0.15643087207551853,0.15643087207551853,1.1693299261742272,toward_class_1,17
A,2025,numeric__Daily_Range,-0.13568044043421187,0.13568044043421187,0.8731216022727163,toward_class_0,18
A,2025,numeric__Volatility_14D,0.13434058251640185,0.13434058251640185,1.1437823055706808,toward_class_1,19
A,2025,numeric__QQQ_Log_Return_3D,-0.03495962333851237,0.03495962333851237,0.965644404967701,toward_class_0,20
A,2025,numeric__QQQ_Log_Return_5D,0.03258301630503831,0.03258301630503831,1.0331196553605426,toward_class_1,21
A,2025,numeric__Price_to_SMA20,0.02658338264329268,0.02658338264329268,1.0269398726528813,toward_class_1,22
A,2025,categorical__Ticker_QCOM,-0.023916809035320508,0.023916809035320508,0.9763669312863087,toward_class_0,23
A,2025,numeric__Stock_vs_QQQ_3D,-0.008118136023901226,0.008118136023901226,0.9919147270532443,toward_class_0,24
A,2025,numeric__QQQ_Volatility_14D,0.006865409382738508,0.006865409382738508,1.0068890303306202,toward_class_1,25
B,2025,categorical__Ticker_INTC,-1.0133390066566528,1.0133390066566528,0.3630048780487856,toward_class_0,1
B,2025,binary__Has_Item_1_01,0.742413617803856,0.742413617803856,2.1010004116720657,toward_class_1,2
B,2025,categorical__Ticker_AMD,-0.7305379755068592,0.7305379755068592,0.48164980458097756,toward_class_0,3
B,2025,categorical__Ticker_AMZN,-0.6268375911992493,0.6268375911992493,0.5342787399950615,toward_class_0,4
B,2025,categorical__Ticker_META,-0.6130137342672785,0.6130137342672785,0.5417158189820018,toward_class_0,5
B,2025,categorical__Ticker_GOOGL,-0.6064330557548531,0.6064330557548531,0.5452924319948269,toward_class_0,6
B,2025,categorical__Ticker_NFLX,-0.5235204350379936,0.5235204350379936,0.5924312567670865,toward_class_0,7
B,2025,categorical__Ticker_AVGO,-0.4836182400024633,0.4836182400024633,0.6165485305554066,toward_class_0,8
B,2025,binary__Has_Item_7_01,0.4828271751371198,0.4828271751371198,1.620649792229426,toward_class_1,9
B,2025,binary__Has_Item_5_03,0.45871248473464116,0.45871248473464116,1.5820357779502459,toward_class_1,10
B,2025,numeric__QQQ_Log_Return_1D,-0.4007885628383677,0.4007885628383677,0.6697916649157608,toward_class_0,11
B,2025,binary__Has_EX99,-0.37477363185967344,0.37477363185967344,0.6874448767974297,toward_class_0,12
B,2025,categorical__Ticker_TSLA,-0.3734001340741188,0.3734001340741188,0.6883897295414393,toward_class_0,13
B,2025,binary__Has_Item_1_02,-0.3312425812572932,0.3312425812572932,0.7180309670575922,toward_class_0,14
B,2025,binary__Has_Event_Guidance,0.3143334635923509,0.3143334635923509,1.3693462875537958,toward_class_1,15
B,2025,categorical__Ticker_NVDA,-0.3078539356920319,0.3078539356920319,0.7350226707464197,toward_class_0,16
B,2025,binary__Has_Event_Earnings,-0.3062916185356461,0.3062916185356461,0.7361719067770851,toward_class_0,17
B,2025,binary__Has_Item_2_03,-0.30277654308379137,0.30277654308379137,0.7387641598884775,toward_class_0,18
B,2025,numeric__Intraday_Return,0.2982006407341053,0.2982006407341053,1.3474321105275933,toward_class_1,19
B,2025,numeric__Stock_vs_QQQ_5D,-0.25854109719364654,0.25854109719364654,0.7721772960772139,toward_class_0,20
B,2025,categorical__Ticker_ADBE,-0.23864761509696447,0.23864761509696447,0.7876924043840733,toward_class_0,21
B,2025,numeric__RSI_14,0.2134006937638298,0.2134006937638298,1.2378805629045326,toward_class_1,22
B,2025,binary__Has_Item_2_01,-0.20613215402147667,0.20613215402147667,0.8137255320754355,toward_class_0,23
B,2025,numeric__Daily_Range,-0.19564594827195952,0.19564594827195952,0.8223033210571218,toward_class_0,24
B,2025,binary__Has_Event_Buyback,0.1839800187435271,0.1839800187435271,1.201991805549807,toward_class_1,25
B,2025,numeric__Stock_vs_QQQ_1D,-0.17822322091113157,0.17822322091113157,0.8367556212882866,toward_class_0,26
B,2025,categorical__Ticker_MSFT,0.15235745568661171,0.15235745568661171,1.1645764465126505,toward_class_1,27
B,2025,binary__Has_Item_2_02,0.1416354122777779,0.1416354122777779,1.1521565098353885,toward_class_1,28
B,2025,binary__Has_Item_5_07,-0.1370668142582222,0.1370668142582222,0.871911968034516,toward_class_0,29
B,2025,binary__Has_Item_5_02,0.1169996145872436,0.1169996145872436,1.1241189964406524,toward_class_1,30
B,2025,categorical__Ticker_QCOM,-0.0995092974086289,0.0995092974086289,0.9052815330570437,toward_class_0,31
B,2025,numeric__Volatility_14D,0.09946738603218064,0.09946738603218064,1.1045824453361646,toward_class_1,32
B,2025,numeric__Relative_Volume_20D,-0.07184224259194183,0.07184224259194183,0.9306777055333031,toward_class_0,33
B,2025,numeric__QQQ_Volatility_14D,0.05305646509788351,0.05305646509788351,1.0544891852734333,toward_class_1,34
B,2025,numeric__Stock_vs_QQQ_3D,-0.021036119161272574,0.021036119161272574,0.9791835966404909,toward_class_0,35
B,2025,numeric__QQQ_Log_Return_5D,0.02040257442547978,0.02040257442547978,1.0206121296762465,toward_class_1,36
B,2025,numeric__Price_to_SMA20,0.01866805435609679,0.01866805435609679,1.018843391853339,toward_class_1,37
B,2025,numeric__QQQ_Log_Return_3D,-0.01770423045945159,0.01770423045945159,0.9824515686393591,toward_class_0,38
B,2025,binary__Has_Item_8_01,0.004193367493602858,0.004193367493602858,1.0042021719615593,toward_class_1,39
C,2025,categorical__Ticker_INTC,-1.020158053101455,1.020158053101455,0.36053795152814966,toward_class_0,1
C,2025,binary__Has_Item_1_01,0.7197553957204131,0.7197553957204131,2.053930748943085,toward_class_1,2
C,2025,categorical__Ticker_AMD,-0.713431465393828,0.713431465393828,0.489960028647386,toward_class_0,3
C,2025,categorical__Ticker_AMZN,-0.6142729633919265,0.6142729633919265,0.5410341039532472,toward_class_0,4
C,2025,categorical__Ticker_META,-0.5880628460717211,0.5880628460717211,0.5554021427582814,toward_class_0,5
C,2025,categorical__Ticker_GOOGL,-0.53963427079643,0.53963427079643,0.5829614194065407,toward_class_0,6
C,2025,categorical__Ticker_NFLX,-0.5008965055140314,0.5008965055140314,0.6059871453000087,toward_class_0,7
C,2025,binary__Has_Item_5_03,0.45757376423647533,0.45757376423647533,1.5802353066923795,toward_class_1,8
C,2025,binary__Has_Item_7_01,0.45675696870683824,0.45675696870683824,1.5789451045455019,toward_class_1,9
C,2025,binary__Has_EX99,-0.449077482389155,0.449077482389155,0.6382166462273977,toward_class_0,10
C,2025,categorical__Ticker_AVGO,-0.4166878785626488,0.4166878785626488,0.6592266466050786,toward_class_0,11
C,2025,numeric__QQQ_Log_Return_1D,-0.4091893093508499,0.4091893093508499,0.6641884833292412,toward_class_0,12
C,2025,binary__Has_Sentiment_History,-0.36799710034197886,0.36799710034197886,0.6921191885947775,toward_class_0,13
C,2025,binary__Has_Event_Guidance,0.3469636091102898,0.3469636091102898,1.4147652398678228,toward_class_1,14
C,2025,binary__Has_Event_Earnings,-0.3248479577071093,0.3248479577071093,0.7226372167093009,toward_class_0,15
C,2025,numeric__Intraday_Return,0.3137411254285809,0.3137411254285809,1.3685354116683364,toward_class_1,16
C,2025,categorical__Ticker_NVDA,-0.30262635958565853,0.30262635958565853,0.7388751184061653,toward_class_0,17
C,2025,categorical__Ticker_TSLA,-0.2990807764928634,0.2990807764928634,0.7414995112858802,toward_class_0,18
C,2025,binary__Has_Item_1_02,-0.29073510226509086,0.29073510226509086,0.7477137194572133,toward_class_0,19
C,2025,binary__Has_Item_2_03,-0.2850540385478291,0.2850540385478291,0.7519736176591153,toward_class_0,20
C,2025,numeric__Stock_vs_QQQ_5D,-0.24872751180411481,0.24872751180411481,0.7797924286696603,toward_class_0,21
C,2025,binary__Has_Item_2_01,-0.2482655431735944,0.2482655431735944,0.7801527515325446,toward_class_0,22
C,2025,categorical__Ticker_ADBE,-0.23729499282861724,0.23729499282861724,0.7887585755717419,toward_class_0,23
C,2025,numeric__RSI_14,0.2027503795723038,0.2027503795723038,1.2247667032981928,toward_class_1,24
C,2025,binary__Has_Event_Buyback,0.2024241020724542,0.2024241020724542,1.2243671546657506,toward_class_1,25
C,2025,numeric__Daily_Range,-0.19397210945265908,0.19397210945265908,0.8236808768587062,toward_class_0,26
C,2025,numeric__Stock_vs_QQQ_1D,-0.18128810363960207,0.18128810363960207,0.8341949894592252,toward_class_0,27
C,2025,categorical__Ticker_MSFT,0.1521049805811091,0.1521049805811091,1.1642824570655215,toward_class_1,28
C,2025,binary__Has_Item_5_07,-0.14576953164112005,0.14576953164112005,0.8643568871442276,toward_class_0,29
C,2025,sentiment__Mean_Net_Sentiment,0.14558856511694165,0.14558856511694165,1.1567201751033707,toward_class_1,30
C,2025,binary__Has_Item_5_02,0.11835017743974445,0.11835017743974445,1.1256382154685038,toward_class_1,31
C,2025,numeric__Volatility_14D,0.10669254962575352,0.10669254962575352,1.1125921350213468,toward_class_1,32
C,2025,numeric__Relative_Volume_20D,-0.08202188444420194,0.08202188444420194,0.921251797392184,toward_class_0,33
C,2025,numeric__QQQ_Volatility_14D,0.05470997187777477,0.05470997187777477,1.0562342326168195,toward_class_1,34
C,2025,categorical__Ticker_QCOM,-0.0489223721081829,0.0489223721081829,0.9522550483812701,toward_class_0,35
C,2025,binary__Has_Item_2_02,0.035617696258823946,0.035617696258823946,1.036259604829659,toward_class_1,36
C,2025,numeric__Stock_vs_QQQ_3D,-0.032712298077540454,0.032712298077540454,0.9678169623392624,toward_class_0,37
C,2025,sentiment__Sentiment_Momentum_3,-0.02591506699937628,0.02591506699937628,0.9744178463258611,toward_class_0,38
C,2025,numeric__QQQ_Log_Return_5D,0.02321008417086804,0.02321008417086804,1.0234815342324546,toward_class_1,39
C,2025,binary__Has_Item_8_01,0.023079296966737408,0.023079296966737408,1.0233476846972072,toward_class_1,40
C,2025,numeric__Price_to_SMA20,0.01876930929741668,0.01876930929741668,1.0189465600042498,toward_class_1,41
C,2025,numeric__QQQ_Log_Return_3D,-0.01110792442814514,0.01110792442814514,0.9889535407703035,toward_class_0,42
A,2026,categorical__Ticker_INTC,-0.7176281324203408,0.7176281324203408,0.4879081381130189,toward_class_0,1
A,2026,categorical__Ticker_GOOGL,-0.6016834928965933,0.6016834928965933,0.5478884928736485,toward_class_0,2
A,2026,categorical__Ticker_AMZN,-0.45001063744536446,0.45001063744536446,0.637621368923223,toward_class_0,3
A,2026,categorical__Ticker_AMD,-0.4063685774462462,0.4063685774462462,0.6660646257783053,toward_class_0,4
A,2026,categorical__Ticker_TSLA,-0.4053492017123703,0.4053492017123703,0.6667439420754666,toward_class_0,5
A,2026,categorical__Ticker_AVGO,-0.36917693298686916,0.36917693298686916,0.6913030853092357,toward_class_0,6
A,2026,categorical__Ticker_META,-0.33213048481303903,0.33213048481303903,0.7173937077630694,toward_class_0,7
A,2026,numeric__QQQ_Log_Return_1D,-0.31884633856878275,0.31884633856878275,0.726987250625434,toward_class_0,8
A,2026,categorical__Ticker_NFLX,-0.26106835231001835,0.26106835231001835,0.7702282709342104,toward_class_0,9
A,2026,categorical__Ticker_NVDA,-0.24997624559019477,0.24997624559019477,0.7788192832440921,toward_class_0,10
A,2026,numeric__Intraday_Return,0.20611618142500596,0.20611618142500596,1.2288959705867852,toward_class_1,11
A,2026,numeric__Stock_vs_QQQ_5D,-0.2028490317717601,0.2028490317717601,0.8164014828080012,toward_class_0,12
A,2026,numeric__Relative_Volume_20D,-0.18550729248915113,0.18550729248915113,0.8306827778136893,toward_class_0,13
A,2026,numeric__Stock_vs_QQQ_1D,-0.15924044578150937,0.15924044578150937,0.8527912842486383,toward_class_0,14
A,2026,numeric__Daily_Range,-0.15387899489397439,0.15387899489397439,0.8573757615796954,toward_class_0,15
A,2026,numeric__Volatility_14D,0.15252843616622638,0.15252843616622638,1.1647755833757962,toward_class_1,16
A,2026,categorical__Ticker_ADBE,-0.1346278683706283,0.1346278683706283,0.8740411095183053,toward_class_0,17
A,2026,numeric__QQQ_Log_Return_5D,0.13450094699951715,0.13450094699951715,1.143965742336888,toward_class_1,18
A,2026,categorical__Ticker_MSFT,0.13187229416550728,0.13187229416550728,1.1409626023817228,toward_class_1,19
A,2026,numeric__RSI_14,0.10209420144178284,0.10209420144178284,1.1074877937611425,toward_class_1,20
A,2026,numeric__QQQ_Log_Return_3D,-0.09512037823321537,0.09512037823321537,0.9092634723496067,toward_class_0,21
A,2026,numeric__QQQ_Volatility_14D,0.06643881243974296,0.06643881243974296,1.0686955711999193,toward_class_1,22
A,2026,categorical__Ticker_QCOM,-0.04774056340844111,0.04774056340844111,0.9533810969377502,toward_class_0,23
A,2026,numeric__Price_to_SMA20,0.007848434731718904,0.007848434731718904,1.007879314428485,toward_class_1,24
A,2026,numeric__Stock_vs_QQQ_3D,0.00746322430458625,0.00746322430458625,1.0074911435758058,toward_class_1,25
B,2026,categorical__Ticker_INTC,-0.9645664553205457,0.9645664553205457,0.3811484087887101,toward_class_0,1
B,2026,binary__Has_Item_1_01,0.6464379242213008,0.6464379242213008,1.9087296655658144,toward_class_1,2
B,2026,categorical__Ticker_AMD,-0.644529385936223,0.644529385936223,0.5249095137872601,toward_class_0,3
B,2026,categorical__Ticker_AMZN,-0.617675538917118,0.617675538917118,0.5391963229203022,toward_class_0,4
B,2026,categorical__Ticker_GOOGL,-0.6073784153616174,0.6073784153616174,0.5447771781442072,toward_class_0,5
B,2026,binary__Has_Item_7_01,0.5157646291151059,0.5157646291151059,1.6749187039016937,toward_class_1,6
B,2026,categorical__Ticker_NFLX,-0.4838196956205325,0.4838196956205325,0.6164243359003894,toward_class_0,7
B,2026,categorical__Ticker_AVGO,-0.46139941508374094,0.46139941508374094,0.6304008355041734,toward_class_0,8
B,2026,binary__Has_Event_Guidance,0.43808998831869933,0.43808998831869933,1.5497443600342349,toward_class_1,9
B,2026,binary__Has_Item_5_03,0.42841045019563856,0.42841045019563856,1.5348159171940177,toward_class_1,10
B,2026,binary__Has_EX99,-0.42192414416007157,0.42192414416007157,0.6557837825363997,toward_class_0,11
B,2026,categorical__Ticker_META,-0.4010522602167507,0.4010522602167507,0.6696150658950325,toward_class_0,12
B,2026,binary__Has_Event_Earnings,-0.37227609769531916,0.37227609769531916,0.6891639396789004,toward_class_0,13
B,2026,numeric__QQQ_Log_Return_1D,-0.3456833677451381,0.3456833677451381,0.7077365438505613,toward_class_0,14
B,2026,categorical__Ticker_NVDA,-0.3046939417192807,0.3046939417192807,0.7373490116315836,toward_class_0,15
B,2026,binary__Has_Item_1_02,-0.29971057657252914,0.29971057657252914,0.7410326618609341,toward_class_0,16
B,2026,binary__Has_Item_2_01,0.2813672691790143,0.2813672691790143,1.3249401242595085,toward_class_1,17
B,2026,binary__Has_Item_2_03,-0.23850944691614573,0.23850944691614573,0.7878012459296778,toward_class_0,18
B,2026,numeric__Daily_Range,-0.23047834929279917,0.23047834929279917,0.794153628803792,toward_class_0,19
B,2026,numeric__Stock_vs_QQQ_5D,-0.22877109056336367,0.22877109056336367,0.7955106125506503,toward_class_0,20
B,2026,numeric__Intraday_Return,0.22645822782301422,0.22645822782301422,1.2541502201547328,toward_class_1,21
B,2026,numeric__Stock_vs_QQQ_1D,-0.1699257214019093,0.1699257214019093,0.8437274851636567,toward_class_0,22
B,2026,binary__Has_Item_5_07,-0.16416703580679717,0.16416703580679717,0.8486002634115191,toward_class_0,23
B,2026,categorical__Ticker_TSLA,-0.1611747096175787,0.1611747096175787,0.8511433551863893,toward_class_0,24
B,2026,categorical__Ticker_ADBE,-0.14901140344068944,0.14901140344068944,0.8615592901026751,toward_class_0,25
B,2026,categorical__Ticker_QCOM,-0.14881477478812893,0.14881477478812893,0.8617287140012395,toward_class_0,26
B,2026,binary__Has_Event_Buyback,0.1279370867809214,0.1279370867809214,1.13648150073824,toward_class_1,27
B,2026,numeric__Volatility_14D,0.12318673483958417,0.12318673483958417,1.131095616186564,toward_class_1,28
B,2026,numeric__QQQ_Volatility_14D,0.11802360255547456,0.11802360255547456,1.1252706703173316,toward_class_1,29
B,2026,numeric__RSI_14,0.11759846566641262,0.11759846566641262,1.1247923779222746,toward_class_1,30
B,2026,numeric__QQQ_Log_Return_5D,0.11638322573397057,0.11638322573397057,1.123426315523823,toward_class_1,31
B,2026,binary__Has_Item_5_02,0.10738731676535647,0.10738731676535647,1.1133653960636172,toward_class_1,32
B,2026,numeric__QQQ_Log_Return_3D,-0.07127399796354593,0.07127399796354593,0.9312067084275321,toward_class_0,33
B,2026,binary__Has_Item_8_01,0.064094696843314,0.064094696843314,1.0661933591265875,toward_class_1,34
B,2026,binary__Has_Item_2_02,-0.05705717941635568,0.05705717941635568,0.9445400595730828,toward_class_0,35
B,2026,categorical__Ticker_MSFT,0.04207887655258114,0.04207887655258114,1.042976741916228,toward_class_1,36
B,2026,numeric__Relative_Volume_20D,-0.021739131607952343,0.021739131607952343,0.9784954602970165,toward_class_0,37
B,2026,numeric__Price_to_SMA20,-0.007104739348893238,0.007104739348893238,0.9929204396463606,toward_class_0,38
B,2026,numeric__Stock_vs_QQQ_3D,0.0035423320592179518,0.0035423320592179518,1.003548613532258,toward_class_1,39
C,2026,categorical__Ticker_INTC,-0.953418753019207,0.953418753019207,0.3854211089293813,toward_class_0,1
C,2026,binary__Has_Item_1_01,0.635159193302439,0.635159193302439,1.8873225666574174,toward_class_1,2
C,2026,categorical__Ticker_AMD,-0.6252589585424501,0.6252589585424501,0.5351228359452712,toward_class_0,3
C,2026,categorical__Ticker_AMZN,-0.6027721704276412,0.6027721704276412,0.5472923435480058,toward_class_0,4
C,2026,categorical__Ticker_GOOGL,-0.525682375231629,0.525682375231629,0.5911518393314367,toward_class_0,5
C,2026,binary__Has_Item_7_01,0.49153901492240426,0.49153901492240426,1.6348303130931674,toward_class_1,6
C,2026,binary__Has_EX99,-0.48490859367137334,0.48490859367137334,0.6157534779567765,toward_class_0,7
C,2026,binary__Has_Sentiment_History,-0.4684802676953203,0.4684802676953203,0.6259528265343998,toward_class_0,8
C,2026,binary__Has_Event_Guidance,0.461403172866021,0.461403172866021,1.5862982747945933,toward_class_1,9
C,2026,categorical__Ticker_NFLX,-0.4448918781186437,0.4448918781186437,0.6408935669045244,toward_class_0,10
C,2026,binary__Has_Item_5_03,0.417552535823851,0.417552535823851,1.5182411638536846,toward_class_1,11
C,2026,binary__Has_Event_Earnings,-0.3823873374282512,0.3823873374282512,0.6822307485175408,toward_class_0,12
C,2026,categorical__Ticker_AVGO,-0.3738799216039522,0.3738799216039522,0.6880595279531763,toward_class_0,13
C,2026,categorical__Ticker_META,-0.3714284937959686,0.3714284937959686,0.6897483253502641,toward_class_0,14
C,2026,numeric__QQQ_Log_Return_1D,-0.3558041441613703,0.3558041441613703,0.7006098253234959,toward_class_0,15
C,2026,binary__Has_Item_1_02,-0.295995309026111,0.295995309026111,0.7437909171157671,toward_class_0,16
C,2026,categorical__Ticker_NVDA,-0.2773908145582723,0.2773908145582723,0.757758296260646,toward_class_0,17
C,2026,binary__Has_Item_2_01,0.2559625438892318,0.2559625438892318,1.2917043448125687,toward_class_1,18
C,2026,numeric__Intraday_Return,0.24009787338367586,0.24009787338367586,1.2713735778662147,toward_class_1,19
C,2026,numeric__Daily_Range,-0.22767570916167015,0.22767570916167015,0.79638247750564,toward_class_0,20
C,2026,numeric__Stock_vs_QQQ_5D,-0.2219534797265578,0.2219534797265578,0.8009526240030703,toward_class_0,21
C,2026,binary__Has_Item_2_03,-0.2216945189571277,0.2216945189571277,0.8011600661693915,toward_class_0,22
C,2026,numeric__Stock_vs_QQQ_1D,-0.17628002240866206,0.17628002240866206,0.8383831843854509,toward_class_0,23
C,2026,binary__Has_Item_5_07,-0.17150216353916725,0.17150216353916725,0.8423984454560215,toward_class_0,24
C,2026,sentiment__Mean_Net_Sentiment,0.16147183525222283,0.16147183525222283,1.1752393573721616,toward_class_1,25
C,2026,binary__Has_Event_Buyback,0.1431590382831306,0.1431590382831306,1.1539133034643827,toward_class_1,26
C,2026,binary__Has_Item_2_02,-0.1402515805318743,0.1402515805318743,0.8691395493012907,toward_class_0,27
C,2026,categorical__Ticker_ADBE,-0.1374022746728494,0.1374022746728494,0.8716195251384509,toward_class_0,28
C,2026,numeric__Volatility_14D,0.13256946083695845,0.13256946083695845,1.1417583208234348,toward_class_1,29
C,2026,numeric__QQQ_Log_Return_5D,0.11941274709556825,0.11941274709556825,1.126834920158146,toward_class_1,30
C,2026,numeric__QQQ_Volatility_14D,0.1170676959168166,0.1170676959168166,1.1241955305617712,toward_class_1,31
C,2026,numeric__RSI_14,0.11062957189750898,0.11062957189750898,1.1169810690326907,toward_class_1,32
C,2026,binary__Has_Item_5_02,0.10155555179623062,0.10155555179623062,1.1068914064898956,toward_class_1,33
C,2026,categorical__Ticker_QCOM,-0.08498039581934966,0.08498039581934966,0.9185302912587145,toward_class_0,34
C,2026,categorical__Ticker_TSLA,-0.08107434969937019,0.08107434969937019,0.9221251291697119,toward_class_0,35
C,2026,sentiment__Sentiment_Momentum_3,-0.07550851666035717,0.07550851666035717,0.9272718332411071,toward_class_0,36
C,2026,binary__Has_Item_8_01,0.06845836394254218,0.06845836394254218,1.0708560377992504,toward_class_1,37
C,2026,numeric__QQQ_Log_Return_3D,-0.06784359858897182,0.06784359858897182,0.9344066046608048,toward_class_0,38
C,2026,categorical__Ticker_MSFT,0.04607494426836002,0.04607494426836002,1.04715288612318,toward_class_1,39
C,2026,numeric__Relative_Volume_20D,-0.031101719283298114,0.031101719283298114,0.9693769637308786,toward_class_0,40
C,2026,numeric__Price_to_SMA20,-0.007031980824084126,0.007031980824084126,0.9929926857010284,toward_class_0,41
C,2026,numeric__Stock_vs_QQQ_3D,-0.0033690232584428163,0.0033690232584428163,0.9966366455325321,toward_class_0,42
