Sequence_Step,Feature,Mean_Abs_IG,Mean_IG,Positive_Share,Negative_Share
1,Log_Return_1D_Z60,0.0032659529242664576,0.0001571905886521563,0.5046728971962616,0.4953271028037383
1,Log_Return_5D_Z60,0.0006744035053998232,-1.3265854477140238e-06,0.4392523364485981,0.5607476635514018
1,Volatility_14D_Z60,0.0011000708909705281,-0.00022400634770747274,0.5327102803738317,0.4672897196261682
1,Relative_Volume_20D_Z60,0.0006714175106026232,-4.0742525015957654e-05,0.45794392523364486,0.5420560747663551
1,RSI_14_Scaled,0.00645392807200551,-0.0003775582881644368,0.4205607476635514,0.5794392523364486
1,Price_to_SMA20_Z60,0.0036499775014817715,4.792329127667472e-05,0.5607476635514018,0.4392523364485981
1,Intraday_Return_Z60,0.0021573584526777267,0.000359431782271713,0.5327102803738317,0.4672897196261682
1,Daily_Range_Z60,0.002068128203973174,-0.00030266455723904073,0.5327102803738317,0.4672897196261682
1,QQQ_Log_Return_1D,0.0008842640090733767,-0.0003179120540153235,0.3925233644859813,0.6074766355140186
1,QQQ_Log_Return_5D,0.000844975293148309,-0.00015086492931004614,0.5046728971962616,0.4953271028037383
1,QQQ_Volatility_14D,0.001514785923063755,-0.0010410248069092631,0.18691588785046728,0.8130841121495327
2,Log_Return_1D_Z60,0.0031420656014233828,0.0005525924498215318,0.5046728971962616,0.4953271028037383
2,Log_Return_5D_Z60,0.0005307826795615256,-5.7430715969530866e-05,0.3925233644859813,0.6074766355140186
2,Volatility_14D_Z60,0.0011599778663367033,-0.00021552832913585007,0.5607476635514018,0.4392523364485981
2,Relative_Volume_20D_Z60,0.0008808616548776627,0.00013145661796443164,0.42990654205607476,0.5700934579439252
2,RSI_14_Scaled,0.006802313029766083,-0.0006159153999760747,0.4205607476635514,0.5794392523364486
2,Price_to_SMA20_Z60,0.00366030796431005,0.0003353040083311498,0.5794392523364486,0.4205607476635514
2,Intraday_Return_Z60,0.002365048276260495,-6.606421811738983e-05,0.4953271028037383,0.5046728971962616
2,Daily_Range_Z60,0.001873874687589705,-0.00024780837702564895,0.5514018691588785,0.4485981308411215
2,QQQ_Log_Return_1D,0.000965339713729918,1.566449282108806e-05,0.48598130841121495,0.514018691588785
2,QQQ_Log_Return_5D,0.0008081491105258465,-0.00017960788682103157,0.5046728971962616,0.4953271028037383
2,QQQ_Volatility_14D,0.001506970264017582,-0.0009943860350176692,0.205607476635514,0.794392523364486
3,Log_Return_1D_Z60,0.0026855941396206617,0.00048813092871569097,0.5327102803738317,0.4672897196261682
3,Log_Return_5D_Z60,0.0005853359471075237,-1.9880877516698092e-05,0.42990654205607476,0.5700934579439252
3,Volatility_14D_Z60,0.0011004991829395294,-0.00017698085866868496,0.5420560747663551,0.45794392523364486
3,Relative_Volume_20D_Z60,0.0010618118103593588,-2.3463997422368266e-05,0.45794392523364486,0.5420560747663551
3,RSI_14_Scaled,0.006844779476523399,-0.000660090649034828,0.3925233644859813,0.6074766355140186
3,Price_to_SMA20_Z60,0.003507699817419052,0.0005147774354554713,0.5700934579439252,0.42990654205607476
3,Intraday_Return_Z60,0.0021576376166194677,-0.00030087909544818103,0.42990654205607476,0.5700934579439252
3,Daily_Range_Z60,0.0020190624054521322,4.7630510380258784e-05,0.6074766355140186,0.3925233644859813
3,QQQ_Log_Return_1D,0.0009820068953558803,5.945998509560013e-06,0.5700934579439252,0.42990654205607476
3,QQQ_Log_Return_5D,0.0008596836123615503,-0.00035433837911114097,0.40186915887850466,0.5981308411214953
3,QQQ_Volatility_14D,0.0015142522752285004,-0.0009083846234716475,0.22429906542056074,0.7757009345794392
4,Log_Return_1D_Z60,0.003410371718928218,0.0014924922725185752,0.5327102803738317,0.4672897196261682
4,Log_Return_5D_Z60,0.0006324797868728638,-7.874107541283593e-05,0.4672897196261682,0.5327102803738317
4,Volatility_14D_Z60,0.0011260353494435549,-0.00015971038374118507,0.5420560747663551,0.45794392523364486
4,Relative_Volume_20D_Z60,0.0011241596657782793,0.00030070575303398073,0.5046728971962616,0.4953271028037383
4,RSI_14_Scaled,0.0071875546127557755,-0.0012781884288415313,0.38317757009345793,0.616822429906542
4,Price_to_SMA20_Z60,0.003650668542832136,0.0010870681144297123,0.5887850467289719,0.411214953271028
4,Intraday_Return_Z60,0.0021036711987107992,-0.0004858482861891389,0.48598130841121495,0.514018691588785
4,Daily_Range_Z60,0.0019617772195488214,0.00010210834443569183,0.6074766355140186,0.3925233644859813
4,QQQ_Log_Return_1D,0.000958229589741677,-8.99258884601295e-05,0.5046728971962616,0.4953271028037383
4,QQQ_Log_Return_5D,0.0008943143766373396,-0.0004657728422898799,0.3925233644859813,0.6074766355140186
4,QQQ_Volatility_14D,0.0015370809705927968,-0.0009005768224596977,0.21495327102803738,0.7850467289719626
5,Log_Return_1D_Z60,0.0031073393765836954,0.0006180656491778791,0.5046728971962616,0.4953271028037383
5,Log_Return_5D_Z60,0.0007264844607561827,-0.0001490362046752125,0.5327102803738317,0.4672897196261682
5,Volatility_14D_Z60,0.0012207579566165805,-0.00033707974944263697,0.4953271028037383,0.5046728971962616
5,Relative_Volume_20D_Z60,0.0010430184192955494,-0.000143332828884013,0.4392523364485981,0.5607476635514018
5,RSI_14_Scaled,0.007673207204788923,-0.0016049593687057495,0.3644859813084112,0.6355140186915887
5,Price_to_SMA20_Z60,0.003987307194620371,0.0011651049135252833,0.6074766355140186,0.3925233644859813
5,Intraday_Return_Z60,0.0022170681040734053,-0.00012295469059608877,0.5046728971962616,0.4953271028037383
5,Daily_Range_Z60,0.002025556517764926,2.2912450731382705e-05,0.6074766355140186,0.3925233644859813
5,QQQ_Log_Return_1D,0.0010012482525780797,3.2485861538589234e-06,0.48598130841121495,0.514018691588785
5,QQQ_Log_Return_5D,0.000917804311029613,-0.0005237349541857839,0.3644859813084112,0.6355140186915887
5,QQQ_Volatility_14D,0.0015868432819843292,-0.0008996657561510801,0.205607476635514,0.794392523364486
6,Log_Return_1D_Z60,0.0031805478502064943,0.0008178380667231977,0.45794392523364486,0.5420560747663551
6,Log_Return_5D_Z60,0.0007710049394518137,-0.00018105897470377386,0.4672897196261682,0.5327102803738317
6,Volatility_14D_Z60,0.001218220335431397,-0.00041339287417940795,0.514018691588785,0.48598130841121495
6,Relative_Volume_20D_Z60,0.001116282306611538,0.0001507409760961309,0.4953271028037383,0.5046728971962616
6,RSI_14_Scaled,0.008010998368263245,-0.0014040663372725248,0.35514018691588783,0.6448598130841121
6,Price_to_SMA20_Z60,0.004189958330243826,0.0013010429684072733,0.5981308411214953,0.40186915887850466
6,Intraday_Return_Z60,0.002258127788081765,-1.9713335859705694e-05,0.4766355140186916,0.5233644859813084
6,Daily_Range_Z60,0.002012966899201274,-0.0002578026906121522,0.6448598130841121,0.35514018691588783
6,QQQ_Log_Return_1D,0.0009055215050466359,1.1626410923781805e-05,0.4392523364485981,0.5607476635514018
6,QQQ_Log_Return_5D,0.0008968280162662268,-0.0004592713958118111,0.34579439252336447,0.6542056074766355
6,QQQ_Volatility_14D,0.00158005952835083,-0.0008941121050156653,0.205607476635514,0.794392523364486
7,Log_Return_1D_Z60,0.003452445613220334,6.70973167871125e-05,0.5046728971962616,0.4953271028037383
7,Log_Return_5D_Z60,0.0006611067219637334,-0.00017087187734432518,0.4672897196261682,0.5327102803738317
7,Volatility_14D_Z60,0.0012621610658243299,-0.0004063775995746255,0.5420560747663551,0.45794392523364486
7,Relative_Volume_20D_Z60,0.0015367494197562337,0.0005927413003519177,0.4672897196261682,0.5327102803738317
7,RSI_14_Scaled,0.007895538583397865,-0.0015975118149071932,0.37383177570093457,0.6261682242990654
7,Price_to_SMA20_Z60,0.003870024112984538,0.0012629275443032384,0.5794392523364486,0.4205607476635514
7,Intraday_Return_Z60,0.002611993346363306,-1.1332370377203915e-05,0.5046728971962616,0.4953271028037383
7,Daily_Range_Z60,0.0021790149621665478,-0.00016364587645512074,0.5327102803738317,0.4672897196261682
7,QQQ_Log_Return_1D,0.001017106929793954,-0.0001915954053401947,0.514018691588785,0.48598130841121495
7,QQQ_Log_Return_5D,0.0010046869283542037,-0.0005238846060819924,0.29906542056074764,0.7009345794392523
7,QQQ_Volatility_14D,0.001517369644716382,-0.0008922627894207835,0.21495327102803738,0.7850467289719626
8,Log_Return_1D_Z60,0.0030066650360822678,0.0003732152981683612,0.4672897196261682,0.5327102803738317
8,Log_Return_5D_Z60,0.000604559201747179,-0.00021205574739724398,0.42990654205607476,0.5700934579439252
8,Volatility_14D_Z60,0.001189836417324841,-0.0003392595681361854,0.5514018691588785,0.4485981308411215
8,Relative_Volume_20D_Z60,0.0011094898218289018,0.0002899521787185222,0.5420560747663551,0.45794392523364486
8,RSI_14_Scaled,0.008001275360584259,-0.001761286985129118,0.38317757009345793,0.616822429906542
8,Price_to_SMA20_Z60,0.003812230657786131,0.0012654569000005722,0.5794392523364486,0.4205607476635514
8,Intraday_Return_Z60,0.0023608957417309284,-0.0003833092632703483,0.4672897196261682,0.5327102803738317
8,Daily_Range_Z60,0.0019447498489171267,-0.00030157662695273757,0.5981308411214953,0.40186915887850466
8,QQQ_Log_Return_1D,0.0010273308726027608,-1.043088013830129e-05,0.48598130841121495,0.514018691588785
8,QQQ_Log_Return_5D,0.0010274079395458102,-0.00038460109499283135,0.34579439252336447,0.6542056074766355
8,QQQ_Volatility_14D,0.0015081471065059304,-0.0008967681205831468,0.22429906542056074,0.7757009345794392
9,Log_Return_1D_Z60,0.0032913656905293465,5.284215512801893e-05,0.48598130841121495,0.514018691588785
9,Log_Return_5D_Z60,0.0005435327184386551,-6.714505434501916e-05,0.4766355140186916,0.5233644859813084
9,Volatility_14D_Z60,0.0011761423666030169,-0.00023739920288790017,0.5420560747663551,0.45794392523364486
9,Relative_Volume_20D_Z60,0.0010749405482783914,0.0002202233881689608,0.5233644859813084,0.4766355140186916
9,RSI_14_Scaled,0.007781150750815868,-0.0013084554811939597,0.42990654205607476,0.5700934579439252
9,Price_to_SMA20_Z60,0.00367272412404418,0.0011324345832690597,0.5514018691588785,0.4485981308411215
9,Intraday_Return_Z60,0.002299983287230134,0.0003506136126816273,0.5607476635514018,0.4392523364485981
9,Daily_Range_Z60,0.0019554488826543093,-9.677475463831797e-05,0.5981308411214953,0.40186915887850466
9,QQQ_Log_Return_1D,0.0009264136315323412,5.730456905439496e-05,0.5233644859813084,0.4766355140186916
9,QQQ_Log_Return_5D,0.0009309123852290213,-0.0003104881616309285,0.40186915887850466,0.5981308411214953
9,QQQ_Volatility_14D,0.0014991986099630594,-0.0008711324189789593,0.22429906542056074,0.7757009345794392
10,Log_Return_1D_Z60,0.0037057127337902784,0.00033827705192379653,0.5420560747663551,0.45794392523364486
10,Log_Return_5D_Z60,0.0006450085784308612,-1.1539892739165225e-06,0.4953271028037383,0.5046728971962616
10,Volatility_14D_Z60,0.0013176541542634368,-0.00021429677144624293,0.5607476635514018,0.4392523364485981
10,Relative_Volume_20D_Z60,0.001229525776579976,0.00045417193905450404,0.5327102803738317,0.4672897196261682
10,RSI_14_Scaled,0.0074844080954790115,-0.001020592637360096,0.38317757009345793,0.616822429906542
10,Price_to_SMA20_Z60,0.003663663286715746,0.001054998952895403,0.5607476635514018,0.4392523364485981
10,Intraday_Return_Z60,0.0025711730122566223,0.00020003959070891142,0.4672897196261682,0.5327102803738317
10,Daily_Range_Z60,0.002249079756438732,-0.00044987956061959267,0.6074766355140186,0.3925233644859813
10,QQQ_Log_Return_1D,0.0010212300112470984,-4.919278944726102e-05,0.48598130841121495,0.514018691588785
10,QQQ_Log_Return_5D,0.000841549423057586,-0.00019477716705296189,0.4205607476635514,0.5794392523364486
10,QQQ_Volatility_14D,0.0014565184246748686,-0.0007852358394302428,0.2616822429906542,0.7383177570093458
11,Log_Return_1D_Z60,0.003318331204354763,0.00018658506451174617,0.5233644859813084,0.4766355140186916
11,Log_Return_5D_Z60,0.0006931014941073954,2.154148751287721e-05,0.4672897196261682,0.5327102803738317
11,Volatility_14D_Z60,0.0014390482101589441,-0.0002755337627604604,0.5514018691588785,0.4485981308411215
11,Relative_Volume_20D_Z60,0.0009721695678308606,0.0001236198440892622,0.5233644859813084,0.4766355140186916
11,RSI_14_Scaled,0.0071348752826452255,-0.0008602695306763053,0.411214953271028,0.5887850467289719
11,Price_to_SMA20_Z60,0.0035284266341477633,0.0009490965749137104,0.5420560747663551,0.45794392523364486
11,Intraday_Return_Z60,0.0024944571778178215,0.0003633821615949273,0.48598130841121495,0.514018691588785
11,Daily_Range_Z60,0.0019827077630907297,-0.0003195623285137117,0.5794392523364486,0.4205607476635514
11,QQQ_Log_Return_1D,0.0008445506682619452,-6.249202851904556e-05,0.48598130841121495,0.514018691588785
11,QQQ_Log_Return_5D,0.0007733873790130019,-0.00018216847092844546,0.4205607476635514,0.5794392523364486
11,QQQ_Volatility_14D,0.0014141079736873507,-0.0007792633259668946,0.2616822429906542,0.7383177570093458
12,Log_Return_1D_Z60,0.003006177255883813,-0.00011382290540495887,0.5046728971962616,0.4953271028037383
12,Log_Return_5D_Z60,0.0006683607934974134,5.277524905977771e-05,0.45794392523364486,0.5420560747663551
12,Volatility_14D_Z60,0.0014370041899383068,-0.0003109769313596189,0.5327102803738317,0.4672897196261682
12,Relative_Volume_20D_Z60,0.0008479433599859476,-7.643578283023089e-05,0.40186915887850466,0.5981308411214953
12,RSI_14_Scaled,0.006735207978636026,-0.0009174601873382926,0.4205607476635514,0.5794392523364486
12,Price_to_SMA20_Z60,0.003575926646590233,0.0008183548343367875,0.5700934579439252,0.42990654205607476
12,Intraday_Return_Z60,0.0026639883872121572,0.000502444920130074,0.5700934579439252,0.42990654205607476
12,Daily_Range_Z60,0.002196237677708268,-0.0004583712143357843,0.5046728971962616,0.4953271028037383
12,QQQ_Log_Return_1D,0.0009511620155535638,-0.0001676921092439443,0.4953271028037383,0.5046728971962616
12,QQQ_Log_Return_5D,0.0008064423454925418,-7.377196016022936e-05,0.45794392523364486,0.5420560747663551
12,QQQ_Volatility_14D,0.0013848562957718968,-0.0007404137868434191,0.2803738317757009,0.719626168224299
13,Log_Return_1D_Z60,0.0031689282041043043,0.0004909054841846228,0.4953271028037383,0.5046728971962616
13,Log_Return_5D_Z60,0.0007159649394452572,9.702848183223978e-05,0.5327102803738317,0.4672897196261682
13,Volatility_14D_Z60,0.0013880979968234897,-0.00030174179119057953,0.45794392523364486,0.5420560747663551
13,Relative_Volume_20D_Z60,0.0009878062410280108,-8.041594810492825e-06,0.4392523364485981,0.5607476635514018
13,RSI_14_Scaled,0.006672882474958897,-0.0012207526015117764,0.4205607476635514,0.5794392523364486
13,Price_to_SMA20_Z60,0.0037224472034722567,0.0009255113545805216,0.5420560747663551,0.45794392523364486
13,Intraday_Return_Z60,0.0025926786474883556,-0.0006590317934751511,0.4766355140186916,0.5233644859813084
13,Daily_Range_Z60,0.00261636427603662,-0.0005364849930629134,0.5794392523364486,0.4205607476635514
13,QQQ_Log_Return_1D,0.001055240398272872,-0.00021691339497920126,0.4485981308411215,0.5514018691588785
13,QQQ_Log_Return_5D,0.00097813515458256,-0.00010949066199827939,0.42990654205607476,0.5700934579439252
13,QQQ_Volatility_14D,0.00129086768720299,-0.000734921486582607,0.29906542056074764,0.7009345794392523
14,Log_Return_1D_Z60,0.0031246584840118885,-0.00030636810697615147,0.3925233644859813,0.6074766355140186
14,Log_Return_5D_Z60,0.0007001449703238904,6.273319741012529e-05,0.4953271028037383,0.5046728971962616
14,Volatility_14D_Z60,0.0013279701815918088,-0.0002091899368679151,0.48598130841121495,0.514018691588785
14,Relative_Volume_20D_Z60,0.0008582707960158587,-0.0002028027520282194,0.40186915887850466,0.5981308411214953
14,RSI_14_Scaled,0.006439104676246643,-0.0009039569413289428,0.42990654205607476,0.5700934579439252
14,Price_to_SMA20_Z60,0.0036843062844127417,0.0007323051686398685,0.5327102803738317,0.4672897196261682
14,Intraday_Return_Z60,0.0022384615149348974,0.00025833945255726576,0.5420560747663551,0.45794392523364486
14,Daily_Range_Z60,0.002447320381179452,-0.00027636156301014125,0.5887850467289719,0.411214953271028
14,QQQ_Log_Return_1D,0.000930212321691215,4.34324647358153e-05,0.5046728971962616,0.4953271028037383
14,QQQ_Log_Return_5D,0.000977625255472958,-0.00012002890434814617,0.42990654205607476,0.5700934579439252
14,QQQ_Volatility_14D,0.0012875766260549426,-0.0007201199769042432,0.308411214953271,0.6915887850467289
15,Log_Return_1D_Z60,0.003428718773648143,0.0003767756570596248,0.5233644859813084,0.4766355140186916
15,Log_Return_5D_Z60,0.0006953715346753597,3.8264126487774774e-05,0.5420560747663551,0.45794392523364486
15,Volatility_14D_Z60,0.0013302084989845753,-0.00035684730391949415,0.4672897196261682,0.5327102803738317
15,Relative_Volume_20D_Z60,0.0009874532697722316,-0.00023206690093502402,0.4205607476635514,0.5794392523364486
15,RSI_14_Scaled,0.006060125771909952,-0.00090599968098104,0.3925233644859813,0.6074766355140186
15,Price_to_SMA20_Z60,0.003464819397777319,0.0006517733563669026,0.5327102803738317,0.4672897196261682
15,Intraday_Return_Z60,0.002609842922538519,-0.00037389626959338784,0.514018691588785,0.48598130841121495
15,Daily_Range_Z60,0.0019964813254773617,-2.184338700317312e-05,0.5607476635514018,0.4392523364485981
15,QQQ_Log_Return_1D,0.0009754392667673528,0.0001734186807880178,0.5607476635514018,0.4392523364485981
15,QQQ_Log_Return_5D,0.000907254230696708,-7.227983587654307e-05,0.4392523364485981,0.5607476635514018
15,QQQ_Volatility_14D,0.0012944574700668454,-0.0006624599918723106,0.3177570093457944,0.6822429906542056
16,Log_Return_1D_Z60,0.00320835062302649,0.0004705079481936991,0.5046728971962616,0.4953271028037383
16,Log_Return_5D_Z60,0.0007064622477628291,-5.157353371032514e-06,0.5046728971962616,0.4953271028037383
16,Volatility_14D_Z60,0.0012735556811094284,-0.00040970303234644234,0.45794392523364486,0.5420560747663551
16,Relative_Volume_20D_Z60,0.000849856820423156,-0.0002530741912778467,0.3364485981308411,0.6635514018691588
16,RSI_14_Scaled,0.006378160789608955,-0.0009425560128875077,0.4205607476635514,0.5794392523364486
16,Price_to_SMA20_Z60,0.003535555675625801,0.0006935772835277021,0.5046728971962616,0.4953271028037383
16,Intraday_Return_Z60,0.0025059187319129705,-3.054772241739556e-05,0.4766355140186916,0.5233644859813084
16,Daily_Range_Z60,0.0018500970909371972,8.001751848496497e-05,0.5607476635514018,0.4392523364485981
16,QQQ_Log_Return_1D,0.0008027163567021489,-0.00016370241064578295,0.5046728971962616,0.4953271028037383
16,QQQ_Log_Return_5D,0.0008686241926625371,2.7370913812774234e-05,0.4672897196261682,0.5327102803738317
16,QQQ_Volatility_14D,0.0012564113130792975,-0.0006678185309283435,0.3364485981308411,0.6635514018691588
17,Log_Return_1D_Z60,0.003215128555893898,-0.0003550534602254629,0.4672897196261682,0.5327102803738317
17,Log_Return_5D_Z60,0.0007807148504070938,0.00012665324902627617,0.5327102803738317,0.4672897196261682
17,Volatility_14D_Z60,0.001301111769862473,-0.0004267945187166333,0.4672897196261682,0.5327102803738317
17,Relative_Volume_20D_Z60,0.0011386132100597024,1.0742523045337293e-05,0.37383177570093457,0.6261682242990654
17,RSI_14_Scaled,0.006437957752496004,-0.00040554095176048577,0.4205607476635514,0.5794392523364486
17,Price_to_SMA20_Z60,0.003398347180336714,0.000502235721796751,0.4766355140186916,0.5233644859813084
17,Intraday_Return_Z60,0.0024156938306987286,0.0003452730306889862,0.48598130841121495,0.514018691588785
17,Daily_Range_Z60,0.0021733345929533243,-3.7557940231636167e-05,0.5794392523364486,0.4205607476635514
17,QQQ_Log_Return_1D,0.0009084104094654322,0.00011724192154360935,0.5794392523364486,0.4205607476635514
17,QQQ_Log_Return_5D,0.0008756728493608534,-6.159104668768123e-05,0.4672897196261682,0.5327102803738317
17,QQQ_Volatility_14D,0.0012695476179942489,-0.000726362457498908,0.3364485981308411,0.6635514018691588
18,Log_Return_1D_Z60,0.003467322327196598,0.0007500843494199216,0.4672897196261682,0.5327102803738317
18,Log_Return_5D_Z60,0.0007734388345852494,0.0001854381407611072,0.5514018691588785,0.4485981308411215
18,Volatility_14D_Z60,0.0013754230458289385,-0.0004651365161407739,0.45794392523364486,0.5420560747663551
18,Relative_Volume_20D_Z60,0.0010020625777542591,-5.5007185437716544e-05,0.48598130841121495,0.514018691588785
18,RSI_14_Scaled,0.006559405475854874,-0.00037757481914013624,0.411214953271028,0.5887850467289719
18,Price_to_SMA20_Z60,0.0036633326672017574,0.0007207302842289209,0.5514018691588785,0.4485981308411215
18,Intraday_Return_Z60,0.002499487018212676,-4.8545305617153645e-05,0.5327102803738317,0.4672897196261682
18,Daily_Range_Z60,0.0024867691099643707,-0.00019239101675339043,0.5607476635514018,0.4392523364485981
18,QQQ_Log_Return_1D,0.0009901373414322734,7.423985516652465e-05,0.5794392523364486,0.4205607476635514
18,QQQ_Log_Return_5D,0.0009468106436543167,-3.835689494735561e-05,0.4485981308411215,0.5514018691588785
18,QQQ_Volatility_14D,0.0012478474527597427,-0.000727740814909339,0.32710280373831774,0.6728971962616822
19,Log_Return_1D_Z60,0.003149351803585887,0.00011001634265994653,0.42990654205607476,0.5700934579439252
19,Log_Return_5D_Z60,0.0008326080278493464,0.0001924568205140531,0.5327102803738317,0.4672897196261682
19,Volatility_14D_Z60,0.0012451715301722288,-0.0002958474215120077,0.4766355140186916,0.5233644859813084
19,Relative_Volume_20D_Z60,0.0009332163026556373,-0.0002892079937737435,0.40186915887850466,0.5981308411214953
19,RSI_14_Scaled,0.007019026204943657,-9.976254659704864e-05,0.4205607476635514,0.5794392523364486
19,Price_to_SMA20_Z60,0.003908170852810144,0.000637034943792969,0.5233644859813084,0.4766355140186916
19,Intraday_Return_Z60,0.002361863851547241,0.0003738885570783168,0.5981308411214953,0.40186915887850466
19,Daily_Range_Z60,0.001709415577352047,0.00039369676960632205,0.6355140186915887,0.3644859813084112
19,QQQ_Log_Return_1D,0.001032440923154354,-5.6711112847551703e-05,0.4672897196261682,0.5327102803738317
19,QQQ_Log_Return_5D,0.0010354198748245835,2.7402977138990536e-05,0.45794392523364486,0.5420560747663551
19,QQQ_Volatility_14D,0.0012193357106298208,-0.0007223299471661448,0.3364485981308411,0.6635514018691588
20,Log_Return_1D_Z60,0.0031923505011945963,-0.00043939135503023863,0.4953271028037383,0.5046728971962616
20,Log_Return_5D_Z60,0.0007317346753552556,0.00020829065761063248,0.5327102803738317,0.4672897196261682
20,Volatility_14D_Z60,0.0011581109138205647,-0.0002340201026527211,0.4953271028037383,0.5046728971962616
20,Relative_Volume_20D_Z60,0.000913045194465667,-9.271404996979982e-05,0.4392523364485981,0.5607476635514018
20,RSI_14_Scaled,0.006924810819327831,0.00023385130043607205,0.45794392523364486,0.5420560747663551
20,Price_to_SMA20_Z60,0.0037217179778963327,0.00031214035698212683,0.5420560747663551,0.45794392523364486
20,Intraday_Return_Z60,0.0026328645180910826,1.0591234058665577e-05,0.5420560747663551,0.45794392523364486
20,Daily_Range_Z60,0.0017986921593546867,-6.918960571056232e-05,0.5233644859813084,0.4766355140186916
20,QQQ_Log_Return_1D,0.0009254229953512549,4.6049983211560175e-05,0.4485981308411215,0.5514018691588785
20,QQQ_Log_Return_5D,0.0009519157465547323,-7.809425005689263e-05,0.4205607476635514,0.5794392523364486
20,QQQ_Volatility_14D,0.0012577567249536514,-0.0007461015484295785,0.3177570093457944,0.6822429906542056
21,Log_Return_1D_Z60,0.0041304463520646095,0.00048738057375885546,0.4953271028037383,0.5046728971962616
21,Log_Return_5D_Z60,0.0007650212501175702,0.00020464502449613065,0.5233644859813084,0.4766355140186916
21,Volatility_14D_Z60,0.0012317128712311387,-0.0004416524898260832,0.48598130841121495,0.514018691588785
21,Relative_Volume_20D_Z60,0.0011979029513895512,6.332695920718834e-05,0.4485981308411215,0.5514018691588785
21,RSI_14_Scaled,0.0072629391215741634,0.00021055748220533133,0.4485981308411215,0.5514018691588785
21,Price_to_SMA20_Z60,0.003986505791544914,0.0004111452726647258,0.4953271028037383,0.5046728971962616
21,Intraday_Return_Z60,0.002922458341345191,0.00018209671543445438,0.5327102803738317,0.4672897196261682
21,Daily_Range_Z60,0.0021125979255884886,-0.00030260279891081154,0.5514018691588785,0.4485981308411215
21,QQQ_Log_Return_1D,0.000993868219666183,-0.00015231114230118692,0.5420560747663551,0.45794392523364486
21,QQQ_Log_Return_5D,0.0009959377348423004,-0.0001672447833698243,0.3644859813084112,0.6355140186915887
21,QQQ_Volatility_14D,0.00127223355229944,-0.0007682656869292259,0.2897196261682243,0.7102803738317757
22,Log_Return_1D_Z60,0.0033008623868227005,0.0008243115735240281,0.48598130841121495,0.514018691588785
22,Log_Return_5D_Z60,0.0008299069595523179,9.608904656488448e-05,0.5046728971962616,0.4953271028037383
22,Volatility_14D_Z60,0.0012830517953261733,-0.0005001008394174278,0.45794392523364486,0.5420560747663551
22,Relative_Volume_20D_Z60,0.0014296870213001966,0.0003846477484330535,0.4205607476635514,0.5794392523364486
22,RSI_14_Scaled,0.007588594686239958,3.281729368609376e-05,0.4205607476635514,0.5794392523364486
22,Price_to_SMA20_Z60,0.004110321868211031,0.0006409090128727257,0.514018691588785,0.48598130841121495
22,Intraday_Return_Z60,0.002207605866715312,-0.00013106309052091092,0.4766355140186916,0.5233644859813084
22,Daily_Range_Z60,0.001994085032492876,0.00019467684614937752,0.616822429906542,0.38317757009345793
22,QQQ_Log_Return_1D,0.0010669762268662453,9.2356996901799e-05,0.6448598130841121,0.35514018691588783
22,QQQ_Log_Return_5D,0.0009978993330150843,8.042163244681433e-06,0.40186915887850466,0.5981308411214953
22,QQQ_Volatility_14D,0.0012675501639023423,-0.0008098474936559796,0.2803738317757009,0.719626168224299
23,Log_Return_1D_Z60,0.0033439111430197954,6.305139686446637e-05,0.5233644859813084,0.4766355140186916
23,Log_Return_5D_Z60,0.0007699936395511031,3.3704378438415006e-05,0.5046728971962616,0.4953271028037383
23,Volatility_14D_Z60,0.0013131219893693924,-0.0005998873966746032,0.4392523364485981,0.5607476635514018
23,Relative_Volume_20D_Z60,0.0009970213286578655,-0.0001966229610843584,0.4392523364485981,0.5607476635514018
23,RSI_14_Scaled,0.007557539269328117,-0.00027863550349138677,0.40186915887850466,0.5981308411214953
23,Price_to_SMA20_Z60,0.004013792145997286,0.00046965942601673305,0.5420560747663551,0.45794392523364486
23,Intraday_Return_Z60,0.002274656668305397,-0.0002217001747339964,0.48598130841121495,0.514018691588785
23,Daily_Range_Z60,0.002071663271635771,-0.00010141088569071144,0.6074766355140186,0.3925233644859813
23,QQQ_Log_Return_1D,0.0008437872165814042,0.00013600834063254297,0.514018691588785,0.48598130841121495
23,QQQ_Log_Return_5D,0.000928949739318341,1.351988066744525e-05,0.42990654205607476,0.5700934579439252
23,QQQ_Volatility_14D,0.0012949401279911399,-0.0008394618635065854,0.2616822429906542,0.7383177570093458
24,Log_Return_1D_Z60,0.003379485569894314,0.00036924402229487896,0.5327102803738317,0.4672897196261682
24,Log_Return_5D_Z60,0.0007793627446517348,-2.0741010303026997e-05,0.5233644859813084,0.4766355140186916
24,Volatility_14D_Z60,0.0014011956518515944,-0.0005643891636282206,0.45794392523364486,0.5420560747663551
24,Relative_Volume_20D_Z60,0.0008459113887511194,-0.0002030742762144655,0.40186915887850466,0.5981308411214953
24,RSI_14_Scaled,0.007571248337626457,-0.0005873770569451153,0.411214953271028,0.5887850467289719
24,Price_to_SMA20_Z60,0.003959751222282648,0.0005423593102023005,0.514018691588785,0.48598130841121495
24,Intraday_Return_Z60,0.002673486713320017,3.9348018617602065e-05,0.4392523364485981,0.5607476635514018
24,Daily_Range_Z60,0.002108744578436017,-0.00017242295143660158,0.6355140186915887,0.3644859813084112
24,QQQ_Log_Return_1D,0.0009991562692448497,-0.0001483667001593858,0.5327102803738317,0.4672897196261682
24,QQQ_Log_Return_5D,0.0009880762081593275,-1.2923042959300801e-05,0.4392523364485981,0.5607476635514018
24,QQQ_Volatility_14D,0.0013137770583853126,-0.0008665366913191974,0.2523364485981308,0.7476635514018691
25,Log_Return_1D_Z60,0.0034094518050551414,0.00021661026403307915,0.4392523364485981,0.5607476635514018
25,Log_Return_5D_Z60,0.0008016360807232559,-1.0894794286286924e-05,0.5420560747663551,0.45794392523364486
25,Volatility_14D_Z60,0.00131793727632612,-0.0004797488800249994,0.4953271028037383,0.5046728971962616
25,Relative_Volume_20D_Z60,0.0009452113881707191,-0.00032194159575738013,0.40186915887850466,0.5981308411214953
25,RSI_14_Scaled,0.007442959118634462,-0.0004174420319031924,0.3925233644859813,0.6074766355140186
25,Price_to_SMA20_Z60,0.004213295411318541,0.0004840050241909921,0.4953271028037383,0.5046728971962616
25,Intraday_Return_Z60,0.00225656945258379,0.00011961404379690066,0.5327102803738317,0.4672897196261682
25,Daily_Range_Z60,0.0018377767410129309,0.00026712316321209073,0.6074766355140186,0.3925233644859813
25,QQQ_Log_Return_1D,0.0011757230386137962,0.0001497430057497695,0.5233644859813084,0.4766355140186916
25,QQQ_Log_Return_5D,0.0009462960879318416,0.00011059501412091777,0.4953271028037383,0.5046728971962616
25,QQQ_Volatility_14D,0.0013182994443923235,-0.0008383070817217231,0.27102803738317754,0.7289719626168224
26,Log_Return_1D_Z60,0.00325281685218215,0.0002254206337966025,0.5981308411214953,0.40186915887850466
26,Log_Return_5D_Z60,0.0006809637998230755,-0.00010063336958410218,0.48598130841121495,0.514018691588785
26,Volatility_14D_Z60,0.0015101708704605699,-0.0006456627743318677,0.48598130841121495,0.514018691588785
26,Relative_Volume_20D_Z60,0.000943652237765491,-0.00024067048798315227,0.42990654205607476,0.5700934579439252
26,RSI_14_Scaled,0.007151429541409016,-0.000880206236615777,0.3364485981308411,0.6635514018691588
26,Price_to_SMA20_Z60,0.00423079589381814,0.0005571825313381851,0.5233644859813084,0.4766355140186916
26,Intraday_Return_Z60,0.0022739635314792395,-0.00016813109687063843,0.4485981308411215,0.5514018691588785
26,Daily_Range_Z60,0.0020828053820878267,-0.00011788034316850826,0.5887850467289719,0.411214953271028
26,QQQ_Log_Return_1D,0.0009806756861507893,-0.00023773169959895313,0.4485981308411215,0.5514018691588785
26,QQQ_Log_Return_5D,0.0008976857061497867,0.00010301800648448989,0.5233644859813084,0.4766355140186916
26,QQQ_Volatility_14D,0.0013198116794228554,-0.0008223979384638369,0.27102803738317754,0.7289719626168224
27,Log_Return_1D_Z60,0.0034992138389497995,0.00039545519393868744,0.5514018691588785,0.4485981308411215
27,Log_Return_5D_Z60,0.0008473300840705633,-6.326237780740485e-05,0.48598130841121495,0.514018691588785
27,Volatility_14D_Z60,0.001485728076659143,-0.0007389339152723551,0.45794392523364486,0.5420560747663551
27,Relative_Volume_20D_Z60,0.000932469149120152,-0.00023239271831698716,0.3644859813084112,0.6355140186915887
27,RSI_14_Scaled,0.007545896340161562,-0.0012777677038684487,0.3644859813084112,0.6355140186915887
27,Price_to_SMA20_Z60,0.00429424038156867,0.0007997897337190807,0.5327102803738317,0.4672897196261682
27,Intraday_Return_Z60,0.0029088167939335108,0.0001807925436878577,0.4766355140186916,0.5233644859813084
27,Daily_Range_Z60,0.0020087019074708223,-1.1603564416873269e-05,0.5700934579439252,0.42990654205607476
27,QQQ_Log_Return_1D,0.0010906002717092633,-4.6679127990501e-05,0.4485981308411215,0.5514018691588785
27,QQQ_Log_Return_5D,0.0009117817389778793,0.00010509887215448543,0.4953271028037383,0.5046728971962616
27,QQQ_Volatility_14D,0.0012983003398403525,-0.0008419463993050158,0.27102803738317754,0.7289719626168224
28,Log_Return_1D_Z60,0.003523517632856965,-0.0007613507914356887,0.45794392523364486,0.5420560747663551
28,Log_Return_5D_Z60,0.0008945032604970038,1.5807674571988173e-05,0.42990654205607476,0.5700934579439252
28,Volatility_14D_Z60,0.001483875559642911,-0.0007699568523094058,0.4205607476635514,0.5794392523364486
28,Relative_Volume_20D_Z60,0.0009367656894028187,-0.00037145422538742423,0.34579439252336447,0.6542056074766355
28,RSI_14_Scaled,0.007612748071551323,-0.000926616950891912,0.35514018691588783,0.6448598130841121
28,Price_to_SMA20_Z60,0.0038755617570132017,0.00045900512486696243,0.5327102803738317,0.4672897196261682
28,Intraday_Return_Z60,0.002902565523982048,2.366752414673101e-05,0.4485981308411215,0.5514018691588785
28,Daily_Range_Z60,0.0019687660969793797,-0.0001457866164855659,0.514018691588785,0.48598130841121495
28,QQQ_Log_Return_1D,0.0011020005913451314,-3.5136061342200264e-05,0.5327102803738317,0.4672897196261682
28,QQQ_Log_Return_5D,0.0009611176792532206,5.6131681049009785e-05,0.5046728971962616,0.4953271028037383
28,QQQ_Volatility_14D,0.001274565584026277,-0.0008351473370566964,0.27102803738317754,0.7289719626168224
29,Log_Return_1D_Z60,0.002719386713579297,-0.00041908686398528516,0.48598130841121495,0.514018691588785
29,Log_Return_5D_Z60,0.0008596140542067587,0.0001363663177471608,0.5046728971962616,0.4953271028037383
29,Volatility_14D_Z60,0.0013704709708690643,-0.000622314284555614,0.42990654205607476,0.5700934579439252
29,Relative_Volume_20D_Z60,0.0008981376886367798,-0.000354944437276572,0.34579439252336447,0.6542056074766355
29,RSI_14_Scaled,0.00785602442920208,-0.0005930372281000018,0.40186915887850466,0.5981308411214953
29,Price_to_SMA20_Z60,0.0037604630924761295,0.00010681459389161319,0.5233644859813084,0.4766355140186916
29,Intraday_Return_Z60,0.002452635206282139,0.0008063708082772791,0.5794392523364486,0.4205607476635514
29,Daily_Range_Z60,0.0019019615137949586,0.0005480126710608602,0.616822429906542,0.38317757009345793
29,QQQ_Log_Return_1D,0.0010354402475059032,6.0892423789482564e-05,0.4953271028037383,0.5046728971962616
29,QQQ_Log_Return_5D,0.0010229696054011583,-1.2588333447638433e-05,0.48598130841121495,0.514018691588785
29,QQQ_Volatility_14D,0.0013185384450480342,-0.0008566301548853517,0.2897196261682243,0.7102803738317757
30,Log_Return_1D_Z60,0.0032046623528003693,4.216969318804331e-05,0.514018691588785,0.48598130841121495
30,Log_Return_5D_Z60,0.000952425820287317,7.992111932253465e-05,0.514018691588785,0.48598130841121495
30,Volatility_14D_Z60,0.0014980195555835962,-0.0007221953710541129,0.42990654205607476,0.5700934579439252
30,Relative_Volume_20D_Z60,0.001256384770385921,0.00020088399469386786,0.42990654205607476,0.5700934579439252
30,RSI_14_Scaled,0.00781373679637909,-0.0009206481627188623,0.40186915887850466,0.5981308411214953
30,Price_to_SMA20_Z60,0.0038543997798115015,0.00015688511484768242,0.48598130841121495,0.514018691588785
30,Intraday_Return_Z60,0.0021562385372817516,0.0003207464760635048,0.5514018691588785,0.4485981308411215
30,Daily_Range_Z60,0.001904387609101832,0.00013862003106623888,0.5327102803738317,0.4672897196261682
30,QQQ_Log_Return_1D,0.0012759360251948237,0.00012252744636498392,0.4953271028037383,0.5046728971962616
30,QQQ_Log_Return_5D,0.000969722808804363,-1.6362824680982158e-05,0.514018691588785,0.48598130841121495
30,QQQ_Volatility_14D,0.0012816848466172814,-0.0007375085260719061,0.3364485981308411,0.6635514018691588
