Variant,Sequence_Step,Feature,Mean_Abs_IG,Std_Abs_IG_Across_Folds,Mean_IG,N_Folds,Presence_Rate
A,16,Intraday_Return_Z60,0.002947500819573179,0.001826976006982419,-1.644246731302701e-05,4,1.0
A,15,Intraday_Return_Z60,0.0028332780057098716,0.0015117820596603306,0.0002456287888890074,4,1.0
A,12,Intraday_Return_Z60,0.00282931697438471,0.001415630265708544,0.00016000478717614897,4,1.0
A,15,Log_Return_1D_Z60,0.0027157700096722692,0.001370219452041348,6.374711665557697e-05,4,1.0
A,27,Log_Return_1D_Z60,0.002711687528062612,0.0014164803205518905,-1.1770498531404883e-06,4,1.0
A,13,Intraday_Return_Z60,0.0027044247835874557,0.0015728652698745536,0.00013299060992721934,4,1.0
A,28,Intraday_Return_Z60,0.0026767789386212826,0.001111514800557462,0.00030770048033446074,4,1.0
A,21,Log_Return_1D_Z60,0.002656184253282845,0.0014208667324277363,-0.00015203014481812716,4,1.0
A,10,Log_Return_1D_Z60,0.0026503523986320943,0.0012205910341470125,0.0001919066908158129,4,1.0
A,20,Intraday_Return_Z60,0.002639485348481685,0.0011775532394617352,0.00026119495669263415,4,1.0
A,16,Log_Return_1D_Z60,0.0026352415152359754,0.0009246560079501173,-4.362106847111136e-05,4,1.0
A,10,Intraday_Return_Z60,0.0026338701136410236,0.0013875572279229732,0.0003086626726371833,4,1.0
A,9,Intraday_Return_Z60,0.002633200347190723,0.0012996404042867572,0.00017252669704248547,4,1.0
A,14,Intraday_Return_Z60,0.0026244790642522275,0.0016070616098247262,5.4015690352571255e-05,4,1.0
A,24,Intraday_Return_Z60,0.0026122004783246666,0.001385245120777845,0.0002549871442170115,4,1.0
A,30,Log_Return_1D_Z60,0.0026069433661177754,0.0010210706349281994,5.408741344581358e-05,4,1.0
A,30,Price_to_SMA20_Z60,0.0026055913767777383,0.0008947363759941395,-4.8705245717428625e-05,4,1.0
A,22,Intraday_Return_Z60,0.002599715837277472,0.0012375686225932622,0.00023305389186134562,4,1.0
A,12,Log_Return_1D_Z60,0.0025892052508424968,0.0008560866994472116,0.00010733218086045326,4,1.0
A,2,Intraday_Return_Z60,0.0025888581876643,0.0012741005373200782,0.00020566940111166332,4,1.0
A,4,Log_Return_1D_Z60,0.002581241918960586,0.0009740823604755777,-0.0001653610943321837,4,1.0
A,4,Intraday_Return_Z60,0.0025795456604100764,0.0014350092615097276,-0.00013807200230075978,4,1.0
A,21,Intraday_Return_Z60,0.002576807455625385,0.0013456702825190223,4.2911924538202584e-05,4,1.0
A,11,Intraday_Return_Z60,0.002558334555942565,0.001219048967148606,0.00028637476862058975,4,1.0
A,27,Intraday_Return_Z60,0.002555254293838516,0.0008846694276480421,0.0001407809068041388,4,1.0
A,28,Log_Return_1D_Z60,0.00255501497304067,0.0011748431509735668,0.00014500105680781417,4,1.0
A,3,Intraday_Return_Z60,0.0025486709200777113,0.0013942936027934376,-2.7608743266682723e-05,4,1.0
A,26,Log_Return_1D_Z60,0.0025447423104196787,0.0012366057855219702,0.0002122622317983769,4,1.0
A,27,Price_to_SMA20_Z60,0.0025357164558954537,0.0009080385321779079,0.00022408968334275414,4,1.0
A,8,Intraday_Return_Z60,0.0025218645168934017,0.001287047633235296,-0.00016882809904927853,4,1.0
A,11,Log_Return_1D_Z60,0.0025163931713905185,0.001066888190202786,5.4612148232990876e-05,4,1.0
A,13,Log_Return_1D_Z60,0.002514178690034896,0.0010543151127491075,-0.00016316941400873475,4,1.0
A,9,Log_Return_1D_Z60,0.0025077808822970837,0.0009351931358558727,8.402054481848609e-05,4,1.0
A,22,Log_Return_1D_Z60,0.0025036391452886164,0.0010282312872279982,0.00017382479563821107,4,1.0
A,13,Daily_Range_Z60,0.002501086884876713,0.0011887231612180249,0.0005812339259136934,4,1.0
A,17,Intraday_Return_Z60,0.0024997520667966455,0.001257233873623449,-8.85238841874525e-06,4,1.0
A,18,Intraday_Return_Z60,0.00249538678326644,0.0011184915454098819,0.0001789351699699182,4,1.0
A,13,Price_to_SMA20_Z60,0.0024834070645738393,0.0010310746991156947,0.0005119293200550601,4,1.0
A,1,Log_Return_1D_Z60,0.0024730333243496716,0.0009569374733707401,3.724056477949489e-05,4,1.0
A,17,Price_to_SMA20_Z60,0.002470866107614711,0.0010282265660825532,0.00044884270391776226,4,1.0
A,1,Intraday_Return_Z60,0.002470742561854422,0.0010957101594349181,-6.113131894380786e-05,4,1.0
A,7,Intraday_Return_Z60,0.0024641956260893494,0.0012094715191017205,0.00011571648428798653,4,1.0
A,5,Log_Return_1D_Z60,0.0024514853139407933,0.0009950780973218172,-4.416544470586814e-05,4,1.0
A,19,Price_to_SMA20_Z60,0.002449038060149178,0.0009301166891013235,0.0003818741242866963,4,1.0
A,26,Price_to_SMA20_Z60,0.0024485402391292155,0.0008444195718322902,0.00023011585290078074,4,1.0
A,19,Intraday_Return_Z60,0.00244617264252156,0.0012255668921045538,0.00014304523574537598,4,1.0
A,23,Log_Return_1D_Z60,0.002444597950670868,0.0011715573721209063,3.088089215452783e-06,4,1.0
A,18,Price_to_SMA20_Z60,0.0024444631417281926,0.0008678456526076257,0.0004245412601449061,4,1.0
A,14,Price_to_SMA20_Z60,0.0024442925059702247,0.0010961783021530207,0.000403135152168943,4,1.0
A,2,Price_to_SMA20_Z60,0.0024421959824394435,0.0009618242763295975,0.0001895681448331743,4,1.0
A,20,Log_Return_1D_Z60,0.002439769363263622,0.0011271494177518256,-4.740262920677196e-05,4,1.0
A,12,Price_to_SMA20_Z60,0.002437035698676482,0.000912118881590669,0.0004414968616401893,4,1.0
A,15,Price_to_SMA20_Z60,0.002432991488603875,0.0009952480064813858,0.0003998146048616036,4,1.0
A,6,Price_to_SMA20_Z60,0.0024324046971742064,0.0007304793693548105,0.0005745667112933006,4,1.0
A,26,Intraday_Return_Z60,0.002431009052088484,0.0008531340204802446,0.00037117356396265677,4,1.0
A,6,Log_Return_1D_Z60,0.0024304072721861303,0.0010103884369356002,-8.715715921425726e-05,4,1.0
A,1,Price_to_SMA20_Z60,0.0024262126244138926,0.000890641741089672,7.151548925321549e-05,4,1.0
A,21,Price_to_SMA20_Z60,0.002425558603135869,0.0008424444843657899,0.0003440353466430679,4,1.0
A,23,Intraday_Return_Z60,0.002425456536002457,0.0011759714433591847,4.203591652185423e-05,4,1.0
A,8,Log_Return_1D_Z60,0.0024251979775726795,0.0009616139319292009,-5.3161535106482916e-05,4,1.0
A,5,Intraday_Return_Z60,0.0024236763129010797,0.001202047518990186,-0.0001011445237963926,4,1.0
A,25,Log_Return_1D_Z60,0.0024231481074821204,0.0012517972294068147,5.069811027169635e-05,4,1.0
A,28,Price_to_SMA20_Z60,0.0024196909507736564,0.0008297326175309852,4.199410250294022e-05,4,1.0
A,29,Price_to_SMA20_Z60,0.0024182763881981373,0.0008644873737933042,-2.0249623048584908e-05,4,1.0
A,22,Price_to_SMA20_Z60,0.002411850990029052,0.0008546726726650983,0.0002821541056619026,4,1.0
A,16,Price_to_SMA20_Z60,0.0024079462746158242,0.0009478013738199953,0.00039784979071555426,4,1.0
A,30,Intraday_Return_Z60,0.002407389401923865,0.0009072236910067399,0.00010521959961806715,4,1.0
A,3,Price_to_SMA20_Z60,0.002404867089353502,0.0009438129232924984,0.00028843731661254424,4,1.0
A,25,Price_to_SMA20_Z60,0.0024042573058977723,0.0009165210270558642,0.00025527885554765817,4,1.0
A,30,Relative_Volume_20D_Z60,0.002401161997113377,0.001144694276140082,0.00030651196339270825,4,1.0
A,20,Price_to_SMA20_Z60,0.0024001845449674875,0.0009002569139072096,0.00035302003379911184,4,1.0
A,29,Log_Return_1D_Z60,0.0023933258780743927,0.001034929840253615,0.00013378997391555458,4,1.0
A,17,Log_Return_1D_Z60,0.002388945023994893,0.0009639090826006343,0.00019401783856665133,4,1.0
A,24,Log_Return_1D_Z60,0.0023841316578909755,0.0010532698709584424,-0.00011025185585822328,4,1.0
A,18,Log_Return_1D_Z60,0.0023759393952786922,0.0010669364389775283,0.00013574927288573235,4,1.0
A,5,Price_to_SMA20_Z60,0.0023738741292618215,0.0007925205164704328,0.0005519462574739009,4,1.0
A,23,Price_to_SMA20_Z60,0.002355140633881092,0.0008538431811991955,0.0002240983121737372,4,1.0
A,11,Price_to_SMA20_Z60,0.002352587936911732,0.0008458833238673,0.0005161111375855398,4,1.0
A,4,Price_to_SMA20_Z60,0.002350050344830379,0.0008412937664066243,0.0005239231227278651,4,1.0
A,2,Log_Return_1D_Z60,0.0023453804606106132,0.0009862383786556658,4.9995447625406086e-05,4,1.0
A,24,Price_to_SMA20_Z60,0.002338725869776681,0.0008824286346642687,0.0002990835564560257,4,1.0
A,29,Intraday_Return_Z60,0.002333830954739824,0.0007755891231859418,0.00024221245985245332,4,1.0
A,3,Log_Return_1D_Z60,0.002321266772923991,0.0008133076619064459,0.00012002676839983906,4,1.0
A,25,Intraday_Return_Z60,0.0023058202932588756,0.00084037351202144,0.0001596336005604826,4,1.0
A,7,Log_Return_1D_Z60,0.002305606583831832,0.0011182838252562079,-3.667887540359516e-05,4,1.0
A,9,Price_to_SMA20_Z60,0.002302325941855088,0.000695052098552344,0.0006970439826545771,4,1.0
A,15,Daily_Range_Z60,0.0022879781754454598,0.0010482985886572796,0.0002453538490954088,4,1.0
A,6,Intraday_Return_Z60,0.002284957387018949,0.0009310606180217626,-0.00012529068771982566,4,1.0
A,10,Price_to_SMA20_Z60,0.00227350031491369,0.0007198878004835754,0.0006203186694619944,4,1.0
A,27,Daily_Range_Z60,0.002271747594932094,0.0008743293461414287,0.00011873543280671583,4,1.0
A,7,Price_to_SMA20_Z60,0.002260718116303906,0.0006481629279589821,0.000624715803496656,4,1.0
A,12,Daily_Range_Z60,0.002259708140627481,0.0010410892978048793,0.00022186341846008872,4,1.0
A,14,Log_Return_1D_Z60,0.0022490691917482764,0.0009236657732752016,0.00029981065199535806,4,1.0
A,8,Price_to_SMA20_Z60,0.002239934867247939,0.000708498009321542,0.0006052852058928693,4,1.0
A,16,Daily_Range_Z60,0.002185303019359708,0.0010378043757775777,0.0004224619879096281,4,1.0
A,19,Log_Return_1D_Z60,0.002183458665967919,0.001029172761326911,-7.224902492453111e-05,4,1.0
A,18,Daily_Range_Z60,0.0021699153003282845,0.0008222527575462839,0.00026341723719269794,4,1.0
A,24,Daily_Range_Z60,0.0021541295282077044,0.0008681446449795714,0.0001261845391127281,4,1.0
A,23,Daily_Range_Z60,0.002151842723833397,0.0008371066290124085,7.797209661930538e-05,4,1.0
A,30,Daily_Range_Z60,0.002147869163309224,0.001022455432194796,0.0002539371089369524,4,1.0
A,25,Daily_Range_Z60,0.0021471467043738812,0.0008393576816868665,0.00014757826374989236,4,1.0
A,14,Daily_Range_Z60,0.002143540230463259,0.0010214394352085561,0.00016502875496371416,4,1.0
A,17,Daily_Range_Z60,0.0021408553002402186,0.0008645043905306616,2.2095584427006543e-05,4,1.0
A,3,Daily_Range_Z60,0.002138626776286401,0.0009469206726726123,0.00014807088518864475,4,1.0
A,9,Daily_Range_Z60,0.0021355138742364943,0.0008185888438784956,0.00017269732597924303,4,1.0
A,20,Daily_Range_Z60,0.002128807216649875,0.001056704253261086,0.00019804601834039204,4,1.0
A,5,Daily_Range_Z60,0.002119419237715192,0.0009679010529336742,-1.751251329551451e-05,4,1.0
A,21,Daily_Range_Z60,0.0021180527546675876,0.0008977464360412988,0.00012566938312374987,4,1.0
A,28,Daily_Range_Z60,0.002114376111421734,0.0007762966953582839,0.00027897222935280297,4,1.0
A,10,Daily_Range_Z60,0.0021111310488777235,0.0008878155053659699,0.0001736952744977316,4,1.0
A,4,Daily_Range_Z60,0.0021103771432535723,0.0009153992686700519,6.980805028433679e-05,4,1.0
A,6,Daily_Range_Z60,0.002087211483740248,0.0009178387990326969,-6.147597923700232e-05,4,1.0
A,8,Daily_Range_Z60,0.0020868432184215635,0.0009442205232039284,3.961457196055562e-06,4,1.0
A,26,Daily_Range_Z60,0.002055880249827169,0.0008274177328010287,2.1013007426518016e-05,4,1.0
A,2,RSI_14_Scaled,0.0020521437836578116,0.001662629938522752,0.00032383593133999966,4,1.0
A,1,RSI_14_Scaled,0.0020336918823886663,0.0016007720788163704,0.00026585835439618677,4,1.0
A,7,Daily_Range_Z60,0.002030547198955901,0.0009428554471508473,-0.00011158647248521447,4,1.0
A,1,Daily_Range_Z60,0.0020274553971830755,0.0008761983116882588,0.0001324096865573665,4,1.0
A,22,Daily_Range_Z60,0.0020263444166630507,0.0009403024445357757,-1.6470673017465742e-05,4,1.0
A,13,RSI_14_Scaled,0.0020259453740436584,0.0015904851988591722,0.0004488854647206608,4,1.0
A,11,Daily_Range_Z60,0.0020182298903819174,0.0008121371783195451,7.996237582119647e-05,4,1.0
A,6,RSI_14_Scaled,0.002009931704378687,0.0013504059285554349,0.00030499153854179895,4,1.0
A,5,RSI_14_Scaled,0.001989488533581607,0.0014519974785955248,0.00030836815130896866,4,1.0
A,19,RSI_14_Scaled,0.001987194875255227,0.0014217072946456394,0.0007083296659402549,4,1.0
A,18,RSI_14_Scaled,0.001982567860977724,0.001432472042355165,0.0006858277847641148,4,1.0
A,14,RSI_14_Scaled,0.0019748450140468776,0.0016193044605688472,0.00046299167661345564,4,1.0
A,3,RSI_14_Scaled,0.0019740479910979047,0.001575813026532348,0.0002819771943904925,4,1.0
A,21,RSI_14_Scaled,0.0019641616381704807,0.0013201651917634579,0.0007376141293207183,4,1.0
A,30,QQQ_Log_Return_1D,0.0019609450246207416,0.0007656117546569717,-0.00018868472579924855,4,1.0
A,17,RSI_14_Scaled,0.0019583026733016595,0.0014419966278206664,0.0006177564137033187,4,1.0
A,11,RSI_14_Scaled,0.001957052736543119,0.0014265872244896701,0.0003642791780293919,4,1.0
A,12,RSI_14_Scaled,0.0019562584348022938,0.0014294305629683633,0.00038923519605305046,4,1.0
A,22,RSI_14_Scaled,0.0019510870770318434,0.001299854337699748,0.0007760406770103145,4,1.0
A,12,QQQ_Log_Return_1D,0.0019438507151789963,0.0003220643944455942,9.256127668777481e-07,4,1.0
A,16,RSI_14_Scaled,0.0019428285013418645,0.0014783169378945944,0.0005614047804556321,4,1.0
A,7,RSI_14_Scaled,0.0019380393787287176,0.0012736490369341113,0.00034109298530893284,4,1.0
A,16,QQQ_Log_Return_1D,0.0019330917275510728,0.00033224621918260557,6.959979145904072e-05,4,1.0
A,8,RSI_14_Scaled,0.001932853730977513,0.0012554020032228474,0.0003578464709335094,4,1.0
A,27,RSI_14_Scaled,0.0019316081597935408,0.0013225753869378141,0.0009377985006722156,4,1.0
A,15,RSI_14_Scaled,0.0019302431319374591,0.001517917308449587,0.0005588222247752128,4,1.0
A,20,RSI_14_Scaled,0.0019294937665108591,0.001338586406282289,0.0006987190718064085,4,1.0
A,9,RSI_14_Scaled,0.0019286061869934201,0.001296208329160886,0.00040775982051854953,4,1.0
A,2,Daily_Range_Z60,0.0019145370024489239,0.0007245520794259035,-3.582775389077142e-05,4,1.0
A,19,Daily_Range_Z60,0.0019047014648094773,0.0008157634924672939,-0.00016391179815400392,4,1.0
A,4,RSI_14_Scaled,0.0019040884508285671,0.0013984732200846995,0.0003143495941912988,4,1.0
A,23,RSI_14_Scaled,0.0019013689743587747,0.0013237932251426957,0.0008115486780297942,4,1.0
A,29,Daily_Range_Z60,0.0019013663550140336,0.0006858211246488537,-6.656173718511127e-05,4,1.0
A,30,RSI_14_Scaled,0.0018961761379614472,0.0013329563090669174,0.0008958133751093555,4,1.0
A,24,QQQ_Log_Return_1D,0.0018916253466159105,0.0004894261049625142,-0.00020787436369573697,4,1.0
A,10,RSI_14_Scaled,0.0018883498996729031,0.0012566374908179027,0.00040767671816865914,4,1.0
A,26,RSI_14_Scaled,0.0018847445462597534,0.001236124984013844,0.0008582376376580214,4,1.0
A,28,RSI_14_Scaled,0.0018830077024176717,0.0012954756569664846,0.0009707658309707767,4,1.0
A,25,RSI_14_Scaled,0.0018738415965344757,0.0012702622144268277,0.0007796096597303404,4,1.0
A,26,QQQ_Log_Return_1D,0.0018715120968408883,0.0005678229017646558,-0.00021425783415907063,4,1.0
A,29,QQQ_Log_Return_1D,0.0018655090825632215,0.0006405004918243455,0.00022649531069873774,4,1.0
A,5,QQQ_Log_Return_1D,0.0018516232375986874,0.0003238569209346246,0.00015080870434758253,4,1.0
A,22,QQQ_Log_Return_1D,0.0018487623892724514,0.00037599106910840666,-0.00011086384984082542,4,1.0
A,1,QQQ_Log_Return_1D,0.0018471186340320855,0.0005507932572458496,0.00018629125474944885,4,1.0
A,20,QQQ_Log_Return_1D,0.0018367018201388419,0.00037927107907096644,4.1728457290446386e-05,4,1.0
A,21,QQQ_Log_Return_1D,0.0018302180687896907,0.000368920375068374,0.00025555073443683796,4,1.0
A,24,RSI_14_Scaled,0.0018247222906211391,0.0012146188575315742,0.0007413500388793182,4,1.0
A,15,QQQ_Log_Return_1D,0.0018194938311353326,0.00037009533549018373,-0.0001600245993813587,4,1.0
A,29,RSI_14_Scaled,0.0018150302930735052,0.0012771562523560239,0.0008539798855053959,4,1.0
A,3,QQQ_Log_Return_1D,0.0018110312084900215,0.0006302675245172948,-8.671418072481174e-06,4,1.0
A,13,QQQ_Log_Return_1D,0.0018000530544668436,0.0004349692351345429,0.00011239022569498047,4,1.0
A,9,QQQ_Log_Return_1D,0.0017967874009627849,0.00033352426555194483,-3.72247204722953e-05,4,1.0
A,25,QQQ_Log_Return_1D,0.001788423309335485,0.00039547171769332946,-5.3544717957265675e-06,4,1.0
A,2,QQQ_Log_Return_1D,0.0017855457263067365,0.0004388049511272548,7.874495349824429e-05,4,1.0
A,17,QQQ_Log_Return_1D,0.0017798398912418634,0.00021835486105686164,-0.00013704841148864944,4,1.0
A,4,QQQ_Log_Return_1D,0.0017731170228216797,0.00020203376379579688,7.95001221831626e-05,4,1.0
A,6,QQQ_Log_Return_1D,0.0017689841624815017,0.00043681660998022044,0.0001118391883210279,4,1.0
A,8,QQQ_Log_Return_1D,0.0017682939942460507,0.0002684539705390396,1.678424723650096e-05,4,1.0
A,10,QQQ_Log_Return_1D,0.0017611740622669458,0.00039566426856957977,0.00025330368771392386,4,1.0
A,14,QQQ_Log_Return_1D,0.0017448863363824785,0.00039613994866056037,-5.900933228986105e-05,4,1.0
A,28,QQQ_Log_Return_1D,0.0017219720466528088,0.0005298352274331305,-0.0001477083806094015,4,1.0
A,6,Log_Return_5D_Z60,0.0017133234941866249,0.0005794915645131173,0.0005383223797252867,4,1.0
A,19,QQQ_Log_Return_1D,0.0016940620262175798,0.0003944568362876485,-3.382209797564428e-05,4,1.0
A,27,QQQ_Log_Return_1D,0.0016901528288144618,0.00044246719176616034,6.974529333092505e-05,4,1.0
A,11,QQQ_Log_Return_1D,0.001687341689830646,0.00038956359237893475,0.00021360217942856252,4,1.0
A,7,QQQ_Log_Return_1D,0.001662851485889405,0.0003901748448247469,-1.6561498341616243e-06,4,1.0
A,5,Log_Return_5D_Z60,0.0016618564550299197,0.000485979643599783,0.0004909946255793329,4,1.0
A,30,Log_Return_5D_Z60,0.0016550182772334665,0.0005472225805731012,-1.65037126862444e-05,4,1.0
A,23,QQQ_Log_Return_1D,0.001653024461120367,0.00037065783593937576,-2.6990793230652343e-05,4,1.0
A,19,QQQ_Log_Return_5D,0.001648681121878326,0.0009204747236300112,0.00029397902108030394,4,1.0
A,19,Log_Return_5D_Z60,0.0016451563424197957,0.0005150293989532006,0.0004590581929733162,4,1.0
A,7,Log_Return_5D_Z60,0.0016432025149697438,0.0005240016815522426,0.0004856660780205857,4,1.0
A,13,Log_Return_5D_Z60,0.0016422352637164295,0.0004409798034487331,0.00011479297882033279,4,1.0
A,12,Log_Return_5D_Z60,0.0016383225010940805,0.000542019246609653,0.00011384609706510673,4,1.0
A,27,Log_Return_5D_Z60,0.0016359575820388272,0.00059670337576807,0.00021035799727542326,4,1.0
A,18,Log_Return_5D_Z60,0.0016238416137639433,0.00048195130109293254,0.00045100158195054973,4,1.0
A,18,QQQ_Log_Return_1D,0.0016223708225879818,0.000356437544668088,-0.00017478828340244945,4,1.0
A,29,Log_Return_5D_Z60,0.0016075979947345331,0.0005471232727508437,-5.724688003283518e-05,4,1.0
A,25,Log_Return_5D_Z60,0.0016035629960242659,0.000540128937574597,0.00021093675059091765,4,1.0
A,11,Log_Return_5D_Z60,0.001595050809555687,0.0004266971960997477,0.0001774693009792827,4,1.0
A,28,Log_Return_5D_Z60,0.0015948570508044213,0.0005464269752626428,0.00011590397116378881,4,1.0
A,4,Log_Return_5D_Z60,0.0015946697967592627,0.0004684509584368383,0.0004219146503601223,4,1.0
A,20,Log_Return_5D_Z60,0.001589850478922017,0.0005177764445882673,0.0004308204488552292,4,1.0
A,24,Log_Return_5D_Z60,0.001589712977875024,0.000568360849936241,0.000274652927146235,4,1.0
A,13,Relative_Volume_20D_Z60,0.0015805156872374937,0.001207843062283941,0.00017723769997246563,4,1.0
A,1,Log_Return_5D_Z60,0.0015771203907206655,0.0004535288969710198,-3.9462607446694165e-05,4,1.0
A,8,Log_Return_5D_Z60,0.0015754485357319936,0.00047906517945202765,0.00042910622323688585,4,1.0
A,23,QQQ_Log_Return_5D,0.001568492953083478,0.0008186548587842503,0.00020710249918920454,4,1.0
A,26,QQQ_Log_Return_5D,0.0015666250692447647,0.0007524013678348277,2.3599535779794678e-05,4,1.0
A,25,QQQ_Log_Return_5D,0.0015639894845662639,0.0007729907189038706,7.733466100035002e-05,4,1.0
A,27,QQQ_Log_Return_5D,0.001561892539029941,0.0007864140845959636,0.0001781907158147078,4,1.0
A,14,Log_Return_5D_Z60,0.0015613721043337137,0.00039443142341426127,2.2766095526094432e-05,4,1.0
A,17,Log_Return_5D_Z60,0.0015571872500004247,0.0005065801249277102,0.0003847656498692231,4,1.0
A,16,Relative_Volume_20D_Z60,0.001548124651890248,0.001012268159949489,1.6616819266346283e-05,4,1.0
A,26,Log_Return_5D_Z60,0.0015443539014086127,0.0005903949525192309,0.00020365063392091542,4,1.0
A,23,Log_Return_5D_Z60,0.0015425899619003758,0.0005693389706669952,0.00023340638290392235,4,1.0
A,3,Log_Return_5D_Z60,0.0015415317175211385,0.00046148706693366896,0.00022648546109849121,4,1.0
A,24,QQQ_Log_Return_5D,0.0015357622905867174,0.0007830102879107065,9.396882887813263e-06,4,1.0
A,20,QQQ_Log_Return_5D,0.0015303872060030699,0.000797219075235691,0.00036538602944347076,4,1.0
A,28,QQQ_Log_Return_5D,0.001523241982795298,0.0007856263999561605,0.00011561225801415276,4,1.0
A,9,Log_Return_5D_Z60,0.0015157456073211506,0.00047447386766006787,0.0003255665633332683,4,1.0
A,10,Log_Return_5D_Z60,0.001515052790637128,0.000447889832096509,0.00032433871274406556,4,1.0
A,22,QQQ_Log_Return_5D,0.0015146415680646896,0.0007886523224997842,0.0002677037150533579,4,1.0
A,21,Log_Return_5D_Z60,0.0015093967085704207,0.0004996606317291601,0.00040872800673241727,4,1.0
A,18,QQQ_Log_Return_5D,0.0015066898631630465,0.0007670979495001195,0.00015421423813677393,4,1.0
A,2,Log_Return_5D_Z60,0.0015066518681123853,0.000491375512015133,0.00013630027842737036,4,1.0
A,23,Relative_Volume_20D_Z60,0.0015010815113782883,0.0010338394361627428,0.00020113983873670804,4,1.0
A,16,Log_Return_5D_Z60,0.0014995256933616474,0.0004383074091007757,0.00027819309616461396,4,1.0
A,22,Log_Return_5D_Z60,0.0014992363430792466,0.0005268228002294789,0.00035425245005171746,4,1.0
A,13,QQQ_Log_Return_5D,0.0014986100577516481,0.000786823644552009,0.00035477327764965594,4,1.0
A,5,Relative_Volume_20D_Z60,0.0014915334322722629,0.0009762650004680199,0.00015148481827509386,4,1.0
A,14,QQQ_Log_Return_5D,0.0014895715285092592,0.0007762194531778225,0.0003391773502698925,4,1.0
A,22,Relative_Volume_20D_Z60,0.0014873918698867783,0.0007730253271050226,0.00012333152614019127,4,1.0
A,15,Log_Return_5D_Z60,0.001487375979195349,0.00041534525485593005,9.918868954628124e-05,4,1.0
A,3,Relative_Volume_20D_Z60,0.001479324302636087,0.0006495141852263713,-2.066230445052497e-05,4,1.0
A,1,Relative_Volume_20D_Z60,0.0014774331357330084,0.0009018145539170002,0.00019399519533180865,4,1.0
A,6,Relative_Volume_20D_Z60,0.001471559880883433,0.0008635343030305269,-2.4522631292711594e-05,4,1.0
A,21,QQQ_Log_Return_5D,0.0014678048610221595,0.0007950115743547383,0.0003954839376092423,4,1.0
A,2,Relative_Volume_20D_Z60,0.0014639068103861064,0.0009161458541328557,0.00011107033242296893,4,1.0
A,17,Relative_Volume_20D_Z60,0.0014623429451603442,0.0007740188208878959,-5.9413033341115806e-05,4,1.0
A,7,Relative_Volume_20D_Z60,0.0014589183701900765,0.0009211060833787689,0.00011683605043799616,4,1.0
A,12,Relative_Volume_20D_Z60,0.0014537815586663783,0.001022153042852278,5.80561700189719e-05,4,1.0
A,29,QQQ_Log_Return_5D,0.0014436170604312792,0.0006634384434771854,0.00016454089927719906,4,1.0
A,17,QQQ_Log_Return_5D,0.0014327660028357059,0.0007127080303053904,0.00017740431940183043,4,1.0
A,30,QQQ_Log_Return_5D,0.0014302021882031113,0.0005989337209145913,-5.895311915082857e-06,4,1.0
A,9,Relative_Volume_20D_Z60,0.001429171796189621,0.0008968270864417413,3.299113996035885e-05,4,1.0
A,24,Volatility_14D_Z60,0.0014159418205963448,0.0007429561098525896,0.0006646946585533442,4,1.0
A,13,Volatility_14D_Z60,0.0014118434337433428,0.0008452129164649984,0.0008779826093814336,4,1.0
A,21,Relative_Volume_20D_Z60,0.001410997414495796,0.0006834561635346466,-1.5699733921792358e-06,4,1.0
A,16,Volatility_14D_Z60,0.0014101000560913235,0.0008283706297351587,0.0007617517330800183,4,1.0
A,4,Relative_Volume_20D_Z60,0.001405225004418753,0.0006837450311506187,1.1778670341300312e-05,4,1.0
A,28,Relative_Volume_20D_Z60,0.0014000705850776285,0.0009093211908486388,0.0001026882646328886,4,1.0
A,12,Volatility_14D_Z60,0.0013928687549196184,0.0008388527454850444,0.0008737105599720962,4,1.0
A,20,Relative_Volume_20D_Z60,0.001387088734190911,0.0007860203853450697,-3.6344579712022096e-05,4,1.0
A,17,Volatility_14D_Z60,0.0013863076601410285,0.0007396219582134254,0.000745901714253705,4,1.0
A,29,Volatility_14D_Z60,0.0013843084161635488,0.0005038711901386504,0.00044139550846011844,4,1.0
A,28,Volatility_14D_Z60,0.0013837404549121857,0.0005969931546518069,0.00047172791528282687,4,1.0
A,16,QQQ_Log_Return_5D,0.0013832011027261615,0.000657647661031406,0.0001868349590949947,4,1.0
A,12,QQQ_Log_Return_5D,0.0013801213790429756,0.0007169109092726059,0.0002735282023422769,4,1.0
A,8,Relative_Volume_20D_Z60,0.001377850625431165,0.0009061799480209521,9.216477155860048e-05,4,1.0
A,27,Volatility_14D_Z60,0.001376216037897393,0.000576894414755526,0.0005059412633272586,4,1.0
A,18,Volatility_14D_Z60,0.0013745239266427234,0.0006193297507516545,0.0007166561808844563,4,1.0
A,22,Volatility_14D_Z60,0.001374146348098293,0.000643995756160187,0.0006560999036082649,4,1.0
A,15,QQQ_Log_Return_5D,0.0013726882898481563,0.0006742556839705189,0.00022365488621289842,4,1.0
A,15,Volatility_14D_Z60,0.0013713289517909288,0.0007737787454526472,0.0007646846133866347,4,1.0
A,24,Relative_Volume_20D_Z60,0.0013667285675182939,0.0009656505713727322,1.086253541870974e-05,4,1.0
A,5,QQQ_Log_Return_5D,0.0013637989177368581,0.000561388009161691,0.00019806478121608961,4,1.0
A,30,Volatility_14D_Z60,0.0013627053558593616,0.0005070823162940832,0.0004009895674244035,4,1.0
A,26,Volatility_14D_Z60,0.0013624868734041229,0.0006599579396617005,0.0006106194468884496,4,1.0
A,7,QQQ_Log_Return_5D,0.0013613081682706252,0.0005393735616888466,5.768744995293673e-05,4,1.0
A,10,Relative_Volume_20D_Z60,0.0013530265568988398,0.0008081056168909413,2.386343930993462e-05,4,1.0
A,23,Volatility_14D_Z60,0.0013474181178025901,0.0006669810707624532,0.0005992080759824603,4,1.0
A,6,QQQ_Log_Return_5D,0.0013433114509098232,0.0005509675494128724,0.00011924502723559272,4,1.0
A,11,Relative_Volume_20D_Z60,0.001342108560493216,0.0009629566828178116,3.745078720385209e-05,4,1.0
A,8,Volatility_14D_Z60,0.0013403353950707242,0.0006497395343164807,0.0007646111189387739,4,1.0
A,21,Volatility_14D_Z60,0.0013400722382357344,0.0006655732925766911,0.0006246729180929833,4,1.0
A,8,QQQ_Log_Return_5D,0.0013385719939833507,0.0005282096782501414,8.488975254294928e-05,4,1.0
A,25,Volatility_14D_Z60,0.0013368908548727632,0.000639461005696147,0.000622225225015427,4,1.0
A,4,Volatility_14D_Z60,0.001336478628218174,0.0006856538237367568,0.0006758421004633419,4,1.0
A,14,Volatility_14D_Z60,0.0013328413479030132,0.0007369217975069315,0.0008261608236352913,4,1.0
A,2,Volatility_14D_Z60,0.001332063795416616,0.0005393454680146021,0.000605338740570005,4,1.0
A,7,Volatility_14D_Z60,0.0013310813083080575,0.000610890134674944,0.000750536702980753,4,1.0
A,1,QQQ_Log_Return_5D,0.0013254760415293276,0.0005539107965373716,7.697493128944188e-05,4,1.0
A,20,Volatility_14D_Z60,0.0013246341986814514,0.000618119919347064,0.0006615808197238948,4,1.0
A,19,Volatility_14D_Z60,0.001318053764407523,0.0005890697729748139,0.0006863805865577888,4,1.0
A,15,Relative_Volume_20D_Z60,0.001313794229645282,0.0008217716464941532,-0.00011084610014222562,4,1.0
A,18,Relative_Volume_20D_Z60,0.0013130747247487307,0.0007187814132018373,-0.00012319724510234664,4,1.0
A,11,QQQ_Log_Return_5D,0.0013119822251610458,0.0006126395722782069,0.0001809678221889044,4,1.0
A,1,Volatility_14D_Z60,0.0013116838526912034,0.0005708280422189503,0.0005864336199010722,4,1.0
A,5,Volatility_14D_Z60,0.0013108024431858212,0.0006350291023602882,0.0007143881521187723,4,1.0
A,9,Volatility_14D_Z60,0.0013091481669107452,0.0006718570508628583,0.0007814675773261115,4,1.0
A,9,QQQ_Log_Return_5D,0.0013062187645118684,0.0005567803507694695,2.0037929516547592e-05,4,1.0
A,10,QQQ_Log_Return_5D,0.001301650860114023,0.0005560368377973972,7.485667083528824e-05,4,1.0
A,11,Volatility_14D_Z60,0.0012951858952874318,0.000648004491538479,0.0007801883257343434,4,1.0
A,6,Volatility_14D_Z60,0.0012939403677592054,0.0005808239315702908,0.0006989855392021127,4,1.0
A,3,Volatility_14D_Z60,0.001293913519475609,0.000596722259441348,0.0005932117201155052,4,1.0
A,10,Volatility_14D_Z60,0.001290933767450042,0.0006359930767177935,0.0007303089732886292,4,1.0
A,4,QQQ_Log_Return_5D,0.001289373089093715,0.000487026752144235,0.00020744004700645746,4,1.0
A,19,Relative_Volume_20D_Z60,0.0012588173703989014,0.0007422497855561364,-0.00011232000542804599,4,1.0
A,27,Relative_Volume_20D_Z60,0.001258720745681785,0.0007201435718163561,-0.00014733947864442598,4,1.0
A,2,QQQ_Log_Return_5D,0.0012501008313847706,0.0004544654421243726,0.00012102327673346736,4,1.0
A,3,QQQ_Log_Return_5D,0.0012486232299124822,0.00044423063337592733,0.0001443440414732322,4,1.0
A,26,Relative_Volume_20D_Z60,0.0012474027316784486,0.0006259133875835222,-0.0002132665731551242,4,1.0
A,14,Relative_Volume_20D_Z60,0.0012410523486323655,0.0008788259811120647,-3.760689287446439e-05,4,1.0
A,28,QQQ_Volatility_14D,0.0012294736079638824,0.00044012602787164173,-0.00032228401687461883,4,1.0
A,26,QQQ_Volatility_14D,0.0012259858194738626,0.0004257923050931448,-0.00031163886887952685,4,1.0
A,27,QQQ_Volatility_14D,0.001225268075359054,0.00041943425424903415,-0.0003026081103598699,4,1.0
A,29,QQQ_Volatility_14D,0.0012217919284012169,0.0004301864600045226,-0.0003177323014824651,4,1.0
A,5,QQQ_Volatility_14D,0.0012189502594992518,0.00029329882626249885,-1.4539749827235937e-05,4,1.0
A,6,QQQ_Volatility_14D,0.0012169855617685243,0.00028136650283858556,-1.841268385760486e-05,4,1.0
A,25,QQQ_Volatility_14D,0.0012118572631152347,0.00040020449923728924,-0.0002963940496556461,4,1.0
A,2,QQQ_Volatility_14D,0.0012113178527215496,0.0003140458196512187,-6.57307100482285e-06,4,1.0
A,30,QQQ_Volatility_14D,0.001208720335853286,0.00042768301811939053,-0.00027760972443502396,4,1.0
A,1,QQQ_Volatility_14D,0.0012073303369106725,0.00029977069901392426,-1.7641010344959795e-05,4,1.0
A,4,QQQ_Volatility_14D,0.0012063683243468404,0.00030172379816659656,-8.74274701345712e-06,4,1.0
A,3,QQQ_Volatility_14D,0.0012061571760568768,0.00031084960173518504,-6.31601142231375e-06,4,1.0
A,8,QQQ_Volatility_14D,0.0012027932971250266,0.0002770040671633948,-3.139933687634766e-05,4,1.0
A,7,QQQ_Volatility_14D,0.0011966856400249526,0.0002733125392598311,-1.787094515748322e-05,4,1.0
A,29,Relative_Volume_20D_Z60,0.0011951285268878564,0.0005951570393145749,-8.34726279208553e-05,4,1.0
A,24,QQQ_Volatility_14D,0.0011899647797690704,0.0003689052620738502,-0.00028701067640213296,4,1.0
A,25,Relative_Volume_20D_Z60,0.0011775650345953181,0.0007305349328729924,-0.00011726602406270104,4,1.0
A,9,QQQ_Volatility_14D,0.0011756100284401327,0.00027096813745759263,-4.306405025999993e-05,4,1.0
A,10,QQQ_Volatility_14D,0.0011636667913990095,0.00027249395109658003,-4.893061122857034e-05,4,1.0
A,23,QQQ_Volatility_14D,0.001161599182523787,0.00035600129828438243,-0.000264195041381754,4,1.0
A,22,QQQ_Volatility_14D,0.0011481287801871076,0.00035047598514097877,-0.0002498450339771807,4,1.0
A,21,QQQ_Volatility_14D,0.0011478238448034972,0.0003410900614966711,-0.000230555102461949,4,1.0
A,11,QQQ_Volatility_14D,0.0011469501332612708,0.00025261930960438357,-6.779146497137845e-05,4,1.0
A,20,QQQ_Volatility_14D,0.00114415047573857,0.0003390390994114731,-0.00021383425337262452,4,1.0
A,12,QQQ_Volatility_14D,0.0011395260808058083,0.00024446129122027653,-5.599518772214651e-05,4,1.0
A,13,QQQ_Volatility_14D,0.001126109273172915,0.0002625861759912185,-6.837463297415525e-05,4,1.0
A,18,QQQ_Volatility_14D,0.0011260799801675603,0.00029806693003883776,-0.0001666631578700617,4,1.0
A,17,QQQ_Volatility_14D,0.0011227558279642835,0.00029165300006935685,-0.00014863557589706033,4,1.0
A,15,QQQ_Volatility_14D,0.0011203987523913383,0.00027014674138279416,-9.356872760690749e-05,4,1.0
A,19,QQQ_Volatility_14D,0.0011187027994310483,0.000322349963608802,-0.00018024671589955688,4,1.0
A,16,QQQ_Volatility_14D,0.0011183976457687095,0.00028245373521178696,-0.00012273034371901304,4,1.0
A,14,QQQ_Volatility_14D,0.001111663630581461,0.0002563059175945619,-8.62863234942779e-05,4,1.0
B,30,Relative_Volume_20D_Z60,0.0039106186013668776,0.002346228386375089,0.0015872610638325568,4,1.0
B,27,RSI_14_Scaled,0.0031824337202124298,0.0018855744711448676,0.0018219807534478605,4,1.0
B,6,RSI_14_Scaled,0.0031698374077677727,0.002026049761375483,0.0017250833625439554,4,1.0
B,2,RSI_14_Scaled,0.0031696446530986577,0.001886851216273032,0.0014238466683309525,4,1.0
B,7,RSI_14_Scaled,0.003168069990351796,0.0020279996660346406,0.0017372358270222321,4,1.0
B,8,RSI_14_Scaled,0.0031643633265048265,0.0020718597224722046,0.0018350793397985399,4,1.0
B,18,RSI_14_Scaled,0.003156000340823084,0.002022063594499875,0.0021292239252943546,4,1.0
B,19,RSI_14_Scaled,0.00314868165878579,0.0019893876498682165,0.002017437684116885,4,1.0
B,3,RSI_14_Scaled,0.0031321179994847625,0.0019613235212975278,0.0015207406249828637,4,1.0
B,1,RSI_14_Scaled,0.0030973040557000786,0.0018448451081919885,0.0012608355173142627,4,1.0
B,9,RSI_14_Scaled,0.0030844297725707293,0.0019835196131969186,0.0018128849769709632,4,1.0
B,12,RSI_14_Scaled,0.003074122709222138,0.0016787526129766936,0.0018207733664894477,4,1.0
B,21,RSI_14_Scaled,0.0030615965370088816,0.001726701802182302,0.001899800161481835,4,1.0
B,5,RSI_14_Scaled,0.00305996707174927,0.0018532933889713692,0.0016505849198438227,4,1.0
B,28,RSI_14_Scaled,0.0030564902699552476,0.0016518567291384054,0.0016814909758977592,4,1.0
B,26,RSI_14_Scaled,0.0030549716320820153,0.0017212619395031573,0.001918660433148034,4,1.0
B,11,RSI_14_Scaled,0.003051837964449078,0.0018110490358499935,0.0017285281646763906,4,1.0
B,22,RSI_14_Scaled,0.003049061051569879,0.00174838988663997,0.001956969063030556,4,1.0
B,17,RSI_14_Scaled,0.0030476797837764025,0.0018223289244668145,0.0019721727003343403,4,1.0
B,10,RSI_14_Scaled,0.0030372566543519497,0.0019252909761447422,0.0018707349227042869,4,1.0
B,20,RSI_14_Scaled,0.003032224252820015,0.0018424415720606356,0.0018789666792144999,4,1.0
B,13,RSI_14_Scaled,0.0030192931299097836,0.0015361607827889998,0.001755334364133887,4,1.0
B,23,RSI_14_Scaled,0.003017171984538436,0.0015725997819505775,0.0019657382217701524,4,1.0
B,4,RSI_14_Scaled,0.0030106330814305693,0.001818417714494227,0.0016019108152249828,4,1.0
B,15,RSI_14_Scaled,0.0030062920413911343,0.0016818022350051083,0.0018361849652137607,4,1.0
B,16,RSI_14_Scaled,0.0030062436417210847,0.0017974273070347835,0.0018272306333528832,4,1.0
B,14,RSI_14_Scaled,0.002998875512275845,0.0015918637592095644,0.001803425548132509,4,1.0
B,25,RSI_14_Scaled,0.002953521383460611,0.0016477555531052327,0.0018392324418528005,4,1.0
B,24,RSI_14_Scaled,0.002899533079471439,0.0016245248722521238,0.0018542202669777907,4,1.0
B,30,RSI_14_Scaled,0.002898045931942761,0.001441597347488629,0.001351084079942666,4,1.0
B,29,RSI_14_Scaled,0.002883719454985112,0.001370185281543304,0.0014843388635199517,4,1.0
B,27,Price_to_SMA20_Z60,0.0028224449197296053,0.0026912698958223183,-0.00010044588998425752,4,1.0
B,30,Price_to_SMA20_Z60,0.0028077138995286077,0.0026723767863773146,-0.0004163230041740462,4,1.0
B,22,Price_to_SMA20_Z60,0.0027318313950672746,0.002715145456537135,3.5108401789329946e-05,4,1.0
B,25,Price_to_SMA20_Z60,0.0027158034645253792,0.0026548438980050684,-3.651010410976596e-05,4,1.0
B,21,Price_to_SMA20_Z60,0.0027155114948982373,0.002666211404263475,7.812323019606993e-05,4,1.0
B,26,Price_to_SMA20_Z60,0.0027014221996068954,0.0025843272381862155,-9.284685074817389e-05,4,1.0
B,19,Price_to_SMA20_Z60,0.0026704868796514347,0.0024703175266770246,0.00021956404816592112,4,1.0
B,28,Price_to_SMA20_Z60,0.0026281962782377377,0.0024711705192999,-0.00025643901972216554,4,1.0
B,29,Price_to_SMA20_Z60,0.002626091016281862,0.0025164026114850814,-0.0003432040539337322,4,1.0
B,23,Price_to_SMA20_Z60,0.002617514197481796,0.002599946313015281,1.5181678463704884e-05,4,1.0
B,20,Price_to_SMA20_Z60,0.002607322356197983,0.002463936435696979,0.0001282440425711684,4,1.0
B,24,Price_to_SMA20_Z60,0.002606606431072578,0.0025451135819795946,4.561329842545092e-05,4,1.0
B,2,Price_to_SMA20_Z60,0.0025839826848823577,0.0023377474980224755,0.00027925421272811946,4,1.0
B,3,Relative_Volume_20D_Z60,0.0025738643889781088,0.001653581401973632,0.0004797191777470289,4,1.0
B,18,Price_to_SMA20_Z60,0.0025657475925982,0.002238454166676204,0.00031018695881357417,4,1.0
B,6,Price_to_SMA20_Z60,0.002562488618423231,0.002387407337911405,0.0007054793641145807,4,1.0
B,1,Price_to_SMA20_Z60,0.0025536658213241026,0.002303870010586372,0.00019544013775885105,4,1.0
B,3,Price_to_SMA20_Z60,0.002545222479966469,0.002248438247022166,0.0003623474076448474,4,1.0
B,5,Price_to_SMA20_Z60,0.002536832631449215,0.002358451581774167,0.0007097125526343007,4,1.0
B,15,Price_to_SMA20_Z60,0.002524204712244682,0.002190692775211379,0.00033693677323753946,4,1.0
B,14,Price_to_SMA20_Z60,0.0025159765500575304,0.0021983895119196436,0.00046074164856690913,4,1.0
B,4,Price_to_SMA20_Z60,0.0025107875117100775,0.0022330121409875306,0.0005962006871413905,4,1.0
B,17,Price_to_SMA20_Z60,0.0025107819819822907,0.0021068749029381287,0.0003460787556832656,4,1.0
B,13,Price_to_SMA20_Z60,0.002508566467440687,0.002145866077305467,0.0005572590016527101,4,1.0
B,16,Price_to_SMA20_Z60,0.0025052580022020265,0.0021482106380011235,0.0003918380898539908,4,1.0
B,7,Relative_Volume_20D_Z60,0.0024560903548263013,0.0016297786938740152,0.00022058404647395946,4,1.0
B,12,Price_to_SMA20_Z60,0.0024513856624253094,0.0020813381135653237,0.00047982632895582356,4,1.0
B,22,Relative_Volume_20D_Z60,0.00244486314477399,0.0015651124761569457,0.0005122411303091212,4,1.0
B,11,Price_to_SMA20_Z60,0.0024432356731267646,0.0020910031008425367,0.0005487293583428254,4,1.0
B,7,Price_to_SMA20_Z60,0.002441254007862881,0.0022948295225669454,0.0007756682607578114,4,1.0
B,8,Price_to_SMA20_Z60,0.0024227633548434824,0.002230101171889448,0.0007862176753405947,4,1.0
B,2,Relative_Volume_20D_Z60,0.002403722406597808,0.0013473853895383772,0.0002544200324336998,4,1.0
B,9,Price_to_SMA20_Z60,0.0024025495222304016,0.002135456402437021,0.00077982975562918,4,1.0
B,10,Price_to_SMA20_Z60,0.0023788686958141625,0.002095958682001688,0.0006735408314852975,4,1.0
B,1,Relative_Volume_20D_Z60,0.002377848548348993,0.0012612673019494437,0.00013028604416831513,4,1.0
B,6,Relative_Volume_20D_Z60,0.002352748269913718,0.0013399277948958073,6.782469199606567e-06,4,1.0
B,5,Relative_Volume_20D_Z60,0.0023342490603681654,0.0012806601039926867,-1.2347140000201762e-05,4,1.0
B,21,Relative_Volume_20D_Z60,0.002302152191987261,0.0015382494988638695,0.00024022847173910122,4,1.0
B,13,Relative_Volume_20D_Z60,0.0022929456026759,0.0011957234961702365,-0.0001787377186701633,4,1.0
B,9,Relative_Volume_20D_Z60,0.0022899231844348833,0.0012592908704883387,-5.211875759414397e-05,4,1.0
B,4,Relative_Volume_20D_Z60,0.0022514799784403294,0.0012533333638107015,0.00016575862537138164,4,1.0
B,23,Relative_Volume_20D_Z60,0.002250935256597586,0.0013960580790098568,2.551825309637934e-05,4,1.0
B,28,Relative_Volume_20D_Z60,0.0022453481215052307,0.0011298692592657384,0.0001239968155459792,4,1.0
B,10,Relative_Volume_20D_Z60,0.0022220188984647393,0.0013894063221175001,9.065690755960532e-05,4,1.0
B,17,Relative_Volume_20D_Z60,0.002214825653936714,0.001282014501442977,-2.0333409338491037e-05,4,1.0
B,20,Relative_Volume_20D_Z60,0.002190215338487178,0.0012462115898327199,0.000196599678019993,4,1.0
B,12,Relative_Volume_20D_Z60,0.002184723925893195,0.001200580930541058,-0.00010984572782035684,4,1.0
B,8,Relative_Volume_20D_Z60,0.0021810276084579527,0.001253988337021242,-9.896197298076004e-06,4,1.0
B,15,Relative_Volume_20D_Z60,0.0021212546853348613,0.0012896835266346066,1.993076512007974e-05,4,1.0
B,16,Relative_Volume_20D_Z60,0.0021176791342440993,0.0011513963608617854,-7.883953094278695e-05,4,1.0
B,28,Volatility_14D_Z60,0.0021067144407425076,0.001262174902578623,-7.456157254637219e-05,4,1.0
B,26,Relative_Volume_20D_Z60,0.002099966222885996,0.0012643941171751527,0.00011480033981570159,4,1.0
B,27,Relative_Volume_20D_Z60,0.002093220333335921,0.0011794952927212147,0.0001048610311045195,4,1.0
B,29,Volatility_14D_Z60,0.002067967492621392,0.0012485264733370302,6.389706322806887e-05,4,1.0
B,18,Relative_Volume_20D_Z60,0.0020641938463086262,0.0012873585635774624,-0.00010671931272554502,4,1.0
B,27,Volatility_14D_Z60,0.002046947876806371,0.0012399521392020933,-1.463329499529209e-05,4,1.0
B,11,Relative_Volume_20D_Z60,0.0020372945145936683,0.0010808127105838593,-0.00021096680166010628,4,1.0
B,30,Volatility_14D_Z60,0.0020082422415725887,0.0011473815346460226,1.7410779037163593e-05,4,1.0
B,24,Relative_Volume_20D_Z60,0.001997336163185537,0.0011889995176584567,5.001773388357833e-06,4,1.0
B,19,Relative_Volume_20D_Z60,0.001977912659640424,0.0011098765440016934,-0.00019171075655322056,4,1.0
B,2,Volatility_14D_Z60,0.0019646664877654985,0.001243621166934564,-3.264470615249593e-05,4,1.0
B,29,Relative_Volume_20D_Z60,0.001962538357474841,0.0011246417578707098,0.00017039847898558946,4,1.0
B,26,Volatility_14D_Z60,0.0019573219906305894,0.0011223405396502434,-0.00011904220991709735,4,1.0
B,4,Volatility_14D_Z60,0.0019498789770295843,0.001215018310983348,6.292765465332195e-05,4,1.0
B,1,Volatility_14D_Z60,0.0019430164684308693,0.0012524952827769839,-0.0001173339242086513,4,1.0
B,14,Relative_Volume_20D_Z60,0.0019396504358155653,0.0011166732109792158,-0.0002573740184743656,4,1.0
B,3,Volatility_14D_Z60,0.0019255345687270164,0.0012225325947060072,7.258209006977268e-05,4,1.0
B,5,Volatility_14D_Z60,0.0019026978116016835,0.0011597371680838174,7.913849549368024e-05,4,1.0
B,6,Volatility_14D_Z60,0.0018993817939190194,0.0011907498149140853,9.67169580690097e-05,4,1.0
B,13,Daily_Range_Z60,0.001896984875202179,0.0009947679798031582,0.0007655696808797074,4,1.0
B,24,Volatility_14D_Z60,0.001886286961962469,0.000991368780646618,-0.00011889040433743503,4,1.0
B,25,Relative_Volume_20D_Z60,0.001882933807792142,0.0011001894337630334,-4.805543812835822e-05,4,1.0
B,25,Volatility_14D_Z60,0.001879018294857815,0.00109199366182854,-0.00011558509686437901,4,1.0
B,7,Volatility_14D_Z60,0.001861303739133291,0.0011270655478561084,9.59716307988856e-05,4,1.0
B,22,Volatility_14D_Z60,0.0018550289096310735,0.0010691681361776168,-4.8985999455908313e-05,4,1.0
B,19,Log_Return_5D_Z60,0.0018512994865886867,0.0005466548321526677,7.893576548667625e-05,4,1.0
B,8,Volatility_14D_Z60,0.0018353945924900472,0.0010985473292197268,6.756551010766998e-05,4,1.0
B,30,Log_Return_5D_Z60,0.0018332995532546192,0.0006470175228267066,0.00024204153487517033,4,1.0
B,21,Volatility_14D_Z60,0.0018219716585008428,0.0010394620986311925,3.267361194048135e-05,4,1.0
B,23,Volatility_14D_Z60,0.001811897658626549,0.0009673394430614284,-4.4429699300962966e-05,4,1.0
B,9,Volatility_14D_Z60,0.0018074009276460856,0.0010845806724398932,0.00013799549560644664,4,1.0
B,16,Daily_Range_Z60,0.0018022166041191667,0.0010047871786427493,0.0007455424897671037,4,1.0
B,18,Volatility_14D_Z60,0.0017706984363030642,0.0009783057813203676,7.347164319071453e-05,4,1.0
B,13,Log_Return_5D_Z60,0.001768644986441359,0.00036418215293393527,0.00018590134095575195,4,1.0
B,20,Volatility_14D_Z60,0.0017660273588262498,0.0010368965478595663,2.1100852791278157e-05,4,1.0
B,11,Volatility_14D_Z60,0.0017631636001169682,0.000967998729923927,0.0002491730101610301,4,1.0
B,10,Volatility_14D_Z60,0.001762645406415686,0.0010113705151404415,0.00018158972670789808,4,1.0
B,12,Volatility_14D_Z60,0.0017570062773302197,0.0009497698911201654,0.00025223731972801033,4,1.0
B,15,Daily_Range_Z60,0.0017558401159476489,0.0007317519910645797,0.000561887482263046,4,1.0
B,12,Log_Return_5D_Z60,0.001755011995555833,0.0004312354874309163,0.00021470118190336507,4,1.0
B,6,Log_Return_5D_Z60,0.0017532236088300124,0.0005491541233640288,-0.00010718223256844794,4,1.0
B,19,Volatility_14D_Z60,0.0017528746975585818,0.0010095469725879902,0.00010721720900619403,4,1.0
B,13,Volatility_14D_Z60,0.0017527302697999403,0.0009371382813232887,0.00020635875807784032,4,1.0
B,18,Log_Return_5D_Z60,0.0017482209368608892,0.0005459340949258017,8.962339779827744e-05,4,1.0
B,12,Daily_Range_Z60,0.0017458807269576937,0.0008412690476466678,0.00038322280306601897,4,1.0
B,20,Log_Return_5D_Z60,0.0017397041083313525,0.00047570423378638394,0.00012038514796586242,4,1.0
B,27,QQQ_Volatility_14D,0.0017396118346368894,0.0007305879915269763,-0.0002870137832360342,4,1.0
B,28,Intraday_Return_Z60,0.001737729282467626,0.0016064608595813767,-0.00015778369606778142,4,1.0
B,28,QQQ_Volatility_14D,0.001734393445076421,0.0007195379757767646,-0.0002548356060287915,4,1.0
B,26,QQQ_Volatility_14D,0.0017310350522166118,0.0007018356285622371,-0.00024750048760324717,4,1.0
B,25,QQQ_Volatility_14D,0.0017277513688895851,0.000702977081345625,-0.00024469233176205307,4,1.0
B,17,Volatility_14D_Z60,0.0017272607947234064,0.0009100588414202609,3.298364026704803e-05,4,1.0
B,9,Daily_Range_Z60,0.0017236117564607412,0.0006864536848855819,0.0005343118900782429,4,1.0
B,24,Daily_Range_Z60,0.0017081213009078056,0.0007422932295834863,0.0002960220954264514,4,1.0
B,24,QQQ_Volatility_14D,0.0017058003577403724,0.0006969445922172469,-0.00024829285393934697,4,1.0
B,29,QQQ_Volatility_14D,0.0017028659058269113,0.000689359940496651,-0.00025879688473651186,4,1.0
B,14,Volatility_14D_Z60,0.0017019525403156877,0.000933271704604068,0.00019698204050655477,4,1.0
B,22,Log_Return_5D_Z60,0.0016968016570899636,0.0005528481321078704,0.00022745978117200139,4,1.0
B,4,Daily_Range_Z60,0.0016958015330601484,0.0008216116334463622,0.0004962475577485748,4,1.0
B,23,Log_Return_5D_Z60,0.0016917847970034927,0.0005606459356375871,0.00025694862779346295,4,1.0
B,14,Log_Return_5D_Z60,0.0016917090688366443,0.0003365187945327685,0.0002454388541082153,4,1.0
B,27,Log_Return_5D_Z60,0.0016907725657802075,0.0005331782653868792,9.49867417148198e-05,4,1.0
B,15,Intraday_Return_Z60,0.0016895785665838048,0.0013433753069277104,3.473477414672743e-05,4,1.0
B,21,Log_Return_5D_Z60,0.0016881322662811726,0.0005495621514000564,0.00013930692330177408,4,1.0
B,17,Log_Return_5D_Z60,0.0016879876202438027,0.000516592916020212,2.8247450245544314e-05,4,1.0
B,29,Log_Return_5D_Z60,0.0016810538509162143,0.0005693895474119137,0.0002765535055004875,4,1.0
B,17,QQQ_Volatility_14D,0.00167662269086577,0.0007761141073948654,-0.0003207302615919616,4,1.0
B,15,Volatility_14D_Z60,0.0016765542095527053,0.0009042259076352091,7.903826735855546e-05,4,1.0
B,1,Log_Return_5D_Z60,0.0016747898480389267,0.0004291557660816662,8.226862701121718e-05,4,1.0
B,7,Log_Return_5D_Z60,0.0016737388796173036,0.0004704961090221778,-9.535236085866927e-05,4,1.0
B,16,Volatility_14D_Z60,0.0016712160577299073,0.0008699190378170091,8.010446981643327e-05,4,1.0
B,30,QQQ_Volatility_14D,0.0016693049255991355,0.0006981802165542404,-0.0002637928073454532,4,1.0
B,18,QQQ_Volatility_14D,0.0016685445298207924,0.000784214711300766,-0.000334630865836516,4,1.0
B,24,Log_Return_5D_Z60,0.001668069016886875,0.0005048389962791445,0.00018098919917974854,4,1.0
B,23,QQQ_Volatility_14D,0.0016678026877343655,0.0007287014283677582,-0.00028702186682494357,4,1.0
B,20,Daily_Range_Z60,0.0016670674667693675,0.0009033614835845548,0.00043002133315894753,4,1.0
B,21,QQQ_Volatility_14D,0.001666689247940667,0.0007544864076463732,-0.00029322379486984573,4,1.0
B,22,QQQ_Volatility_14D,0.0016666033188812435,0.0007284556555097526,-0.00026884636463364586,4,1.0
B,20,QQQ_Volatility_14D,0.0016647947049932554,0.0007646120899387229,-0.00029269864899106324,4,1.0
B,23,Daily_Range_Z60,0.0016645604628138244,0.0007849639064806434,0.00023057705811879714,4,1.0
B,2,Log_Return_5D_Z60,0.0016629803867544979,0.00042504899551401245,4.8517948016524315e-05,4,1.0
B,5,Log_Return_5D_Z60,0.0016629364690743387,0.00046254145303554497,-9.742735710460693e-05,4,1.0
B,4,Log_Return_5D_Z60,0.0016570496663916856,0.0004084509238723945,-0.00011407301371946232,4,1.0
B,30,Log_Return_1D_Z60,0.001656626191106625,0.0013201255224801352,4.404091669130139e-05,4,1.0
B,17,Daily_Range_Z60,0.001655851083341986,0.0007368304467883064,0.0005302089775796048,4,1.0
B,16,Log_Return_5D_Z60,0.0016537569463253021,0.0005006103871510626,0.00012951244934811257,4,1.0
B,25,Log_Return_5D_Z60,0.0016535812465008348,0.0004912736895280792,0.00013710068560612854,4,1.0
B,10,Log_Return_5D_Z60,0.0016523506783414632,0.00042017737471616157,3.3255295420531183e-05,4,1.0
B,27,Log_Return_1D_Z60,0.001651699363719672,0.0014194885038598469,2.825920091709122e-06,4,1.0
B,24,Intraday_Return_Z60,0.0016500790225109085,0.0015552498246809159,2.3659251382923685e-05,4,1.0
B,16,QQQ_Volatility_14D,0.001649116529733874,0.0007766143949592762,-0.00032640165227348916,4,1.0
B,11,Log_Return_5D_Z60,0.00164903822587803,0.00031624844613882097,0.00012894697556475876,4,1.0
B,8,QQQ_Volatility_14D,0.0016489959380123764,0.0007653342134789333,-0.000468337118945783,4,1.0
B,15,Log_Return_5D_Z60,0.0016487881948705763,0.00044633248750480245,0.00022066975270718103,4,1.0
B,6,QQQ_Volatility_14D,0.0016443775675725192,0.000764165588259684,-0.0004885515299974941,4,1.0
B,19,QQQ_Volatility_14D,0.0016429469542345032,0.0007979819829505751,-0.0003357170626259176,4,1.0
B,21,Intraday_Return_Z60,0.0016419958410551772,0.0015614232071892303,0.00019262681144027738,4,1.0
B,5,QQQ_Volatility_14D,0.001639529611566104,0.0007344867426145222,-0.00047386241203639656,4,1.0
B,3,Log_Return_5D_Z60,0.0016388681542593986,0.00040081484945977844,-2.2560323486686684e-05,4,1.0
B,9,Log_Return_5D_Z60,0.0016366599884349853,0.0004023876524436415,-2.065042622234614e-06,4,1.0
B,7,QQQ_Volatility_14D,0.0016336675180355087,0.0007675999372004841,-0.0004929060633003246,4,1.0
B,5,Daily_Range_Z60,0.0016331183724105358,0.0007797139428138384,0.0004412032321852166,4,1.0
B,12,Intraday_Return_Z60,0.0016324165626429021,0.0013319247328136676,0.00032376640592701733,4,1.0
B,9,QQQ_Volatility_14D,0.0016292546933982521,0.0007524887014291041,-0.0004505079014052171,4,1.0
B,15,QQQ_Volatility_14D,0.0016285832243738696,0.0007851000724041026,-0.0003587424798752181,4,1.0
B,8,Log_Return_5D_Z60,0.0016278138209600002,0.0004035655965497145,-6.89070513999468e-05,4,1.0
B,12,QQQ_Volatility_14D,0.001626406767172739,0.0007994186975795088,-0.0004248789455232327,4,1.0
B,22,Daily_Range_Z60,0.0016246637824224308,0.0008552418787180928,0.000421937051214627,4,1.0
B,26,Daily_Range_Z60,0.0016215712821576744,0.0005404567251503879,0.0002622469146444928,4,1.0
B,11,QQQ_Volatility_14D,0.0016201972757698968,0.0008092448565926306,-0.00046003552415641025,4,1.0
B,10,QQQ_Volatility_14D,0.001619200484128669,0.0007719526660741696,-0.0004410276742419228,4,1.0
B,13,QQQ_Volatility_14D,0.0016191407048609108,0.0007949739835183021,-0.0003853808648273116,4,1.0
B,28,Log_Return_5D_Z60,0.0016167739522643387,0.00046571105241513614,0.0001303600847677444,4,1.0
B,13,Intraday_Return_Z60,0.0016158954531420022,0.0013173775282948898,-0.00014226011251139425,4,1.0
B,4,QQQ_Volatility_14D,0.0016145606932695955,0.0007291797479882404,-0.00047199143591569737,4,1.0
B,2,QQQ_Volatility_14D,0.001610819046618417,0.0007340598204717451,-0.0005017774165025912,4,1.0
B,28,Daily_Range_Z60,0.0016100759094115347,0.0006520252083826177,0.00011103940778411925,4,1.0
B,1,QQQ_Volatility_14D,0.0016100392822409049,0.0007378055089976847,-0.00051861227984773,4,1.0
B,18,Daily_Range_Z60,0.0016096030012704432,0.0007148637950938072,0.00042962243423971813,4,1.0
B,8,Daily_Range_Z60,0.0016087386175058782,0.000802150893843454,0.0004331091186031699,4,1.0
B,14,QQQ_Volatility_14D,0.0016084610106190667,0.0007958418078476702,-0.0003943209076169296,4,1.0
B,27,Daily_Range_Z60,0.0016083769442047924,0.0006971009138163539,0.00012289646110730246,4,1.0
B,3,Daily_Range_Z60,0.0016058364126365632,0.0009266371310811308,0.000372398724721279,4,1.0
B,26,Log_Return_5D_Z60,0.0016049688711063936,0.00048683183132349666,0.0001310679517700919,4,1.0
B,3,QQQ_Volatility_14D,0.0016043812356656417,0.0007320817709989102,-0.0004855404404224828,4,1.0
B,30,Daily_Range_Z60,0.001595365843968466,0.0005970210258806353,0.000341543407557765,4,1.0
B,1,Daily_Range_Z60,0.0015934257244225591,0.0006981707915131489,0.00045841079281672137,4,1.0
B,20,Intraday_Return_Z60,0.0015806314768269658,0.0013746959126100583,0.00017362518883601297,4,1.0
B,10,Intraday_Return_Z60,0.0015743697877041996,0.0012916117163565474,0.00010335311253584223,4,1.0
B,11,Intraday_Return_Z60,0.0015724104596301913,0.0013174577623670698,9.509333358437289e-05,4,1.0
B,21,Daily_Range_Z60,0.001570951280882582,0.0007580369676754814,0.0003828932367468951,4,1.0
B,16,Intraday_Return_Z60,0.0015688273415435106,0.0013114531255872758,-2.1514256332011428e-05,4,1.0
B,11,Daily_Range_Z60,0.0015588567475788295,0.0007209160543025077,0.0002866945396817755,4,1.0
B,10,Daily_Range_Z60,0.0015572249831166118,0.0007519750081805246,0.00045181851237430237,4,1.0
B,6,Daily_Range_Z60,0.0015554596902802587,0.0006176427279667746,0.0002866732801294347,4,1.0
B,15,Log_Return_1D_Z60,0.0015524430928053334,0.0010206097473367648,3.0946204788051546e-05,4,1.0
B,14,Daily_Range_Z60,0.0015455381944775581,0.0010119979831123534,0.0006024204012646805,4,1.0
B,28,Log_Return_1D_Z60,0.0015398730611195788,0.0012245625976266149,-3.398030639800709e-05,4,1.0
B,12,Log_Return_1D_Z60,0.0015381978009827435,0.0012678589974246424,-2.9655643629666883e-06,4,1.0
B,1,Log_Return_1D_Z60,0.0015381496486952528,0.0012507772946904105,5.700971678379574e-05,4,1.0
B,25,Daily_Range_Z60,0.0015305498091038316,0.0006966705900453235,0.0002627983885759022,4,1.0
B,27,Intraday_Return_Z60,0.0015302273750421591,0.0012847280731477344,-2.386429696343839e-05,4,1.0
B,9,Intraday_Return_Z60,0.0015269908617483452,0.0011652638580293335,2.1946470951661468e-06,4,1.0
B,2,Daily_Range_Z60,0.0015180692134890705,0.0007894452008153815,0.00040064633867586963,4,1.0
B,8,Intraday_Return_Z60,0.0015135659850784577,0.0012732169475567143,-0.00010718259886743908,4,1.0
B,16,Log_Return_1D_Z60,0.001513015857199207,0.0010355920448757647,-6.584373707596569e-06,4,1.0
B,29,Intraday_Return_Z60,0.0015025388493086211,0.0012178406560315414,0.0002903043387050275,4,1.0
B,5,Intraday_Return_Z60,0.0014953593126847409,0.0011633467389608005,0.0001222842820425285,4,1.0
B,7,Daily_Range_Z60,0.0014949516335036606,0.0006560548341553057,6.554853280249517e-05,4,1.0
B,10,Log_Return_1D_Z60,0.0014926803269190714,0.001121809474180424,-6.541847164953651e-05,4,1.0
B,29,Log_Return_1D_Z60,0.00149252125993371,0.001236306991494555,0.00010391431669631856,4,1.0
B,23,Intraday_Return_Z60,0.0014896738066454418,0.0012201107985280438,5.53486615899601e-05,4,1.0
B,21,Log_Return_1D_Z60,0.0014894187188474461,0.0011658976350178236,5.7288447351311333e-05,4,1.0
B,18,Intraday_Return_Z60,0.0014884954362059943,0.0011997424102977669,6.480988395196619e-05,4,1.0
B,2,Intraday_Return_Z60,0.0014852029635221697,0.0013323204805804085,-4.857318023709922e-05,4,1.0
B,19,Intraday_Return_Z60,0.001480747312598396,0.0012468685088800574,2.661693406480481e-05,4,1.0
B,6,Intraday_Return_Z60,0.0014790501518291421,0.0011277302595649298,-0.00012529139348771423,4,1.0
B,22,Intraday_Return_Z60,0.0014770649722777307,0.0010744037897463046,-8.285553667519707e-05,4,1.0
B,17,Intraday_Return_Z60,0.0014751836424693465,0.0012396091739928588,9.083290319722437e-05,4,1.0
B,1,Intraday_Return_Z60,0.0014747716704732738,0.001161157531580294,1.2358167623460758e-05,4,1.0
B,4,Log_Return_1D_Z60,0.0014710360555909574,0.0011665916120304363,7.547071072622202e-05,4,1.0
B,7,Intraday_Return_Z60,0.0014708767193951644,0.0013281725752375933,2.72793536169047e-05,4,1.0
B,19,Daily_Range_Z60,0.001466781395720318,0.0006273483998467149,0.00036840672328253277,4,1.0
B,6,Log_Return_1D_Z60,0.0014667666691821069,0.001174284608315227,9.268225767300464e-06,4,1.0
B,22,Log_Return_1D_Z60,0.00146650560782291,0.0011273076687377316,-0.0003037809736952113,4,1.0
B,3,Log_Return_1D_Z60,0.0014630691730417311,0.0012904429634428274,2.7446187232271768e-05,4,1.0
B,26,Log_Return_1D_Z60,0.0014625899348175153,0.0011487101695763374,-3.401712092454545e-05,4,1.0
B,3,Intraday_Return_Z60,0.0014612320155720226,0.0011392557528713864,-0.00015354196148109622,4,1.0
B,30,Intraday_Return_Z60,0.0014574009328498505,0.0010384243903769704,-8.812715577732888e-06,4,1.0
B,26,Intraday_Return_Z60,0.001455195371818263,0.001058682051208581,1.2400910236465279e-05,4,1.0
B,25,Intraday_Return_Z60,0.0014535330046783201,0.0012198981915347328,0.0002868197498173686,4,1.0
B,5,Log_Return_1D_Z60,0.001450304058380425,0.0012184897785341641,6.225172182894312e-05,4,1.0
B,8,Log_Return_1D_Z60,0.0014427726855501533,0.001170568241911222,0.00013607901212253637,4,1.0
B,9,Log_Return_1D_Z60,0.00143329770071432,0.0011558202391079206,3.4259634048794396e-05,4,1.0
B,4,Intraday_Return_Z60,0.0014304360811365768,0.0010285865832699711,-0.000216848517084145,4,1.0
B,14,Intraday_Return_Z60,0.001427043491275981,0.0011194420165807964,0.0002061308769043535,4,1.0
B,11,Log_Return_1D_Z60,0.001427041643182747,0.0010908963856836851,0.00016922833492571954,4,1.0
B,29,Daily_Range_Z60,0.0014244938211049885,0.0005370344876661054,0.00014393669334822334,4,1.0
B,13,Log_Return_1D_Z60,0.0014177288539940491,0.0009155126825399131,2.0929974198224954e-05,4,1.0
B,25,Log_Return_1D_Z60,0.0014160488499328494,0.0011940355884038302,-4.916801117360592e-07,4,1.0
B,17,Log_Return_1D_Z60,0.0014134977536741644,0.0011199169611755741,-0.0001198263926198706,4,1.0
B,24,Log_Return_1D_Z60,0.0014109733165241778,0.0010276233652002456,0.00010309175740985665,4,1.0
B,18,Log_Return_1D_Z60,0.0013876026641810313,0.001150604479591569,-0.00019587356109695975,4,1.0
B,20,Log_Return_1D_Z60,0.001385627780109644,0.0009432432415339172,9.405239688931033e-05,4,1.0
B,2,Log_Return_1D_Z60,0.0013839838211424649,0.0009462010038722308,-2.588509232737124e-06,4,1.0
B,23,Log_Return_1D_Z60,0.0013791914680041373,0.0009456112260880054,-3.719121309586626e-05,4,1.0
B,19,Log_Return_1D_Z60,0.0013129327271599323,0.001104132067551496,3.924577686120756e-05,4,1.0
B,30,QQQ_Log_Return_1D,0.0013089213898638263,0.0004780534218396255,-8.79459548741579e-06,4,1.0
B,22,QQQ_Log_Return_1D,0.0013055363961029798,0.00025045701406282994,7.532852669100976e-05,4,1.0
B,24,QQQ_Log_Return_1D,0.0013038886536378413,0.00038171466301433187,0.00012186023832327919,4,1.0
B,14,Log_Return_1D_Z60,0.0013032767456024885,0.0010165898768577947,-0.00015107333001651568,4,1.0
B,29,QQQ_Log_Return_1D,0.0013012747513130307,0.0004462307905392631,5.7945742810261436e-05,4,1.0
B,7,Log_Return_1D_Z60,0.0012928242649650201,0.0009839463064001109,-9.471641817526688e-06,4,1.0
B,20,QQQ_Log_Return_1D,0.001288414787268266,0.00032770783147194116,9.145827789325267e-05,4,1.0
B,3,QQQ_Log_Return_1D,0.0012626445095520467,0.00033471625770120953,4.476919207263563e-05,4,1.0
B,12,QQQ_Log_Return_1D,0.0012598272587638348,0.0002405609995732063,-9.189836873702006e-07,4,1.0
B,21,QQQ_Log_Return_1D,0.0012597995955729857,0.0002521957129591948,0.00013207425263317418,4,1.0
B,26,QQQ_Log_Return_1D,0.0012525915226433426,0.00035430560679997915,4.776260902872309e-05,4,1.0
B,28,QQQ_Log_Return_1D,0.0012469786452129483,0.000323508350771081,-3.9028973787935684e-05,4,1.0
B,16,QQQ_Log_Return_1D,0.0012423034058883786,0.00031137035794861616,9.29795623960672e-06,4,1.0
B,8,QQQ_Log_Return_1D,0.0012413166696205735,0.00021530230174153945,0.00010148276896870811,4,1.0
B,4,QQQ_Log_Return_1D,0.0012397287209751084,0.0002205983723470262,0.00015358183907210332,4,1.0
B,10,QQQ_Log_Return_1D,0.0012312934268265963,0.00019209502509666263,4.670477119361749e-05,4,1.0
B,15,QQQ_Log_Return_1D,0.0012262929521966726,0.00020630622720070837,0.0001617417859733905,4,1.0
B,17,QQQ_Log_Return_1D,0.0012262811651453376,0.0002405450954385349,-5.811340452055447e-05,4,1.0
B,13,QQQ_Log_Return_1D,0.0012239986390341073,0.00034345303355945954,-2.0393529212014982e-06,4,1.0
B,25,QQQ_Log_Return_1D,0.0012213059817440808,0.00024336575053603797,2.3631289877812378e-05,4,1.0
B,9,QQQ_Log_Return_1D,0.001211383583722636,0.0002725048623732101,1.6166698060260387e-05,4,1.0
B,27,QQQ_Log_Return_1D,0.0012105865607736632,0.000270179776718377,0.00010115299301105551,4,1.0
B,5,QQQ_Log_Return_1D,0.0012105195492040366,0.0002664674362106187,4.5823908294551075e-05,4,1.0
B,19,QQQ_Log_Return_1D,0.0012056633713655174,0.00024661907279060363,-2.996967396029504e-05,4,1.0
B,1,QQQ_Log_Return_1D,0.001202386658405885,0.0003554566544124166,0.00014685115340284938,4,1.0
B,11,QQQ_Log_Return_1D,0.0011758852197090164,0.00019611230391994086,0.00018753919425762433,4,1.0
B,14,QQQ_Log_Return_1D,0.0011679373565129936,0.00027764465129261816,2.556453296165273e-06,4,1.0
B,7,QQQ_Log_Return_1D,0.0011614864342845976,0.0001822626362409571,8.385562978219241e-05,4,1.0
B,6,QQQ_Log_Return_1D,0.0011583051091292873,0.0001970391764332725,0.00021822710073138296,4,1.0
B,2,QQQ_Log_Return_1D,0.0011510020412970334,0.00031480788611627927,-6.4037449192255735e-06,4,1.0
B,18,QQQ_Log_Return_1D,0.0011248946830164641,0.00018599286761699686,-3.588203526305733e-05,4,1.0
B,23,QQQ_Log_Return_1D,0.001110484852688387,0.0002534314845907442,3.0012850970706495e-05,4,1.0
B,7,QQQ_Log_Return_5D,0.001088890501705464,0.0010035930111593901,0.0004353369113232475,4,1.0
B,6,QQQ_Log_Return_5D,0.0010858706300496124,0.0010297451034941077,0.0004357146935944911,4,1.0
B,26,QQQ_Log_Return_5D,0.0010745826657512225,0.0008009893630536629,0.00033066196647268953,4,1.0
B,19,QQQ_Log_Return_5D,0.0010693117801565677,0.0007605423218080563,0.00046359839689102955,4,1.0
B,8,QQQ_Log_Return_5D,0.0010531568186706863,0.0009755318967323423,0.00042851917942243745,4,1.0
B,1,QQQ_Log_Return_5D,0.0010480561322765425,0.0009425986886919843,0.00011325653122185031,4,1.0
B,20,QQQ_Log_Return_5D,0.0010452582937432453,0.0007619980043500091,0.0003828883491223678,4,1.0
B,9,QQQ_Log_Return_5D,0.0010394459241069853,0.0009680216897448447,0.0004130155366510735,4,1.0
B,5,QQQ_Log_Return_5D,0.0010361173262936063,0.0009556430061364781,0.0003988916341768345,4,1.0
B,30,QQQ_Log_Return_5D,0.0010337698258808814,0.0008734477844718589,0.0001816638141463045,4,1.0
B,18,QQQ_Log_Return_5D,0.0010296594555256888,0.0008525121373023632,0.0005270054680295289,4,1.0
B,3,QQQ_Log_Return_5D,0.0010289404235663824,0.0010115234489743064,0.0002484473188815173,4,1.0
B,4,QQQ_Log_Return_5D,0.0010266629033139907,0.0009571418509062413,0.00033678498039080296,4,1.0
B,2,QQQ_Log_Return_5D,0.0010256443565594964,0.0009991994182136038,0.0001856800868154096,4,1.0
B,25,QQQ_Log_Return_5D,0.0010230078623862937,0.0007362327352154052,0.0002864433827198809,4,1.0
B,17,QQQ_Log_Return_5D,0.0010114827819052152,0.0008460965570051597,0.0005496054709510645,4,1.0
B,28,QQQ_Log_Return_5D,0.0010106244444614276,0.0006953141691278813,0.0002488651484782167,4,1.0
B,27,QQQ_Log_Return_5D,0.001008400649880059,0.0007273588031024796,0.00033262324996030657,4,1.0
B,10,QQQ_Log_Return_5D,0.001007739883789327,0.0008860250053991004,0.0003910423738489044,4,1.0
B,29,QQQ_Log_Return_5D,0.0010069805575767532,0.000769416119134379,0.000194242036968717,4,1.0
B,23,QQQ_Log_Return_5D,0.0010051477729575709,0.0007311836678430337,0.00027071030854131095,4,1.0
B,14,QQQ_Log_Return_5D,0.0009994121646741405,0.0007042830014431976,0.0003434390528127551,4,1.0
B,24,QQQ_Log_Return_5D,0.0009919630756485276,0.000735359724282635,0.0002527511069274624,4,1.0
B,16,QQQ_Log_Return_5D,0.0009887422347674146,0.0008295868484028401,0.0005155530952833942,4,1.0
B,15,QQQ_Log_Return_5D,0.0009719093795865774,0.0007473678471391544,0.00041127961594611406,4,1.0
B,11,QQQ_Log_Return_5D,0.0009668564453022555,0.000780844887974851,0.00022888373780460824,4,1.0
B,21,QQQ_Log_Return_5D,0.000965561848715879,0.0006351228461933671,0.00038718579162377864,4,1.0
B,13,QQQ_Log_Return_5D,0.0009644526726333424,0.0006433222045039997,0.0002984973652928602,4,1.0
B,22,QQQ_Log_Return_5D,0.0009571588961989619,0.0006095001649994659,0.00029297874425537884,4,1.0
B,12,QQQ_Log_Return_5D,0.0009555832657497376,0.0007131095444716554,0.0002461177327859332,4,1.0
C,13,Intraday_Return_Z60,0.004542854643659666,0.0037661350226520143,0.0002456090437590319,4,1.0
C,16,Intraday_Return_Z60,0.00452295906143263,0.0037551666943882733,-0.00038945295727899065,4,1.0
C,24,Intraday_Return_Z60,0.004272130725439638,0.0034139914445432207,0.00012820632673538057,4,1.0
C,15,Intraday_Return_Z60,0.00425025713047944,0.0031554334763149957,0.00014030871489012497,4,1.0
C,28,Intraday_Return_Z60,0.004237515386193991,0.003126702322618571,8.21014036773704e-05,4,1.0
C,10,Intraday_Return_Z60,0.004155562375672162,0.0032712931044410762,0.00025250956605304964,4,1.0
C,21,Intraday_Return_Z60,0.004153518530074507,0.0032619146875970464,0.00010865327931242064,4,1.0
C,12,Intraday_Return_Z60,0.004084418003913015,0.0029747034486023514,0.00030117551068542525,4,1.0
C,14,Intraday_Return_Z60,0.004050007177283987,0.003313124677083116,0.00013670890007233538,4,1.0
C,27,Intraday_Return_Z60,0.003982713009463623,0.0028516394723652034,0.00020955418040102813,4,1.0
C,20,Intraday_Return_Z60,0.003982043563155457,0.002904716774841333,2.813597529893741e-05,4,1.0
C,9,Intraday_Return_Z60,0.003982014284702018,0.002991965501288067,3.578561154427007e-05,4,1.0
C,11,Intraday_Return_Z60,0.003963627590565011,0.002942054815929786,2.3215705368784256e-05,4,1.0
C,8,Intraday_Return_Z60,0.003955607011448592,0.003011380585487214,-0.00028053228659530305,4,1.0
C,19,Intraday_Return_Z60,0.00395342570845969,0.0030341526848170104,0.00028839838023486664,4,1.0
C,22,Intraday_Return_Z60,0.003953109437134117,0.003027168249577728,0.0004663855579565279,4,1.0
C,2,Intraday_Return_Z60,0.003950750600779429,0.003218320408177329,0.00017670185479801148,4,1.0
C,3,Intraday_Return_Z60,0.003923822310753167,0.0031386679991101487,-0.000463364763163554,4,1.0
C,18,Intraday_Return_Z60,0.00391805445542559,0.002947368472755225,0.0005063972384959925,4,1.0
C,4,Intraday_Return_Z60,0.003884595265844837,0.0030724053303437843,-0.0002471635743859224,4,1.0
C,30,Price_to_SMA20_Z60,0.0038726987841073424,0.004043862279601473,-0.0008664443150792067,4,1.0
C,23,Intraday_Return_Z60,0.00386265228735283,0.003038115678901933,-0.00010737095453805523,4,1.0
C,30,Relative_Volume_20D_Z60,0.003862284036586061,0.00409612145997005,0.0015196917520370334,4,1.0
C,17,Intraday_Return_Z60,0.0038551430916413665,0.002956834665400858,7.623726560268551e-05,4,1.0
C,1,Intraday_Return_Z60,0.0038416311726905406,0.002659277763533461,-0.00018845424165192526,4,1.0
C,30,Intraday_Return_Z60,0.0038305814377963543,0.002823514914258932,0.00014312331285282198,4,1.0
C,29,Intraday_Return_Z60,0.0038228151679504663,0.002733915476448394,-0.000201688028028002,4,1.0
C,7,Intraday_Return_Z60,0.003796679578954354,0.002815685394820098,0.00016638271630142754,4,1.0
C,5,Intraday_Return_Z60,0.003782846179092303,0.0027126502171107517,-0.000315687759211869,4,1.0
C,13,Price_to_SMA20_Z60,0.0037703252528444864,0.004215547363584861,0.00017308830842921452,4,1.0
C,14,Price_to_SMA20_Z60,0.0037659677109331824,0.004290639872785296,2.575153121142648e-05,4,1.0
C,19,Price_to_SMA20_Z60,0.003741860462469049,0.004003985310260126,-0.00016284291450574528,4,1.0
C,27,Price_to_SMA20_Z60,0.003735745784069877,0.0038636374884223686,-0.0005827824188600061,4,1.0
C,17,Price_to_SMA20_Z60,0.003714253405632917,0.0042152101446395595,-4.88839596073376e-05,4,1.0
C,16,Price_to_SMA20_Z60,0.0036843630296061747,0.004114238760446126,-7.708183693466708e-05,4,1.0
C,15,Price_to_SMA20_Z60,0.0036789658915949985,0.004093534308151827,-0.00012250956388015766,4,1.0
C,2,RSI_14_Scaled,0.003664703166577965,0.0031139722826030217,0.0011441603055573069,4,1.0
C,18,Price_to_SMA20_Z60,0.003653222360298969,0.003973373034157338,-0.00011353914578648983,4,1.0
C,20,Price_to_SMA20_Z60,0.0036453839857131243,0.0038761511567723455,-0.00020282382183722802,4,1.0
C,12,Price_to_SMA20_Z60,0.003618312533944845,0.00395934426439786,0.00014450576054514386,4,1.0
C,25,Price_to_SMA20_Z60,0.003613818495068699,0.003745462338107454,-0.0003496741446724627,4,1.0
C,22,Price_to_SMA20_Z60,0.0036022404819959775,0.0037051459953992842,-0.000359256728188484,4,1.0
C,21,Price_to_SMA20_Z60,0.0036007176531711593,0.0037271158530759138,-0.0001951635712771349,4,1.0
C,6,Intraday_Return_Z60,0.0035925417323596776,0.0024539841979266935,-0.0004297948398743756,4,1.0
C,2,Price_to_SMA20_Z60,0.003588768966437783,0.00395471653346192,3.5939101508120075e-06,4,1.0
C,26,Intraday_Return_Z60,0.0035856541944667697,0.002347330566206083,0.000221355248868349,4,1.0
C,26,Price_to_SMA20_Z60,0.0035855394598911516,0.003676197309511102,-0.0004887542909273179,4,1.0
C,25,Intraday_Return_Z60,0.0035742285836022347,0.002564586552625441,0.00012614348088391125,4,1.0
C,3,RSI_14_Scaled,0.0035728074435610324,0.002934694704040911,0.0011156124601257034,4,1.0
C,29,Price_to_SMA20_Z60,0.0035710037263925187,0.0037125863354730464,-0.0007110446858860087,4,1.0
C,14,RSI_14_Scaled,0.003566410712664947,0.0029536952987901633,0.0013240221960586496,4,1.0
C,5,RSI_14_Scaled,0.0035619249392766505,0.0028201998966219436,0.0011471942198113538,4,1.0
C,18,RSI_14_Scaled,0.003558597672963515,0.0026138896925535318,0.0015339013916673139,4,1.0
C,1,RSI_14_Scaled,0.0035581566917244345,0.0030294564224027723,0.000983781115792226,4,1.0
C,13,RSI_14_Scaled,0.0035568757448345423,0.002892103843526116,0.0011996357425232418,4,1.0
C,28,Price_to_SMA20_Z60,0.0035566672377171926,0.003677870134200644,-0.0007909501837275457,4,1.0
C,19,RSI_14_Scaled,0.003552331792889163,0.002601594872206554,0.0015213894248518045,4,1.0
C,6,RSI_14_Scaled,0.0035508829751051962,0.0025892813244141845,0.0011149804631713778,4,1.0
C,1,Price_to_SMA20_Z60,0.0035458785641822033,0.0038713736205534064,-3.879680843965616e-05,4,1.0
C,23,Price_to_SMA20_Z60,0.003536973978043534,0.0036740161476308294,-0.00047669708328612614,4,1.0
C,15,RSI_14_Scaled,0.0035336410510353744,0.0027956673198895224,0.0014089608775975648,4,1.0
C,24,Price_to_SMA20_Z60,0.003527273038343992,0.003698363429567298,-0.0002645661443239078,4,1.0
C,27,RSI_14_Scaled,0.003522799495840445,0.0024803444570063848,0.0017025920269588823,4,1.0
C,11,RSI_14_Scaled,0.003519475372740999,0.0026223953000965895,0.0011065268408856355,4,1.0
C,12,RSI_14_Scaled,0.0035174308868590742,0.002614026325864721,0.0011440870075603016,4,1.0
C,3,Price_to_SMA20_Z60,0.00351349883567309,0.0038941892214178746,0.00012210460408823565,4,1.0
C,17,RSI_14_Scaled,0.0035070549929514527,0.0026343421885302457,0.0013878380159439985,4,1.0
C,16,RSI_14_Scaled,0.003505725908325985,0.002716411606215415,0.0014037867149454542,4,1.0
C,7,RSI_14_Scaled,0.003504438791424036,0.002465093439091021,0.001138720428571105,4,1.0
C,11,Price_to_SMA20_Z60,0.0035023254677071236,0.0038271850508626395,0.000267318914666248,4,1.0
C,8,RSI_14_Scaled,0.003484106477117166,0.0024055619744390577,0.0011110881750937551,4,1.0
C,9,RSI_14_Scaled,0.0034631055605132133,0.002475318802695702,0.0011407410020183306,4,1.0
C,5,Price_to_SMA20_Z60,0.0034579254352138378,0.0036529490417120843,0.0005045194302510936,4,1.0
C,21,RSI_14_Scaled,0.0034520924964454025,0.002463181285403755,0.0013937841922597727,4,1.0
C,4,RSI_14_Scaled,0.003439281601458788,0.0026875304569288516,0.0011016949065378867,4,1.0
C,6,Price_to_SMA20_Z60,0.0034373891685390845,0.0035381897007705394,0.0005083248834125698,4,1.0
C,23,RSI_14_Scaled,0.003426276729442179,0.0025038279855539663,0.0016060913408182387,4,1.0
C,22,RSI_14_Scaled,0.003423636546358466,0.0024657777727595327,0.0015399320491269464,4,1.0
C,10,RSI_14_Scaled,0.003415405604755506,0.0023639365501356554,0.0011916287658095825,4,1.0
C,4,Price_to_SMA20_Z60,0.0034113146029994823,0.0036790648650620503,0.00043366942190914415,4,1.0
C,20,RSI_14_Scaled,0.0034048356756102294,0.0023884845008407866,0.0014107245734749085,4,1.0
C,26,RSI_14_Scaled,0.003386428259545937,0.0023432716863746633,0.0016489981662743958,4,1.0
C,28,RSI_14_Scaled,0.003343173040775582,0.0023421257765134404,0.0016761032893555239,4,1.0
C,25,RSI_14_Scaled,0.003337732661748305,0.002370676478895406,0.0015240641500895435,4,1.0
C,10,Price_to_SMA20_Z60,0.003305370111775119,0.0034687305887454644,0.00037305194564396515,4,1.0
C,9,Price_to_SMA20_Z60,0.0032981810509227216,0.0034122945169533245,0.0005217382640694268,4,1.0
C,30,RSI_14_Scaled,0.003282707999460399,0.002316310190229164,0.0014720783074153587,4,1.0
C,24,RSI_14_Scaled,0.0032470727746840566,0.0022231737977898435,0.00147054297667637,4,1.0
C,8,Price_to_SMA20_Z60,0.0032253637837129645,0.003326068839150127,0.0005404350449680351,4,1.0
C,29,RSI_14_Scaled,0.0032048682624008507,0.002272014954209018,0.0014523100476253603,4,1.0
C,7,Price_to_SMA20_Z60,0.0031833842513151467,0.0032155971614612373,0.0005507867754204199,4,1.0
C,23,Relative_Volume_20D_Z60,0.0027053975936723873,0.0035497368228313247,0.0004465189895199728,4,1.0
C,13,Relative_Volume_20D_Z60,0.00266948965145275,0.0033806827439777968,0.000396776114939712,4,1.0
C,30,QQQ_Log_Return_1D,0.0026487152063054964,0.0014537328248920556,-7.79959955252707e-05,4,1.0
C,28,Relative_Volume_20D_Z60,0.0026100322284037247,0.0033934912420789595,0.000506884440255817,4,1.0
C,13,Daily_Range_Z60,0.002518785302527249,0.000806134204621054,-7.504114910261706e-05,4,1.0
C,12,QQQ_Log_Return_1D,0.0024750812153797597,0.0012555644656308351,-0.00013529639409171068,4,1.0
C,30,Log_Return_5D_Z60,0.0024656625755596906,0.0019125981407787714,7.727636329946108e-05,4,1.0
C,16,Relative_Volume_20D_Z60,0.002458018425386399,0.0030296331400717093,0.0002295576941833133,4,1.0
C,29,QQQ_Log_Return_1D,0.002453114022500813,0.0013242148605697873,7.535207987530157e-05,4,1.0
C,2,Relative_Volume_20D_Z60,0.0024446284223813564,0.0029378449466095405,0.00031705267838333384,4,1.0
C,3,QQQ_Log_Return_1D,0.0024431926722172648,0.001350774891961366,2.59982880379539e-06,4,1.0
C,5,Relative_Volume_20D_Z60,0.002440640644636005,0.002890906674757905,0.00033425547826482216,4,1.0
C,9,Relative_Volume_20D_Z60,0.002416154311504215,0.0028654513932377165,0.0002041419102170039,4,1.0
C,26,QQQ_Log_Return_1D,0.0024131346435751766,0.0012852945790964633,0.00011742048445739783,4,1.0
C,16,QQQ_Log_Return_1D,0.0024068976345006377,0.001081837444399922,-4.9638723339739954e-05,4,1.0
C,21,QQQ_Log_Return_1D,0.0024031979555729777,0.0011403622689226674,0.00019336166860739468,4,1.0
C,12,Relative_Volume_20D_Z60,0.0023916926002129912,0.0029409096401405974,0.00013615688567369943,4,1.0
C,24,QQQ_Log_Return_1D,0.002388644643360749,0.0011200974286849406,7.326077684410848e-05,4,1.0
C,15,Daily_Range_Z60,0.0023846883850637823,0.000887003421079799,3.0477342079393566e-05,4,1.0
C,22,QQQ_Log_Return_1D,0.0023806422541383654,0.0011101280266251606,-0.0002524489564166288,4,1.0
C,12,Daily_Range_Z60,0.002379540615947917,0.0009177530189993473,4.536831468726632e-05,4,1.0
C,27,Daily_Range_Z60,0.0023773672874085605,0.0007575837350466334,4.219582478981465e-07,4,1.0
C,16,Daily_Range_Z60,0.002373318624449894,0.0007959954861489951,0.00018028552585747093,4,1.0
C,6,Log_Return_5D_Z60,0.002371400929405354,0.0018429159122782099,-9.436694881514995e-06,4,1.0
C,15,QQQ_Log_Return_1D,0.0023653708049096167,0.001150228218627769,6.276093154156115e-05,4,1.0
C,7,Relative_Volume_20D_Z60,0.0023587742616655305,0.0028015874169468363,-3.174719859089237e-05,4,1.0
C,13,QQQ_Log_Return_1D,0.0023529629106633365,0.0011783137083593363,8.34136862977175e-05,4,1.0
C,20,QQQ_Log_Return_1D,0.0023424455139320344,0.0010811794985393914,0.00021188733444432728,4,1.0
C,5,QQQ_Log_Return_1D,0.0023378909681923687,0.0013223678432813689,6.771215339540504e-05,4,1.0
C,8,Relative_Volume_20D_Z60,0.002337001365958713,0.002776557340492941,-2.8187870611873223e-05,4,1.0
C,28,QQQ_Log_Return_1D,0.0023292594705708325,0.0010670259380732379,0.00013779619257547893,4,1.0
C,25,QQQ_Log_Return_1D,0.0023284939234144986,0.001119017793288301,0.00015409318439196795,4,1.0
C,10,QQQ_Log_Return_1D,0.0023194353270810097,0.0010565894166881516,0.00013562491949414834,4,1.0
C,1,QQQ_Log_Return_1D,0.002313201010110788,0.0013503733812304621,6.864606439194176e-05,4,1.0
C,19,Log_Return_5D_Z60,0.002307412010850385,0.0016228439350109074,0.00012838256952818483,4,1.0
C,18,Daily_Range_Z60,0.002305387839442119,0.0005378819690282775,3.9237059354491066e-05,4,1.0
C,17,Daily_Range_Z60,0.0022974925523158163,0.0006204388955238276,4.304626054363325e-05,4,1.0
C,27,QQQ_Log_Return_1D,0.0022886748774908483,0.0011729814521155607,2.9735301723121665e-05,4,1.0
C,2,QQQ_Log_Return_1D,0.0022870947141200304,0.001160474951709716,-3.5678917811310384e-05,4,1.0
C,5,Daily_Range_Z60,0.0022844255436211824,0.0007748501521378522,0.00014401276712305844,4,1.0
C,1,Relative_Volume_20D_Z60,0.00228353455895558,0.0025810204111435526,0.00021285507045831764,4,1.0
C,13,Log_Return_5D_Z60,0.0022816790733486414,0.001402399528894854,0.0003749929014702502,4,1.0
C,1,Log_Return_5D_Z60,0.0022798131976742297,0.001855811967387408,0.00031942713940225076,4,1.0
C,27,Relative_Volume_20D_Z60,0.0022790107177570462,0.0028369626188802922,3.356728848302737e-05,4,1.0
C,7,Log_Return_5D_Z60,0.002278673433465883,0.0018030659927590986,3.799380465352442e-06,4,1.0
C,6,Relative_Volume_20D_Z60,0.0022786205081501976,0.0025326582260235876,-5.532081911496789e-05,4,1.0
C,9,QQQ_Log_Return_1D,0.002278433967148885,0.0011219073366311992,0.0002530048109292693,4,1.0
C,27,Log_Return_5D_Z60,0.002277626481372863,0.001652019793879783,5.742738221670152e-05,4,1.0
C,3,Daily_Range_Z60,0.002277174382470548,0.0006772921895483142,0.0002244251299998723,4,1.0
C,3,Relative_Volume_20D_Z60,0.002270751414471306,0.0023544343048213356,9.577292803442106e-05,4,1.0
C,29,Log_Return_5D_Z60,0.002266257637529634,0.0017185828717134978,0.00010537638945606886,4,1.0
C,30,Daily_Range_Z60,0.0022656519431620836,0.0008906932602067422,0.00021783959346066695,4,1.0
C,14,QQQ_Log_Return_1D,0.002264560738694854,0.0011540870377067059,-0.0001833948999774293,4,1.0
C,6,QQQ_Log_Return_1D,0.0022644208802375942,0.0012595513836055902,-0.00028220437343406957,4,1.0
C,8,QQQ_Log_Return_1D,0.002263527538161725,0.0011589124733695452,0.00019237649939896073,4,1.0
C,7,Daily_Range_Z60,0.0022618899529334158,0.0007869619791096017,-0.00022761386935599148,4,1.0
C,20,Log_Return_5D_Z60,0.002258116117445752,0.0016017588784938033,0.00021287348863552324,4,1.0
C,22,Relative_Volume_20D_Z60,0.0022565838298760355,0.002566195591563801,2.6007939482042275e-05,4,1.0
C,11,Relative_Volume_20D_Z60,0.002254204242490232,0.002862885420790173,0.00020469870014494518,4,1.0
C,24,Relative_Volume_20D_Z60,0.002249404089525342,0.0027847075220307476,-0.0001294028675147274,4,1.0
C,12,Log_Return_5D_Z60,0.0022491796844406053,0.0015121798682187308,0.0003451039519859478,4,1.0
C,2,Log_Return_5D_Z60,0.00224695322685875,0.0018069827210985031,0.000256499679380795,4,1.0
C,17,QQQ_Log_Return_1D,0.0022444076603278518,0.0010714191269940473,-5.175790283828974e-05,4,1.0
C,11,QQQ_Log_Return_1D,0.002242574148112908,0.0011590763125608704,0.0003480094947008183,4,1.0
C,5,Log_Return_5D_Z60,0.0022412943362724036,0.001618799383250601,-3.775136065087281e-06,4,1.0
C,17,Relative_Volume_20D_Z60,0.0022405997733585536,0.002540853287841151,-0.0001590604912848903,4,1.0
C,14,Log_Return_5D_Z60,0.0022398366272682324,0.0015004446788573008,0.00017505645951132465,4,1.0
C,20,Daily_Range_Z60,0.0022360193834174424,0.0007145358405938183,-5.3228301112540066e-05,4,1.0
C,9,Daily_Range_Z60,0.00223509588977322,0.0007127323869110389,0.00019446360965957865,4,1.0
C,25,Log_Return_5D_Z60,0.0022299248666968197,0.0015153342025360616,6.248095178307267e-05,4,1.0
C,4,Log_Return_5D_Z60,0.0022267252643359825,0.0017144559187195422,0.00014925008633781545,4,1.0
C,28,Log_Return_5D_Z60,0.0022237004741327837,0.0016674265841521453,5.828704638588533e-05,4,1.0
C,3,Log_Return_5D_Z60,0.0022234622592804953,0.0017370935506762573,0.00017746233606885653,4,1.0
C,18,Log_Return_5D_Z60,0.002221287155407481,0.0015056537377825855,-5.36162406206131e-05,4,1.0
C,10,Relative_Volume_20D_Z60,0.002216089647845365,0.002607637556160464,3.721125904121436e-05,4,1.0
C,19,QQQ_Log_Return_1D,0.0022150163567857817,0.0010746011021401404,0.00044385396540747024,4,1.0
C,24,Log_Return_5D_Z60,0.0022107041586423293,0.0014326032565380275,0.00018950232515635435,4,1.0
C,8,Log_Return_5D_Z60,0.0022083386429585516,0.00171538896619326,7.305127292056568e-05,4,1.0
C,7,QQQ_Log_Return_1D,0.0022083023650338873,0.0012260381843600537,-7.770379033900099e-05,4,1.0
C,28,Daily_Range_Z60,0.002207075391197577,0.000742802190400383,-0.0001804782136787253,4,1.0
C,21,Log_Return_5D_Z60,0.0022046868107281625,0.0015132434660202402,0.0002732195825956296,4,1.0
C,4,QQQ_Log_Return_1D,0.0022030473628547043,0.0010048776240174015,0.0001758525086188456,4,1.0
C,9,Log_Return_5D_Z60,0.0021978943259455264,0.0017219888871355964,0.00021507998189917998,4,1.0
C,23,Log_Return_5D_Z60,0.0021947287168586627,0.001465490207090797,0.00022822949722467456,4,1.0
C,21,Relative_Volume_20D_Z60,0.002180665760533884,0.0023717306189091998,-1.4857565474812873e-05,4,1.0
C,10,Log_Return_5D_Z60,0.0021799870883114636,0.001593943476791531,0.00023983706432773033,4,1.0
C,24,Daily_Range_Z60,0.0021792867919430137,0.0005912363069553959,-9.378764661960304e-05,4,1.0
C,23,Daily_Range_Z60,0.0021790969476569444,0.000651740332829707,0.00010657202255970333,4,1.0
C,17,Log_Return_5D_Z60,0.0021778664959128946,0.0013838519405845798,0.00012403981600073166,4,1.0
C,15,Log_Return_5D_Z60,0.002176622598199174,0.0014578853888454113,0.00019591109594330192,4,1.0
C,22,Log_Return_5D_Z60,0.0021765108249383047,0.0014817712850303496,8.910522171845514e-05,4,1.0
C,8,Daily_Range_Z60,0.002173937391489744,0.0005698859850670913,-0.00012776684161508456,4,1.0
C,1,Daily_Range_Z60,0.0021736569178756326,0.0007274386446557763,0.0001543412327009719,4,1.0
C,25,Daily_Range_Z60,0.0021629611728712916,0.0005420504850218218,0.00011553686704246502,4,1.0
C,26,Log_Return_5D_Z60,0.0021566123177763075,0.001510695403203055,-4.158900821948919e-06,4,1.0
C,14,Daily_Range_Z60,0.002155696536647156,0.0007010502411346753,-5.1502396672731265e-05,4,1.0
C,21,Daily_Range_Z60,0.0021520945883821696,0.0006711291741316434,-0.00010649699925124878,4,1.0
C,20,Relative_Volume_20D_Z60,0.002151611159206368,0.00247765205888027,-0.0002402173213340575,4,1.0
C,4,Daily_Range_Z60,0.0021504333708435297,0.0007464738645357571,1.3883931387681514e-05,4,1.0
C,14,Relative_Volume_20D_Z60,0.0021484502067323774,0.0026946490791382475,-7.899066622485407e-05,4,1.0
C,26,Daily_Range_Z60,0.0021484325698111206,0.0007799355716698092,0.00024966171076812316,4,1.0
C,6,Daily_Range_Z60,0.002147199440514669,0.0007134800764753623,6.25010288786143e-05,4,1.0
C,10,Daily_Range_Z60,0.0021415335359051824,0.00069176742117506,-7.203670611488633e-05,4,1.0
C,16,Log_Return_5D_Z60,0.002140866781701334,0.0013887560780174541,9.059654257725924e-05,4,1.0
C,11,Log_Return_5D_Z60,0.0021330822783056647,0.0014834969611418022,0.0002976278974529123,4,1.0
C,23,QQQ_Log_Return_1D,0.002130757609847933,0.0009988681582830947,1.4677569197374396e-05,4,1.0
C,22,Daily_Range_Z60,0.0021140722383279353,0.0007183007214686667,6.358417249430204e-05,4,1.0
C,15,Relative_Volume_20D_Z60,0.002103658640407957,0.002352813974918396,-0.00028173393320685136,4,1.0
C,29,Daily_Range_Z60,0.0020960335968993604,0.00046155967212346,3.9872217712400015e-05,4,1.0
C,7,QQQ_Log_Return_5D,0.002092689595883712,0.0021329768682931175,0.0004103974021631984,4,1.0
C,8,QQQ_Log_Return_5D,0.002087449232931249,0.0020734729731334417,0.0003467883320809051,4,1.0
C,18,QQQ_Log_Return_1D,0.002074723714031279,0.000947454873063111,0.00010604517592582852,4,1.0
C,18,Relative_Volume_20D_Z60,0.002065748121822253,0.0023113872667051825,-0.00019801426878984785,4,1.0
C,11,Daily_Range_Z60,0.002064961736323312,0.0005925567511980939,-0.00017020975519699277,4,1.0
C,4,Relative_Volume_20D_Z60,0.0020602770964615047,0.002191560068012442,-1.3422582924249582e-05,4,1.0
C,2,Daily_Range_Z60,0.002055743563687429,0.0004593891293394646,-7.48174061300233e-05,4,1.0
C,6,QQQ_Log_Return_5D,0.0020486334251472726,0.00218116692516982,0.0004306184982851846,4,1.0
C,19,Daily_Range_Z60,0.002040753810433671,0.0006286762419699915,-6.93269757903181e-05,4,1.0
C,19,Relative_Volume_20D_Z60,0.0020226528722560033,0.0023533697060161628,-0.0003511183977025212,4,1.0
C,28,QQQ_Volatility_14D,0.0020183590095257387,0.002220396597937219,-0.0002797653141897172,4,1.0
C,26,QQQ_Log_Return_5D,0.0020180484862066805,0.001846412249057318,0.0005353089181880932,4,1.0
C,27,QQQ_Volatility_14D,0.0020121089182794094,0.0021897115556209963,-0.00032126306905411184,4,1.0
C,25,Relative_Volume_20D_Z60,0.002010689800954424,0.0024595086792117992,-0.000322045452776365,4,1.0
C,26,QQQ_Volatility_14D,0.002008146737352945,0.0021683081215316453,-0.0002830219818861224,4,1.0
C,25,QQQ_Volatility_14D,0.0020031376188853756,0.002166258011990804,-0.00025981751969084144,4,1.0
C,5,QQQ_Volatility_14D,0.002001588902203366,0.0020277010333741297,-0.0007633123168488964,4,1.0
C,26,Relative_Volume_20D_Z60,0.0020007095154142007,0.002167488256548739,-0.0003875819065797259,4,1.0
C,29,QQQ_Volatility_14D,0.001997822502744384,0.0021642235601320235,-0.0003197674886905588,4,1.0
C,6,QQQ_Volatility_14D,0.0019967737462138757,0.0020024207920841595,-0.0007431275735143572,4,1.0
C,4,QQQ_Log_Return_5D,0.0019940316706197336,0.002029227936938482,0.00014062194213693147,4,1.0
C,9,QQQ_Log_Return_5D,0.001993721947656013,0.001964766327669792,0.00039819308040023316,4,1.0
C,8,QQQ_Volatility_14D,0.0019931338902097195,0.0020084002585655557,-0.0006999901379458606,4,1.0
C,2,QQQ_Volatility_14D,0.001988944466575049,0.0020473965570352937,-0.0008380681974813342,4,1.0
C,5,QQQ_Log_Return_5D,0.0019888333918061107,0.001986793782322573,0.00030164349468009277,4,1.0
C,7,QQQ_Volatility_14D,0.001984646383789368,0.0019991450295204637,-0.0007468118710676208,4,1.0
C,4,QQQ_Volatility_14D,0.0019844321213895455,0.002024706603383488,-0.0007707321492489427,4,1.0
C,10,QQQ_Log_Return_5D,0.0019783946772804484,0.001883543816337474,0.00032712055508454796,4,1.0
C,1,QQQ_Volatility_14D,0.0019780536968028173,0.00202160083573875,-0.000852995362947695,4,1.0
C,3,QQQ_Volatility_14D,0.0019768871716223657,0.002017754220944627,-0.0008263980562333018,4,1.0
C,2,QQQ_Log_Return_5D,0.0019665428844746202,0.002011906052430152,7.503856977564283e-06,4,1.0
C,9,QQQ_Volatility_14D,0.0019637015648186207,0.00197556217394987,-0.0006566074589500204,4,1.0
C,3,QQQ_Log_Return_5D,0.0019630470051197335,0.002032868882402594,9.161116940958891e-05,4,1.0
C,25,QQQ_Log_Return_5D,0.001956195555976592,0.0017256311325306347,0.00046341201777977403,4,1.0
C,30,QQQ_Volatility_14D,0.0019510044367052615,0.002102052655364972,-0.00037246380088618025,4,1.0
C,24,QQQ_Volatility_14D,0.0019506639800965786,0.002071861981278684,-0.00026734730636235327,4,1.0
C,1,QQQ_Log_Return_5D,0.0019426078797550872,0.001871483422509469,-1.978305954253301e-05,4,1.0
C,30,QQQ_Log_Return_5D,0.0019404512422624975,0.001929495164274532,0.00032023954372562,4,1.0
C,19,QQQ_Log_Return_5D,0.0019385773775866255,0.0016252995931103043,0.0007081585063133389,4,1.0
C,16,QQQ_Log_Return_5D,0.0019363014725968242,0.0018434115213485827,0.0006374937111104373,4,1.0
C,11,QQQ_Log_Return_5D,0.0019325406610732898,0.001733980106887726,9.655276824105385e-05,4,1.0
C,27,QQQ_Log_Return_5D,0.00192477906239219,0.0016525956014804561,0.00045935031812405214,4,1.0
C,20,QQQ_Log_Return_5D,0.0019239727116655558,0.001602950680665653,0.0005360974282666575,4,1.0
C,10,QQQ_Volatility_14D,0.001919184098369442,0.0019015751830271533,-0.0006198564078658819,4,1.0
C,28,QQQ_Log_Return_5D,0.0019165074190823361,0.0015964209499617413,0.00038842015055706725,4,1.0
C,24,QQQ_Log_Return_5D,0.0019146429258398712,0.0016730969270313497,0.0003102493683400098,4,1.0
C,12,QQQ_Volatility_14D,0.0019105913524981588,0.001925165857651258,-0.0005481026455527171,4,1.0
C,23,QQQ_Log_Return_5D,0.001902903211885132,0.001617676725112402,0.00032999119594023796,4,1.0
C,17,QQQ_Log_Return_5D,0.0019028573733521625,0.0016985341030020247,0.0007204444082162809,4,1.0
C,13,QQQ_Volatility_14D,0.0018925857439171523,0.0019466971916645098,-0.000497199667734094,4,1.0
C,17,QQQ_Volatility_14D,0.00189185279305093,0.0019456598934969194,-0.0003517348814057186,4,1.0
C,15,QQQ_Log_Return_5D,0.0018911109655164182,0.0016913610574584724,0.00046081330111746865,4,1.0
C,18,QQQ_Log_Return_5D,0.001889947961899452,0.0016909191376807491,0.0008207791870518122,4,1.0
C,29,Relative_Volume_20D_Z60,0.0018886308243963867,0.0021203689139185143,-0.00017720940377330408,4,1.0
C,14,QQQ_Log_Return_5D,0.0018792235350701958,0.0015786595153711254,0.0003389738176338142,4,1.0
C,11,QQQ_Volatility_14D,0.0018777434015646577,0.001822559743240952,-0.0006231600273167714,4,1.0
C,16,QQQ_Volatility_14D,0.0018739553052000701,0.0019181100154780915,-0.00040809168422129005,4,1.0
C,21,QQQ_Volatility_14D,0.0018684898968786001,0.0019140220146042202,-0.00030886878084857017,4,1.0
C,22,QQQ_Volatility_14D,0.0018611203995533288,0.0019222829181788981,-0.0002740428608376533,4,1.0
C,18,QQQ_Volatility_14D,0.0018586923106340691,0.0018812123730423645,-0.0003899960429407656,4,1.0
C,20,QQQ_Volatility_14D,0.001858579766121693,0.0018911420982201492,-0.0003352276544319466,4,1.0
C,23,QQQ_Volatility_14D,0.0018577066221041605,0.0018949728976343002,-0.00030475688981823623,4,1.0
C,29,QQQ_Log_Return_5D,0.0018574553832877427,0.001697672504939534,0.0003285155471530743,4,1.0
C,15,QQQ_Volatility_14D,0.0018412960635032505,0.001837546858416993,-0.0004836472071474418,4,1.0
C,14,QQQ_Volatility_14D,0.0018382850976195186,0.00183645851856031,-0.0005307490355335176,4,1.0
C,22,QQQ_Log_Return_5D,0.0018314262997591868,0.001426381632107692,0.00036842070949205663,4,1.0
C,12,QQQ_Log_Return_5D,0.0018147973023587838,0.0014509701998761167,0.00019920192107747425,4,1.0
C,13,QQQ_Log_Return_5D,0.0018128117371816188,0.0013821789886232327,0.0002488820309736184,4,1.0
C,19,QQQ_Volatility_14D,0.0018059905560221523,0.0017901986772768826,-0.0004068111447850242,4,1.0
C,21,QQQ_Log_Return_5D,0.0017917617806233466,0.0013963068739360643,0.00045745230090687983,4,1.0
C,24,Volatility_14D_Z60,0.001475220953579992,0.00043892657335169367,0.0003338743445056025,4,1.0
C,22,Volatility_14D_Z60,0.0014435043558478355,0.00036711947232376393,0.0003441119406488724,4,1.0
C,23,Volatility_14D_Z60,0.0014413009048439562,0.0004175705530784104,0.0003556434458005242,4,1.0
C,28,Volatility_14D_Z60,0.0014377209008671343,0.0004007839726063176,0.0001705889735603705,4,1.0
C,18,Volatility_14D_Z60,0.0014288224920164794,0.00037120145675507055,0.0003713173427968286,4,1.0
C,21,Volatility_14D_Z60,0.0014244347985368222,0.0003948847336528414,0.0003664708801807137,4,1.0
C,27,Volatility_14D_Z60,0.0014163889863993973,0.0003426563031612707,0.00021124736667843536,4,1.0
C,29,Volatility_14D_Z60,0.0014160171267576516,0.0003298090124450859,0.00014973153884056956,4,1.0
C,17,Volatility_14D_Z60,0.0014146187459118664,0.00044186711833994665,0.0003884633642883273,4,1.0
C,25,Volatility_14D_Z60,0.0014071881014388055,0.00035210582564476736,0.00026942833392240573,4,1.0
C,30,Volatility_14D_Z60,0.0014055173669476062,0.0003512063483772496,0.00016890931146917865,4,1.0
C,26,Volatility_14D_Z60,0.0014052904152777046,0.0003434694810184585,0.0002501615963410586,4,1.0
C,13,Volatility_14D_Z60,0.0014036220964044333,0.0005250764999048343,0.0004150366839894559,4,1.0
C,16,Volatility_14D_Z60,0.001396149760694243,0.0005270066242493485,0.00041389503110167425,4,1.0
C,19,Volatility_14D_Z60,0.0013884352520108223,0.000344906309855308,0.00036490287652668485,4,1.0
C,20,Volatility_14D_Z60,0.0013880535552743822,0.00035408253402026397,0.0003225170494260965,4,1.0
C,12,Volatility_14D_Z60,0.0013796862622257322,0.00048621035864810416,0.0003504007781884866,4,1.0
C,15,Volatility_14D_Z60,0.0013517150800907984,0.00046647642106710996,0.00037112535392225254,4,1.0
C,14,Volatility_14D_Z60,0.001350640959572047,0.00046636953639711656,0.00038739062438253313,4,1.0
C,7,Volatility_14D_Z60,0.0013427241065073758,0.00028977883070775186,0.00024838626268319786,4,1.0
C,2,Volatility_14D_Z60,0.0013408249069470912,0.0003346697923751636,0.00015721812815172598,4,1.0
C,9,Volatility_14D_Z60,0.0013361009769141674,0.00040984931171412917,0.0002978270840685582,4,1.0
C,6,Volatility_14D_Z60,0.001332253887085244,0.0002894156575508169,0.00023827537734177895,4,1.0
C,8,Volatility_14D_Z60,0.0013315860705915838,0.0003165122120462988,0.0002485578806954436,4,1.0
C,1,Volatility_14D_Z60,0.001323274162132293,0.0003250329687866766,0.000112778627226362,4,1.0
C,11,Volatility_14D_Z60,0.0013176544744055718,0.0003351579317158792,0.0003212802876078058,4,1.0
C,10,Volatility_14D_Z60,0.0013135752669768408,0.0003659744551090375,0.0003338056121720001,4,1.0
C,5,Volatility_14D_Z60,0.0013045429659541696,0.00033184963904071596,0.0002447965853207279,4,1.0
C,4,Volatility_14D_Z60,0.00129327381728217,0.0003593288646321594,0.00023449652144336142,4,1.0
C,3,Volatility_14D_Z60,0.0012914708931930363,0.00034301700408905693,0.0002045367036771495,4,1.0
C,30,Log_Return_1D_Z60,0.0011251284449826926,0.00041919878957615654,5.60949195005378e-05,4,1.0
C,21,Log_Return_1D_Z60,0.0010821561518241651,0.0005676642445947577,3.8670368638804575e-05,4,1.0
C,15,Log_Return_1D_Z60,0.0010770744192996062,0.0004566731050108709,3.2577164802205516e-05,4,1.0
C,10,Log_Return_1D_Z60,0.001049416656314861,0.0004544397681227463,-3.448299685260281e-05,4,1.0
C,28,Log_Return_1D_Z60,0.0010473574220668525,0.00040784953406744435,-5.021297374696587e-05,4,1.0
C,27,Log_Return_1D_Z60,0.0010461781566846184,0.0004655003567520566,3.320636210446537e-05,4,1.0
C,6,Log_Return_1D_Z60,0.001034578039252665,0.00039886825147383934,0.00023103143576008733,4,1.0
C,1,Log_Return_1D_Z60,0.001033440545143094,0.0003938465875013173,-1.581147898832569e-05,4,1.0
C,26,Log_Return_1D_Z60,0.0010265473538311198,0.0004318533399482332,0.00011552617195320636,4,1.0
C,16,Log_Return_1D_Z60,0.0010250940831610933,0.0003260079772533082,9.222723747370765e-05,4,1.0
C,4,Log_Return_1D_Z60,0.0010116253106389195,0.0003628619166619361,0.0002349452770431526,4,1.0
C,22,Log_Return_1D_Z60,0.0010051691642729566,0.0003940897713621059,0.00010035270247499284,4,1.0
C,11,Log_Return_1D_Z60,0.0009898191565298475,0.0004219012348920014,-0.00017482744374319736,4,1.0
C,8,Log_Return_1D_Z60,0.0009866434338619001,0.00035710243415996556,6.988917903072434e-05,4,1.0
C,9,Log_Return_1D_Z60,0.000983232217549812,0.00039312297303203616,4.390218521166389e-05,4,1.0
C,18,Log_Return_1D_Z60,0.0009819818587857299,0.0004404668760436814,0.0001528786033304641,4,1.0
C,13,Log_Return_1D_Z60,0.000977026968030259,0.00030431266413527314,5.556782889470924e-05,4,1.0
C,12,Log_Return_1D_Z60,0.0009724426345201209,0.00035815489292220966,-1.060140959907585e-05,4,1.0
C,5,Log_Return_1D_Z60,0.0009662639567977749,0.0003522357960939577,2.0479707927734125e-05,4,1.0
C,2,Log_Return_1D_Z60,0.000963028782280162,0.00033125849264155105,0.0001336970317424857,4,1.0
C,24,Log_Return_1D_Z60,0.0009553244599374011,0.00036764768586378414,5.815783697471488e-05,4,1.0
C,17,Log_Return_1D_Z60,0.0009541351319057867,0.0003380306875548608,0.00017376989490003325,4,1.0
C,29,Log_Return_1D_Z60,0.0009539439852233045,0.00036436309579724826,-0.0001420411263097776,4,1.0
C,25,Log_Return_1D_Z60,0.0009536788493278436,0.00046921962087581007,-2.585598031146219e-05,4,1.0
C,23,Log_Return_1D_Z60,0.0009477133062318899,0.0003993937107510444,-1.2334974599070847e-05,4,1.0
C,20,Log_Return_1D_Z60,0.0009422711518709548,0.0003574302430353727,-5.407303933679941e-05,4,1.0
C,19,Log_Return_1D_Z60,0.0009277709323214367,0.00043478626050628765,9.156467058346607e-06,4,1.0
C,7,Log_Return_1D_Z60,0.0009218037230311893,0.0004488914318703218,7.326431750698248e-05,4,1.0
C,3,Log_Return_1D_Z60,0.0009165677038254216,0.0003629309676888088,0.0001150786129073822,4,1.0
C,14,Log_Return_1D_Z60,0.0009143959614448249,0.0003182124385678985,-7.854459136069636e-05,4,1.0
